Subject Code*,Title*,Course Description*,Credit Hours*,Class Notes*,Registration Restrictions*,Degree Plans*,Skills Learned*,,,,,
CSCI-5922*,Fundamentals of Neural  Networks and Deep Learning*,"Covers fundamentals of neural networks and deep learning and their use to address many societal problems. Students will learn to design and implement neural network architectures, train them, and evaluate their performance. Included will be examination of popular architectures such as fully connected, convolutional, recurrent, and transformer-based networks alongside learning strategies such as backpropagation, regularization, and transfer learning. Students will also gain practical, hands-on experience by applying learned skills to analyze visual and textual data. Equivalent - Duplicate Degree Credit Not Granted: CSCI 4922 *",3*,"(FA26) The waitlist for this class is automatically re-sequenced to allow first priority to CS PhD students and second priority to CS masters students. Until open enrollment date, registration is restricted to Computer Science graduate students only. Non-CS students can waitlist before that date. Student may be dropped from course for non-attendance. This class will have its last meeting day on Friday, Dec. 4, 2026.*",Restricted to graduate students only.*,"CSEN-PhD: Bin 2, Elective; CSEN-MS: Bin 2, Elective; CSEN-MSCPS: Bin 2, Elective, AIG Subplan, DSE Subplan, RBT Subplan; NTEN-MSNE: Elective. ; AINT-MSAI: Core*","TensorFlow, Python, Deep Learning Algorithms.*",,,,,
CSCI-5303*,Cybersecurity Club Companion Course*,"DISCONTINUED - this course is no longer offered. Gives students hands-on experience applying practical security skills and adversarial thinking to real-world problems. Students will work in small teams on internal challenges, lab development, open source contributions, and will represent the university in larger teams for external challenges at the national and global level, such as those hosted by Collegiate Cyber Defense Competition (CCDC), Wicked6, DOE CyberForce, etc. Students will be expected to participate in both internal and external challenges, attend meetings, and present short presentations to the group when appropriate. Previously offered as a special topics course. Equivalent - Duplicate Degree Credit Not Granted: CYBR 5303 and CSCI 4303. Repeatable: Repeatable for up to 3.0 total credit hours. ",1*,None available (FA24-FA26)*,Recommended: Prerequisites CSCI 5403 or CSCI 3403.*,Course is discontinued.; AINT-MSAI: Not Applicable*,Not Available*,,,,,
CYBR-5020*,Fundamentals of Network Programming*,This course provides an immersion into the foundation theories of network programming and software development for emerging technologies. Students will gain direct experience with real-world programming lab experiments and demonstrations that will relate to the prolific increase of cross-discipline programming. Equivalent - Duplicate Degree Credit Not Granted: CSCI 5020 *,3*,(FA24) None*,"Restricted to Technology, Cybersecurity and Policy MS Majors and Business Analytics MS Majors.*",CSEN-MS: Not Applicable; CSEN-MSCPS: Not Applicable; CSEN-PhD: Not Applicable; NTEN-MSNE: Fundamentals ; AINT-MSAI: Not Applicable*,"Python; Functions; Loops; Lists; Dictionaries; Data Structures; Object Oriented Programming; OOP; DevOps; CI/CD; Git; GitHub; Network Automation; Modules; Classes; Databases; Subprocess, multithreading, parallel processing; Web servers; Secure programming*",,,,,
CYBR-5010*,Fundamentals of Data Communication*,"Combining conceptual knowledge about data communications and core Internet technologies with hands-on labs that reinforce the conceptual knowledge, this course provides students with the ability to create innovative technology solutions in their discipline. Learning how the Internet works and being able to evaluate and operate an Internet network is a valuable skill; students in this course will have a competitive advantage in this foundational field. Equivalent - Duplicate Degree Credit Not Granted: CSCI 5010 *",3*,(FA24) None*,"Restricted to Technology, Cybersecurity and Policy MS Majors and Business Analytics MS Majors.*",CSEN-MS: Not Applicable; CSEN-MSCPS: Not Applicable; CSEN-PhD: Not Applicable; NTEN-MSNE: Fundamentals ; AINT-MSAI: Not Applicable*,"OSI Network stack; TCP/IP; Internet architecture; Routing; Routing Protocols; Datacenter networking; Switching; STP; Trunking; Spanning Tree; Wireless networking; 802.11; IoT; Data Center; Scalable, efficient, and reliable network systems; NAT; Network Address Translation; Network Security; NMAP; Overlay Network, P2P Network, Content Distribution Network (CDN); TCP Congestion Control; Multimedia Network Protocols; Security Protocols; Understanding Communication Protocols and Data transfer methods for network, client and server technologies; Cisco, Arista or Juniper OS/Technology. Data Modeling Languages (YAML). Scripting*",,,,,
CSCI-5454*,Design and Analysis of Algorithms*,"Techniques for algorithm design, analysis of correctness and efficiency; divide and conquer, dynamic programming, probabilistic methods, advanced data structures, graph algorithms, etc. Lower bounds, NP-completeness, intractability.*",3*,"(FA26) Until open enrollment date, registration is restricted to Computer Science graduate students only. Non-CS students can waitlist before that date. The waitlist for this class is automatically re-sequenced to allow first priority to CS PhD students and second priority to CS masters students. Student may be dropped from course for non-attendance.  This class will have its last meeting day on Friday, Dec. 4, 2026.*",Restricted to graduate students only. Recommended: Prerequisite CSCI 2270 or equivalent.*,"CSEN-PhD: Bin 1, Depth; CSEN-MS: Bin 1, Elective;  CSEN-MSCPS: Bin 1, Elective, ANO Subplan; NTEN-MSNE: Elective ; AINT-MSAI: Elective*","Algorithms: Graph algorithms, dynamic programming, approximation and randomized algorithms, random walks, dimensionality reduction, intro to optimization*",,,,,
CSCI-5576*,High-Performance Scientific Computing*,"Introduces computing systems, software and methods used to solve large-scale problems in science and engineering. Students use high-performance workstations and a supercomputer. Equivalent - Duplicate Degree Credit Not Granted: CSCI 4576 *",4*,"(FA26) LEC & LAB: Before open enrollment the system is not permitting students to waitlist for CSCI courses with labs or recitations that ALSO have a major reserve. Please wait until open enrollment to waitlist for major-reserved courses with labs or recitations. Thank you. Until open enrollment date, registration is restricted to Computer Science graduate students only. Non-CS students can waitlist before that date. The waitlist for this class is automatically re-sequenced to allow first priority to CS PhD students and second priority to CS masters students. Student may be dropped from course for non-attendance. This class will not meet on Friday, Dec 4, 2026.*",Restricted to graduate students only.*,"CSEN-PhD: Bin 1, Depth; CSEN-MS: Bin 1, Elective;  CSEN-MSCPS: Bin 1, Elective, DSE Subplan, NUM Subplan; NTEN-MSNE: Elective ; AINT-MSAI: Elective*","Performance analysis, parallel algorithms, programming models (OpenMP, MPI, CUDA, ...), sparse/dense linear algebra, PDE solvers, fast n-body methods, parallel I/O*",,,,,
CSCI-5446*,Chaotic Dynamics*,"Explores chaotic dynamics theoretically and through computer simulations. Covers the standard computational and analytical tools used in nonlinear dynamics and concludes with an overview of leading-edge chaos research. Topics include time and phase-space dynamics, surfaces of section, bifurcation diagrams, fractal dimension and Lyapunov exponents. Equivalent - Duplicate Degree Credit Not Granted: CSCI 4446 and ECEN 4423 and ECEN 5423 *",3*,"(SP26) Until open enrollment date, registration is restricted to Computer Science graduate students only. Non-CS students can waitlist before that date. The waitlist for this class is automatically re-sequenced to allow first priority to CS PhD students and second priority to CS masters students. Student may be dropped from course for non-attendance.*",Restricted to graduate students only.*,"CSEN-PhD: Bin 1, Depth; CSEN-MS: Bin 1, Elective;  CSEN-MSCPS: Bin 1, Elective, NUM Subplan; NTEN-MSNE: Elective; NOTE - since CSCI 5446 and ECEN 5423 are cross-listed, ECEN 5423 does not count against non-CS course limit. However, ECEN 5423 is limited to ECEN graduate students. ; AINT-MSAI: Elective*","Differential equations, time-series analysis*",,,,,
CSCI-5444*,Theory of Computation*,"Reviews regular expressions and finite automata. Studies Turing machines and equivalent models of computation, the Chomsky hierarchy, context-free grammars, push-down automata, and computability.*",3*,"(FA26) Until open enrollment date, registration is restricted to Computer Science graduate students only. Non-CS students can waitlist before that date. The waitlist for this class is automatically re-sequenced to allow first priority to CS PhD students and second priority to CS masters students. Student may be dropped from course for non-attendance.*",Restricted to graduate students only.*,"CSEN-PhD: Bin 1, Depth; CSEN-MS: Bin 1, Elective;  Depth; CSEN-MSCPS: Bin 1, Elective, ANO Subplan; NTEN-MSNE: Elective ; AINT-MSAI: Elective*","Foundations of automata theory, computability theory, and complexity theory. Undecidability, Intractability, and Complexity classes*",,,,,
CSCI-5434*,Probability for Computer Science*,"This course will introduce computer science students to topics in probability and statistics that will be useful in other computer science courses. Basic concepts in probability will be taught from an algorithmic and computational point of view, with examples drawn from computer science.*",3*,"(SP26) Until open enrollment date, registration is restricted to Computer Science graduate students only. Non-CS students can waitlist before that date. The waitlist for this class is automatically re-sequenced to allow first priority to CS PhD students and second priority to CS masters students. This class will have its last meeting day on Friday, April 24, 2026.*",Restricted to graduate students only. Recommended: Prerequisite courses of APPM 1360 or MATH 2300 and CSCI 2824 or MATH 2001 or ECEN 2703 (all minimum grade B).*,"CSEN-PhD: Bin 1, Depth; CSEN-MS: Bin 1, Elective; CSEN-MSCPS: Bin 1, Elective, AIG Subplan, ANO Subplan, DSE Subplan, RBT Subplan; NTEN-MSNE: Elective ; AINT-MSAI: Depth*","introductory probability theory, in both discrete and continuous domains, for both univariate and multivariate distributions. Mathematical reasoning skills needed to solve problems involving uncertainty. Understanding and mathematical skills (both computational and analytical) in a variety of concepts and techniques that make use of probability and statistics, and are strongly related to many areas of computer science. Exposure to derivations and proofs, and the ability to perform probabilistic analysis of algorithms.*",,,,,
CSCI-5254*,Convex Optimization*,"Discuss basic convex analysis (convex sets, functions and optimization problems), optimization theory (linear, quadratic, semidefinite and geometric programming; optimality conditions and duality theory), some optimization algorithms (descent methods and interior-point methods), basic applications (in signal processing, control, communications, networks, statistics, machine learning, circuit design and mechanical engineering, etc.), and some advanced topics (distributed decomposition, exact convex relaxation, parsimonious recovery).8",3*,"(FA26) 001: Until open enrollment date, registration is restricted to Computer Science graduate students only. Non-CS students can waitlist before that date. The waitlist for this class is automatically re-sequenced to allow first priority to CS PhD students and second priority to CS masters students. Student may be dropped from course for non-attendance. 002: Until open enrollment date, registration is restricted to ROBO graduate students only. Non-ROBO students can waitlist before that date. The waitlist for this class is automatically re-sequenced to allow first priority to ROBO students*",Restricted to graduate students only.*,"CSEN-PhD: Bin 1, Depth; CSEN-MS: Bin 1, Elective; CSEN-MSCPS: Bin 1, Elective, AIG Subplan, ANO Subplan, DSE Subplan, RBT Subplan; NTEN-MSNE: Elective ; AINT-MSAI: Depth*","Convex analysis (convex sets, functions, and optimization problems), optimization theory (linear, quadratic, semidefinite, and geometric programming; optimality conditions and duality theory), optimization algorithms (descent methods and interior-point methods), basic applications of optimization (in signal processing, machine learning, statistics, control, communications, networks, and finance, etc)*",,,,,
CSCI-5654*,Linear Programming*,"Presents algorithms, simplex and modifications. Examines theory-duality and complementary slackness. Involves network flow algorithms. Introduces integer programming.*",3*,"(SP26) Until open enrollment date, registration is restricted to Computer Science graduate students only. Non-CS students can waitlist before that date. The waitlist for this class is automatically re-sequenced to allow first priority to CS PhD students and second priority to CS masters students. Student may be dropped from course for non-attendance.*",Restricted to graduate students only. Recommended: Prerequisite linear algebra.*,"CSEN-PhD: Bin 1, Depth; CSEN-MS: Bin 1, Elective; CSEN-MSCPS: Bin 1, Elective, ANO Subplan, DSE Subplan, NUM Subplan; NTEN-MSNE: Elective ; AINT-MSAI: Elective*","Linear optimization algorithms, posing problems as optimization, integer optimization, algorithms for solving optimization problems and analysis of these algorithms*",,,,,
CSCI-5229*,Computer Graphics*,"Studies design, analysis and implementation of computer graphics techniques. Topics include interactive techniques, 3D viewing and models, clipping, transformations, projection, removal of hidden surfaces, lighting, textures and shadows. Knowledge of basic linear algebra is required. Equivalent - Duplicate Degree Credit Not Granted: CSCI 4229 *",3*,"(SU26) This class will be taught synchronously as a remote section, which means classes will be held virtually during the days and times listed. FA25: Until open enrollment date, registration is restricted to Computer Science graduate students only. Non-CS students can waitlist before that date. Students may be dropped for non-attendance.*",Restricted to graduate students only. *,"CSEN-PhD: Bin 1, Depth; CSEN-MS: Bin 1, Elective; CSEN-MSCPS: Bin 1, Elective, HCC Subplan, NUM Subplan; NTEN-MSNE, Elective ; AINT-MSAI: Elective*","3D real time graphics, transformations, projections, hidden surface removal, lighting, textures, shaders, OpenGL*",,,,,
CSCI-5239*,Advanced Computer Graphics*,"Studies design, analysis and implementation of advanced computer graphics techniques. Topics include shaders, using the GPU for high performance computing, graphics programming on embedded devices such as mobile phones; advanced graphics techniques such as ray tracing. Equivalent - Duplicate Degree Credit Not Granted: CSCI 4239 *",3*,"(SP26) Student may be dropped from course for non-attendance. The waitlist for this class is automatically re-sequenced to allow first priority to CS PhD students and second priority to CS masters students. Until open enrollment date, registration is restricted to Computer Science graduate students only. Non-CS students can waitlist before that date.*",Requires prerequisite course of CSCI 5229 (minimum grade B). Restricted to graduate students only.*,"CSEN-PhD: Bin 1, Depth; CSEN-MS: Bin 1, Elective; CSEN-MSCPS: Bin 1, Elective, HCC Subplan, NUM Subplan; NTEN-MSNE, Elective ; AINT-MSAI: Elective*","Advanced shader programming for 3D graphics, ray tracing, GPU programming for scientific computing, OpenGL, OpenGL ES, WebGL, CUDA, OpenCL, OpenMP, OpenACC*",,,,,
CSCI-5646*,Numerical Linear Algebra*,"Offers direct and iterative solutions of linear systems. Also covers eigen value and eigenvector calculations, error analysis, and reduction by orthogonal transformation. A sound knowledge of basic linear algebra, experience with numerical computation, and programming experience is required.*",3*,"(FA26) This class will have its last meeting day on Friday, Dec. 4, 2026. The waitlist for this class is automatically re-sequenced to allow first priority to CS PhD students and second priority to CS masters students. Until open enrollment date, registration is restricted to Computer Science graduate students only. Non-CS students can waitlist before that date.*","Restricted to graduate student only. A sound knowledge of basic linear algebra, experience with numerical computation, and programming experience is required.*","CSEN-PhD: Bin 1, Depth; CSEN-MS: Bin 1, Elective; CSEN-MSCPS: Bin 1, Elective, NUM Subplan; NTEN-MSNE: Elective ; AINT-MSAI: Elective*","Properties and computation of QR, Cholesky, Bunch-Kaufman, pivoted LU, SVD, eigen and interpolative decompositions; conditioning and stability; Krylov methods, preconditioning; sparsity*",,,,,
CSCI-5606*,Principes of Numerical Computation*,"Highlights computer arithmetic, solution of linear systems, least-squares approximations, nonlinear algebraic equations, interpolation, and quadrature.*",3*,"(FA25) Until open enrollment date, registration is restricted to Computer Science graduate students only. Non-CS students can waitlist before that date. The waitlist for this class is automatically re-sequenced to allow first priority to CS PhD students and second priority to CS masters students. Student may be dropped from course for non-attendance. This class will have its last meeting day on Friday, Dec. 5, 2025.*",Restricted to graduate students only. Recommended: Prerequisites CSCI 3656 and three semesters of calculus or equivalent.*,"CSEN-PhD: Bin 1, Depth; CSEN-MS: Bin 1, Elective; CSEN-MSCPS: Bin 1, Elective, NUM Subplan; NTEN-MSNE: Elective ; AINT-MSAI: Elective*","Rootfinding, intro numerical linear algebra, interpolation, regression, numerical differentiation, numerical integration, intro ODE, conditioning and stability*",,,,,
CSCI-5636*,Numerical Solution of Partial Differential Equations*,"Focuses on discretization techniques such as finite difference, finite element and finite volume methods, and parallel solution algorithms such as Krylov subspace methods, domain decomposition and multilevel methods. *",3*,"(SP26) Until open enrollment date, registration is restricted to Computer Science graduate students only. Non-CS students can waitlist before that date. The waitlist for this class is automatically re-sequenced to allow first priority to CS PhD students and second priority to CS masters students. Student may be dropped from course for non-attendance. This class will have its last meeting day on Friday, April 24, 2026.*",Restricted to graduate students only. Recommended: Prerequisites (CSCI 2820 or APPM 2360 or APPM 3310 or MATH 2130 or MATH 2135 or MATH 3130 or MATH 3135) AND (CSCI 3656 or APPM 4650 or MATH 4650 or MCEN 3030 or PHYS 2600) (all minimum grade B).*,"CSEN-PhD: Bin 1, Depth; CSEN-MS: Bin 1, Elective; CSEN-MSCPS: Bin 1, Elective, NUM Subplan; NTEN-MSNE: Elective ; AINT-MSAI: Elective*","Physical modeling, discretizations (finite difference, finite element, finite volume, pseudospectral), time integrators, algebraic solvers, verification and validation*",,,,,
CSCI-5502*,Data Mining*,"Introduces basic data mining concepts and techniques for discovering interesting patterns hidden in large-scale data sets, focusing on issues relating to effectiveness and efficiency. Topics covered include data preprocessing, data warehouse, association, classification, clustering, and mining specific data types such as time-series, social networks, multimedia, and Web data. Equivalent - Duplicate Degree Credit Not Granted: CSCI 4502 *",3*,"(FA26) Until open enrollment date, registration is restricted to Computer Science graduate students only. Non-CS students can waitlist before that date. The waitlist for this class is automatically re-sequenced to allow first priority to CS PhD. Student may be dropped from course for non-attendance.*",Restricted to graduate students only.*,"CSEN-PhD: Bin 2, Depth; CSEN-MS: Bin 2, Elective; CSEN-MSCPS: Bin 2, Elective, AIG Subplan, DSE Subplan, SSC Subplan; NTEN-MSNE: Elective ; AINT-MSAI: Depth*","Data mining pipeline, data understanding, preprocessing, modeling, evaluation, and real-world data mining applications*",,,,,
CSCI-5302*,Advanced Robotics*,Exposes students to current research topics in the field of robotics and provides hands-on experience in solving a grand challenge program. Equivalent - Duplicate Degree Credit Not Granted: CSCI 4302 and ROBO 5302 and MCEN 5302 *,3*,"(SP26) Student may be dropped from course for non-attendance. The waitlist for this class is automatically re-sequenced to allow first priority to CS PhD students and second priority to CS masters students. Until open enrollment date, registration is restricted to Computer Science graduate students only. Non-CS students can waitlist before that date. This class will have its last meeting day on Friday, April 24, 2026.*",Restricted to graduate students only. Prerequisite of CSCI 5202 or ROBO 5000 or ((ASEN 5254 and (ASEN 5014 or 5044 or MCEN 5448 or ECEN 5448)). Recommended prerequisite: CSCI 3302 or instructor consent required.*,"CSEN-PhD: Bin 2, Depth; CSEN-MS: Bin 2, Elective; CSEN-MSCPS: Bin 2, Elective, AIG Subplan, RBT Subplan; NTEN-MSNE: Elective. ; AINT-MSAI: Depth*","Computer vision, probabilistic state estimation, control theory, planning algorithms, Robot Operating System, safety and verification.*",,,,,
CSCI-5352*,Network Analysis and Modeling*," Examines modern techniques for analyzing and modeling the structure and dynamics of complex networks. Focuses on statistical algorithms and methods, and emphasizes model interpretability and understanding the processes that generate real data. Applications are drawn from computational biology and computational social science. No biological or social science training is required. *",3*,(SP25) The waitlist for this class is automatically re-sequenced to allow first priority to CS PhD students and second priority to CS masters students.*,Restricted to graduate students only. Recommended: Prerequisite of CSCI 53104 and APPM 3570.*,"CSEN-PhD: Bin 2, Elective; CSEN-MS: Bin 2, Elective; CSEN-MSCPS: Bin 2, Elective AIG Subplan, ANO Subplan, DSE Subplan; NTEN-MSNE: Elective ; AINT-MSAI: Depth*","Network analysis, modeling, community detection, linear embeddings, PageRank, social networks, biological networks*",,,,,
CSCI-5832*,Natural Language Processing*,Explores the field of natural language processing as it is concerned with the theoretical and practical issues that arise in getting computers to perform useful and interesting tasks with natural language. Covers the problems of understanding complex language phenomena and building practical programs. Equivalent - Duplicate Degree Credit Not Granted: LING 5832 *,3*,"(FA26) Until open enrollment date, registration is restricted to Computer Science graduate students only. Non-CS students can waitlist before that date. The waitlist for this class is automatically re-sequenced to allow first priority to CS PhD students and second priority to CS masters students. Student may be dropped from course for non-attendance.*",Restricted to graduate students only.*,"CSEN-PhD: Bin 2, Elective; CSEN-MS: Bin 2, Elective; CSEN-MSCPS: Bin 2, Elective, AIG Subplan, DSE Subplan; NTEN-MSNE: Elective ; AINT-MSAI: Elective*","Natural language processing, hidden Markov models, basics of deep learning, Google cloud computing, basics of transfer learning, scientific experimentation and publishing*",,,,,
CSCI-5322*,Algorithmic Human-Robot Interaction*,"Creating autonomous systems that interact with humans requires the synthesis of insights from a variety of disciplines. This course aims to provide students with the algorithms, models, and frameworks that form the building blocks required for developing intelligent autonomous systems that perform useful tasks while interacting with, coordinating with, co-existing with, or otherwise assisting humans. Previously offered as a special topics course.*",3*,"(FA25) Until open enrollment date, registration is restricted to Computer Science graduate students only. Non-CS students can waitlist before that date. The waitlist for this class is automatically re-sequenced to allow first priority to CS PhD students and second priority to CS masters students. Student may be dropped from course for non-attendance.*",Restricted to graduate students only.*,"CSEN-PhD: Bin 2, Elective; CSEN-MS: Bin 2, Elective; CSEN-MSCPS: Bin 2, Elective, AIG Subplan, HCC Subplan, RBT Subplan; NTEN-MSNE: Elective ; AINT-MSAI: Depth*","Motion Planning, Task Planning, Human Motion Modeling, Human Subjects Study Design and Analysis, Foundations of Reinforcement Learning*",,,,,
CSCI-5822*,Probabilistic and Causal Modeling in Computer Science*,"Introduces a set of modeling techniques that have become a mainstay of modern artificial intelligence and machine learning research. These techniques combine graphical models, Bayesian analysis, and multivariate statistics for probabilistic and causal inference and for interpreting the statistical structure of large data sets. Applications include healthcare, economics, marketing, social sciences, and more.*",3*,None available (FA24-FA26)*,Restricted to graduate students only. Recommended: Prerequisite undergraduate course in probabilty and statistics.*,"CSEN-PhD: Bin 2, Elective; CSEN-MS: Bin 2, Elective; CSEN-MSCPS: Bin 2, Elective, AIG Subplan; NTEN-MSNE: Elective ; AINT-MSAI: Depth*","theory and programming about multivariate probability distributions, Bayesian statistics, probabilistic graphical models, information theory, inference, and prediction*",,,,,
CSCI-5849*,Input Interaction and Accessibility*,"Explores input and interaction techniques, with an emphasis on universal design and alternative interfaces. Students will explore traditional input methods such as keyboard and mouse input, and alternative techniques such as voice and eye gaze. Students will conduct performance evaluations of existing techniques, and prototype new interaction methods. Students will design technologies to support people with varying abilities and disabilities. Equivalent - Duplicate Degree Credit Not Granted: CSCI 4849 *",3*,None available (FA24-FA26)*,Restricted to graduate students only. Recommended: Prerequisite CSCI 3002 or CSCI 5839 (minimum grade B).*,"CSEN-PhD: Bin 2, Elective; CSEN-MS: Bin 2, Elective; CSEN-MSCPS: Bin 2, Elective, HCC Subplan; NTEN-MSNE: Elective ; AINT-MSAI: Elective*","Prototyping, accessibility assessment, accessible development*",,,,,
CSCI-5839*,User-Centered Design and Development 1*,"Develops the skills and practices necessary to apply user-centered approaches to software requirements analysis, and the design and evaluation of computer applications.*",3*,"(FA26) Until open enrollment date, registration is restricted to Computer Science graduate students only. Non-CS students can waitlist before that date. The waitlist for this class is automatically re-sequenced to allow first priority to CS PhD students and second priority to CS masters students. Student may be dropped from course for non-attendance. This class will have its last meeting day on Friday, Dec. 4, 2026.*",Restricted to graduate students only.*,"CSEN-PhD: Bin 2, Elective; CSEN-MS: Bin 2, Elective; CSEN-MSCPS: Bin 2, Elective, HCC Subplan; NTEN-MSNE: Elective. NOTE - since CSCI 5839 and INFO 5609 are cross-listed, INFO 5609 does not count against non-CS course limit. However, INFO 5609 is limited to INFO graduate students. ; AINT-MSAI: Elective*","User-centered design, prototyping, user experience evaluation*",,,,,
CSCI-5622*,Machine Learning*,"Trains students to build computer systems that learn from experience. Includes the three main subfields: supervised learning, reinforcement learning and unsupervised learning. Emphasizes practical and theoretical understanding of the most widely used algorithms (neural networks, decision trees, support vector machines, Q-learning). Covers connections to data mining and statistical modeling. A strong foundation in probability, statistics, multivariate calculus, and linear algebra is highly recommended.*",3*,"(FA26) Until open enrollment date, registration is restricted to Computer Science graduate students only. Non-CS students can waitlist before that date. The waitlist for this class is automatically re-sequenced to allow first priority to CS PhD students and second priority to CS masters students. Student may be dropped from course for non-attendance. This class will have its last meeting day on Friday, Dec. 4, 2026.*","Prerequisites (APPM 3310 or CSCI 2820 or MATH 2130 or 2135 or 3130 or 3135) OR (APPM 3570 or 4570 or CHEN 3010 or CSCI 3022 or CVEN 3227 or ECEN 3810 or ECON 3818 or MATH 3510 or 4510 or MCEN 3047 or STAT 3100 or 4000 or 4520) (min grade B). Restricted to graduate students only. A strong foundation in probability, statistics, multivariate calculus, and linear algebra is highly recommended.*","CSEN-PhD: Bin 2, Elective; CSEN-MS: Bin 2, Elective; CSEN-MSCPS: Bin 2, Elective,AIG Subplan, DSE Subplan, RBT Subplan; NTEN-MSNE: Elective ; AINT-MSAI: Core*","Machine learning, basics of deep learning, scientific experimentation and publishing, supervised learning, unsupervised learning*",,,,,
CSCI-5214*,Big Data Architecture*,"Provides students with a comprehensive survey of technologies used today in the collection, storage, processing, analytics and display of big data. Focuses on cultivating real world skills with students working on semester long projects to execute on a group project. Equivalent - Duplicate Degree Credit Not Granted: ATLS 4214, ATLS 5214, and CSCI 4214 ",3*,"(SP26) Until open enrollment date, registration is restricted to Computer Science graduate students only. Non-CS students can waitlist before that date. The waitlist for this class is automatically re-sequenced to allow first priority to CS PhD students and second priority to CS masters students. Student may be dropped from course for non-attendance. This class will have its last meeting day on Friday, April 24, 2026.*",Restricted to graduate students only. *,"CSEN-PhD: Bin 3, Depth; CSEN-MS: Bin 3, Elective; CSEN-MSCPS: Bin 3, Elective, AIG Subplan, DSE Subplan; NTEN-MSNE: Elective. NOTE - since CSCI 5214 and ATLS 5214 are cross-listed, ATLS 5214 does not count against non-CS course limit. However, ATLS 5214 is limited to Robotics graduate students. ; AINT-MSAI: Depth*","Agile Planning and Project Execution; Product Management;Relational Databases (e.g. MySQL), NoSQL Databases, including Redis, MongoDB, Cassandra, BigTable, Dynamo, etc.; GIT/Github use; CICD and deployment tools such as Ansible, Pupper, Chef, etc.;Containers and Container orchestration with examples in Docker and Kubernetes; Map Reduce and Streaming frameworks such as Hadoop and Flink; Message Bus tools such as Kafka and Pulsar; Data Science including the use of Spark;Machine Learning including the use of TensorFlow; Search including frameworks such as ElasticSearch and Solr; RESTful service and API design;Data Visualization including the use of D3*",,,,,
CSCI-5253*,"Datacenter Scale Computing - Methods, Systems and Techniques*","Covers the primary problem solving strategies, methods and tools needed for data-intensive programs using large collections of computers typically called ""warehouse scale"" or ""data-center scale"" computers. Examines methods and algorithms for processing data-intensive applications, methods for deploying and managing large collections of computers in an on-demand infrastructure and issues of large-scale computer system design. Equivalent - Duplicate Degree Credit Not Granted: CSCI 4253 and CSPB 4253 and ECEN 5253 *",3*,"(FA26) 001: Until open enrollment date, registration is restricted to Computer Science graduate students only. Non-CS students can waitlist before that date. The waitlist for this class is automatically re-sequenced to allow first priority to CS PhD students and second priority to CS masters students. Student may be dropped from course for non-attendance. (SP26-872: This section is for DTSC majors only. Please petition here if you are not a DTSC major but would like to be considered for this course. https://cuboulder.qualtrics.com/jfe/form/SV_cuvjZtMLSemsIUS)*",Restricted to graduate students only. Recommended: CSCI 5273. *,"CSEN-PhD: Bin 3, Depth; CSEN-MS: Bin 3, Elective; CSEN-MSCPS: Bin 3, Elective, DSE Subplan, SSC Subplan; NTEN-MSNE: Elective. ECEN 5273 and CSCI 5273 are cross-listed, ECEN 5273 does not count against non-CS course limit. However, ECEN 5273 is limited to ECEN graduate students. Section 872 can count for CS students only when a CS instructor, like E. Goodman, teaches both sections simultaneously. ; AINT-MSAI: Elective*","Virtualization, Basic Networking, Hadoop / Spark, RPC using REST, gRPC, cloud virtual machines, containers, kubernetes orchestration, NoSQL systems, storage, or distributed persistence technologies, Java*",,,,,
ECEN-5253*,"Datacenter Scale Computing - Methods, Systems and Techniques*","Covers the primary problem solving strategies, methods and tools needed for data-intensive programs using large collections of computers typically called ""warehouse scale"" or ""data-center scale"" computers. Examines methods and algorithms for processing data-intensive applications, methods for deploying and managing large collections of computers in an on-demand infrastructure and issues of large-scale computer system design.*",3*,"(FA26) If you need permission to enroll due to a course prerequisite or other enrollment error code, please fill out our ECEE Graduate-Level Course Request Form: https://forms.gle/UpFTXq2EDgCNA7X78*",Restricted to graduate students only. Recommended prerequisite: CSCI 5273 or ECEN 5273.*,"CSEN-PhD: Bin 3, Depth; CSEN-MS: Bin 3, Elective; CSEN-MSCPS: Bin 3, Elective, DSE Subplan, SSC Subplan; NTEN-MSNE: Elective. ECEN 5273 and CSCI 5273 are cross-listed, ECEN 5273 does not count against non-CS course limit. However, ECEN 5273 is limited to ECEN graduate students. Section 872 can count for CS students only when a CS instructor, like E. Goodman, teaches both sections simultaneously. ; AINT-MSAI: Elective*","Virtualization, Basic Networking, Hadoop / Spark, RPC using REST, gRPC, cloud virtual machines, containers, kubernetes orchestration, NoSQL systems, storage, or distributed persistence technologies, Java*",,,,,
CSCI-5854*,Theoretical Foundations of Autonomous Systems*,"Covers techniques for modeling, design and verification of autonomous systems and application domains including automotive systems, robotics and medical devices. Modeling topics include timed systems, differential equations, switched systems, hybrid dynamical systems. Verification topics: reachability and stability verification. Temporal specifications. Synthesis of controllers. Applications: automotive systems, medical devices.*",3*,"(FA26) Until open enrollment date, registration is restricted to Computer Science graduate students only. Non-CS students can waitlist before that date. The waitlist for this class is automatically re-sequenced to allow first priority to CS PhD students and second priority to CS masters students. Student may be dropped from course for non-attendance.*",Restricted to graduate students only.*,"CSEN-PhD: Bin 3, Depth; CSEN-MS: Bin 3, Elective; CSEN-MSCPS: Bin 3, Elective, RBT Subplan; NTEN-MSNE: Elective ; AINT-MSAI: Elective*","Formal verification, formal synthesis, formal modeling, temporal logic properties, stability theory, Lyapunov theory*",,,,,
CSCI-5817*,Database Systems*,"This course focuses on the principles and implementation of database management systems (DBMS). Topics include data modeling, advanced SQL, storage and indexing structures, query optimization, transactions, concurrency, recovery, and parallel architectures. Students use open-source and commercial systems to apply concepts. The course also introduces Big Data and NoSQL technologies for large-scale data management. *",3*,"(FA26) Until open enrollment date, registration is restricted to Computer Science graduate students only. Non-CS students can waitlist before that date. The waitlist for this class is automatically re-sequenced to allow first priority to CS PhD students and second priority to CS masters students. Student may be dropped from course for non-attendance. This class will have its last meeting day on Friday, Dec. 4, 2026.*",Restricted to graduate students only. Recommended: Prerequisite CSCI 3753.*,"CSEN-PhD: Bin 3, Depth; CSEN-MS: Bin 3, Elective; CSEN-MSCPS: Bin 3, Elective, SSC Subplan; NTEN-MSNE: Elective ; AINT-MSAI: Elective*","Database systems designs of Relational databases, Database systems designs of Distributed databases; database management systems (DBMS); advanced SQL; Big Data (Hadoop, Spark) and NoSQL (Redis) systems*",,,,,
CSCI-5828*,Foundations of Software Engineering*,"Provides an introduction to software engineering concepts and techniques. Topics include the history of software engineering, fundamental software engineering principles and theory, software life cycles, software testing, and the design and implementation of concurrent and large-scale software systems.*",3*,"(SP25) Student may be dropped from course for non-attendance. The waitlist for this class is automatically re-sequenced to allow first priority to CS PhD students and second priority to CS masters students. Until open enrollment date, registration is restricted to Computer Science graduate students only. Non-CS students can waitlist before that date.*",Restricted to graduate students only.*,"CSEN-PhD: Bin 3, Depth; CSEN-MS: Bin 3, Elective; CSEN-MSCPS: Bin 3, Elective, SSC Subplan; NTEN-MSNE: Elective ; AINT-MSAI: Elective*","software engineering; software life cycles; software design, Gradle, Pub / Sub Message Bus, Javascript*",,,,,
CSCI-5573*,Advanced Operating Systems*,"Intended to create a foundation for operating systems research or advanced professional practice. Examines the design and implementation of a number of research and commercial operating systems and their components, system organization and structure, threads, communication and synchronization, virtual memory, distribution, file systems, security and authentication, availability and Internet services. Equivalent - Duplicate Degree Credit Not Granted: ECEN 5573 *",3*,"(FA26) Until open enrollment date, registration is restricted to Computer Science graduate students only. Non-CS students can waitlist before that date. The waitlist for this class is automatically re-sequenced to allow first priority to CS PhD students and second priority to CS masters students. Student may be dropped from course for non-attendance. This class will have its last meeting day on Friday, Dec. 4, 2026.*",Requires prerequisite course of CSCI 2400 and CSCI 3753 (all minimum grade B). Restricted to graduate students only.*,"CSEN-PhD: Bin 3, Depth; CSEN-MS: Bin 3, Elective; CSEN-MSCPS: Bin 3, Elective, SSC Subplan; NTEN-MSNE: Elective ; AINT-MSAI: Elective*","Operating sytem internals, Linux kernel programming, virtaulization, cloud and edge computing*",,,,,
CSCI-5448*,Object-Oriented Analysis & Design (OOAD)*,"An applied analysis and design class addressing the use of object-oriented techniques. Topics include domain modeling, use cases, architectural design and modeling notations. Students apply the techniques in analysis and design projects.Equivalent - Duplicate Degree Credit Not Granted: CSCI 4448 *",3*,"(FA26) Until open enrollment date, registration is restricted to Computer Science graduate students only. Non-CS students can waitlist before that date. The waitlist for this class is automatically re-sequenced to allow first priority to CS PhD students and second priority to CS masters students. Student may be dropped from course for non-attendance.  This class will have its last meeting day on Friday, Dec. 4, 2026.*",Restricted to graduate students only.*,"CSEN-PhD: Bin 3, Depth; CSEN-MS: Bin 3, Elective; CSEN-MSCPS: Bin 3, Elective, SSC Subplan; NTEN-MSNE: Elective ; AINT-MSAI: Elective*","UML, Object-oriented design patterns, Java, Object-oriented concepts and principles*",,,,,
CSCI-5413*,Ethical Hacking*,"Teaches basic exploit design and development through hands-on experimentation and testing. Uses a controlled environment to give students a ""playground"" in which to test penetration skills that are normally not allowed on live networks. Equivalent - Duplicate Degree Credit Not Granted: CSCI 4413 *",3*,"(FA25) Until open enrollment date, registration is restricted to Computer Science graduate students only. Non-CS students can waitlist before that date. The waitlist for this class is automatically re-sequenced to allow first priority to CS PhD students and second priority to CS masters students. Student may be dropped from course for non-attendance.*",Restricted to graduate students only.*,"CSEN-PhD: Bin 3, Depth; CSEN-MS: Bin 3, Elective;CSEN-MSCPS: Bin 3, Elective, SEC Subplan, SSC Subplan; NTEN-MSNE: Elective ; AINT-MSAI: Elective*","Linux Security, TCP/UDP networking, netcat, nmap, bind/reverse shells, buffer overflows, integer overflows, LAMP stack, XSS attacks, SQL injections*",,,,,
CSCI-5230*,Wireless Systems Lab*,"This Wireless Solutions Architecture course is designed to examine the core concepts of wireless architecture, design and implementation. The course will focus on architecting solutions unlicensed technology, specifically enterprise Wi-Fi networks. Students will learn how to design, implement, troubleshoot and operate enterprise wireless networks. Equivalent - Duplicate Degree Credit Not Granted: CYBR 5230 *",3*,None available (FA24-FA26)*,Requisites: Requires prerequisite course of CSCI 5200 or CYBR 5200 (minimum grade B).*,"CSEN-PhD: Depth; CSEN-MS: Elective; CSEN-MSCPS: Elective; NTEN-MSNE: Advanced Elective, Elective ; AINT-MSAI: Elective*","This Wireless Solutions Architecture course is designed to examine the core concepts of wireless architecture, design and implementation. The course will focus on architecting solutions for unlicensed technology, specifically enterprise Wi-Fi networks. Students will learn how to design, implement, troubleshoot and operate enterprise wireless networks.*",,,,,
CSCI-5190*,Voice Over IP: Voice Network Design and Implementation*,"Provides an in-depth immersion into the foundational theories and technologies of Voice Over IP (VoIP). This course supplements these theories with direct experience through real-world, hands-on lab experiments and demonstrations. The fundamentals of voice technologies, services, and tools used in industry to design, deploy and troubleshoot VoIP networks will be explored in detail, providing the student with a competitive advantage in the job market.*",3*,None available (FA24-FA26)*,Requisites: Requires prerequisite course of CSCI 5170 or CSCI 5160 or CSCI 5180 (minimum grade B). Restricted to graduate students.*,"CSEN-PhD: Depth; CSEN-MS: Elective; CSEN-MSCPS: Elective; NTEN-MSNE: Advanced Elective, Elective ; AINT-MSAI: Elective*","Voice Protocols: SIP, SDP, RTP, QoS, Legacy and IP PBXs, SIP Security, PSTN and SIP Gateways, Call Routing, Voicemail, Traditional phones, IP phones, softphones, Analog and Digital voice, Installing, securing, and maintaining VoIP networks*",,,,,
CSCI-5620*,Advanced Wireless Lab*,"Provides a comprehensive, hands-on set of laboratory exercises for the teaching and demonstration of key technical skills required to understand, build, test, and analyze both analog and digital wireless communications concepts. In conjunction with lecture-based content to provide a solid foundation in digital communication theory, SDR-based laboratory exercises enable the synthesis of several fundamental concepts utilizing the latest, modern communications systems technologies. Equivalent - Duplicate Degree Credit Not Granted: CYBR 5620 *",3*,None available (FA24-FA26)*,Requires prerequisite course of CSCI 5200 or CYBR 5200 (minimum grade B). Recommended: Prerequisites CSCI 5630 or CYBR 5630 and CSCI 5220 or CYBR 5220*,"CSEN-PhD: Depth; CSEN-MS: Elective; CSEN-MSCPS: Elective; NTEN-MSNE: Advanced Elective, Elective ; AINT-MSAI: Elective*",Not Available*,,,,,
CSCI-5220*,Wireless Local Area Networks*,"Emphasis on the IEEE P802.11 family of WLAN standards. Students learn the legacy versions of the standard (802.11DS/b), the current generation of WLAN systems (802.11a/g/n/ac), and will to analyze and critique upcoming versions (802.11ax/ba), and gain insight into proposals for new research in WLAN. Exposure to the interoperability and certification process for WLAN by the Wi-Fi Alliance, study the newest Wi-Fi Certified™ programs, and will learn how to model and analyze WLAN traffic using industry standard tools. Equivalent - Duplicate Degree Credit Not Granted: CYBR 5220 and ECEN 5122*",3*,None available (FA24-FA26)*,Requisites: Requires prerequisite course of CYBR 5010 or CSCI 5010 or CSCI 5273 (minimum grade B). Recommended: Prerequisite CYBR 5200 or CSCI 5200.*,"CSEN-PhD: Depth; CSEN-MS: Elective; CSEN-MSCPS: Elective; NTEN-MSNE: Advanced Elective, Elective ; AINT-MSAI: Elective*","Emphasis on the IEEE P802.11 family of WLAN standards. Students learn the legacy versions of the standard (802.11DS/b), the current generation of WLAN systems (802.11a/g/n/ac), and will to analyze and critique upcoming versions (802.11ax/ba), and gain insight into proposals for new research in WLAN. Exposure to the interoperability and certification process for WLAN by the Wi-Fi Alliance, study the newest Wi-Fi Certified programs, and will learn how to model and analyze WLAN traffic using industry standard tools*",,,,,
CSCI-5260*,Datacenter Networks*,"Covers design and configuration principles required to build highly scalable and highly redundant network solutions used by datacenters. Class makes use of commercial grade equipment to build network toplogies and services. Students will work in teams to build a virtualized cluster, load balance application traffic between multiple server blades, assure high availability in Ethernet and IP layers, and able to prioritize important services using QoS. This lab-based course requires an average of 6 hours per week where the students are physically present in the CU Network Engineering Lab. Most lab exercises involve activities which require physical access to the hardware and cannot be done remotely. In addition to the lab time, students should also anticipate up to 6 additional hours of time for homework, reading, lab preparation and studying for exams.*",3*,"(FA26) Until open enrollment date, registration is restricted to Computer Science graduate students only. Non-CS students can waitlist before that date. The waitlist for this class is automatically re-sequenced to allow first priority to CS PhD students and second priority to CS masters students. Student may be dropped from course for non-attendance.*",Requisites: Requires prerequisite course of CSCI 5160 (minimum grade B). Restricted to graduate students.*,"CSEN-PhD: Depth; CSEN-MS: Elective; CSEN-MSCPS: Elective; NTEN-MSNE: Advanced Elective, Elective ; AINT-MSAI: Elective*","Layer 2 solutions for Datacenter Networking (MST, PVSTP, VXLAN), Etherchannel (LACP, PAPG) using, Ethernet 1G/10G/40G technologies, OSPF and BGP for Datacenter Networking (ECMP), Network Security (Perimeter, and DoS attack prevention, PVLAN, 802.1x, RACL, VACL, MACL), Router Redundancy Protocols (HSRP, VRRP, GLBP, IPSLA, BFD), Load Balancing (Layer 2 and Layer 3 using Brocade, F5 and A10 Platforms), VMWare networking and high availability features (HA, Vmotion), Storage Area Networks (SAN), QoS (CoS, DSCP, Traffic Shaping and Queuing), MPLS Transport Solutions for Data Center Failover (VPLS, L3 VPN, OTV), Configuration, Test and Troubleshooting of Ethernet and IP network equipment (router and switch)*",,,,,
CSCI-5360*,Internet Service Provider Networks*,"This course presents advanced networking design and implementation techniques through experiments with network measurement equipment, switches, router, and management interfaces. The course primarily focuses on Service Provider Transport technologies for capacity, scalability and fault tolerance. Students learn the essential network architectures of last mile and long haul network solutions used for public and private network traffic transport; implementation of SLAs, load balancing, first hop redundancy, and MPLS transport and L2/L3 VPN solutions. This course requires an average of 6 hours per week in the lab. Most lab exercises involve activities which require physical access to the hardware and cannot be done remotely. In addition to the lab time, students should also anticipate up to 6 additional hours of time for homework, reading, lab preparation and studying for exams.*",3*,None available (FA24-FA26)*,Requisites: Requires prerequisite course of CSCI 5160 (minimum grade B). Restricted to graduate students. Recommended: Prerequisite CSCI 5170.*,CSEN-PhD: Depth; CSEN-MS: Elective; CSEN-MSCPS: Elective; NTEN-MSNE: Elective ; AINT-MSAI: Elective*,"Access Network First Hop Redundancy Protocols (HSRP and VRRP), IPSLA and BFD, IP tunneling services (GRE, L2TP), Provider Edge (PE) Architecture (VRF/ mBGP), MPLS Networking (RSVP/LDP), IGP Routing (ISIS, OSPF), MPLS Tunneling (L2VPN, L3VPN, VPLS), Metro Ethernet Networking (MOE), Traffic Engineering (RSVP, Route Maps, Distribution Lists), Network Redundancy (LAST MILE, CORE), QoS (CoS, DSCP, MPLS EXP), Multicasting (PIM, IGMP), Configuration, Test and Troubleshooting of Ethernet, MPLS and IP network equipment (router and switch)*",,,,,
CSCI-5314*,Dynamic Models in Biology*,"Surveys computational and mathematical modeling to illuminate biological processes. Students work together to learn to build and analyze models using a variety of numerical tools, tackle meaningful biological problems, and communicate effectively across disciplines. Specific topics: Langevin dynamics of protein folding, agent-based models, finite difference models of organismal growth, stochastic and deterministic cellular automata game of life, models of behavior. Equivalent - Duplicate Degree Credit Not Granted: CSCI 4314 *",3*,None available (FA24-FA26)*,"Requisites: Restricted to graduate students only. Recommended: Prerequisite comfort with mathematics and/or programming experience, and more advanced understanding (upper undergraduate level) of any relevant discipline.*",CSEN-PhD: Depth; CSEN-MS: Elective; CSEN-MSCPS: Elective; NTEN-MSNE: Elective ; AINT-MSAI: Elective*,Not Available*,,,,,
CSCI-5280*,Sofware-Defined Networking*,"Provides an in-depth immersion into the foundational theories and technologies of Software-Defined Networking (SDN), Network Functions Virtualization (NFV), and emerging technologies for computer networks. Supplements the theoretical knowledge learned through direct experience with real-world lab experiments and demonstrations. This knowledge will give students an advantage in the job market for this in-demand, constantly changing subject.*",3*,"(FA26) Until open enrollment date, registration is restricted to Computer Science graduate students only. Non-CS students can waitlist before that date. The waitlist for this class is automatically re-sequenced to allow first priority to CS PhD students and second priority to CS masters students. Student may be dropped from course for non-attendance.*",Requisites: Requires prerequisite course of CSCI 5180 (minimum grade B). Restricted to graduate students.*,CSEN-PhD: Depth; CSEN-MS: Elective; CSEN-MSCPS: Elective; NTEN-MSNE: Elective ; AINT-MSAI: Elective*,"Software-Defined Networking, SDN, Network Functions Virtualization, NFV, OpenFlow, P4, API, Postman, Python Programming, SDN Controllers (Ryu, OpenDaylight, ONOS, Floodlight), Hybrid switching, Open vSwitch, OVS, SDN Security, TLS, Virtualization, Data Center, OpenStack, Wireshark, Load-balancing, TCPDump, RESTful API*",,,,,
CSCI-5380*,Network Virtualization and Orchestration*,"Provides an advanced, in-depth immersion into the theories and technologies of Software-Defined Networking (SDN), Network Functions Virtualization (NFV), network virtualization/orchestration, and emerging technologies for computer networks. Expands on the real-world lab experiments and theoretical demonstrations learned from the course pre-requisite. The knowledge and critical thinking skills learned from this course will arm students with an advantage in the job market for this in-demand, constantly changing subject.*",3*,(SP26) Student may be dropped from course for non-attendance. The waitlist for this class is automatically re-sequenced to allow first priority to CS PhD students and second priority to CS masters students.*,Requisites: Requires prerequisite of CSCI 5280 (minimum grade B). Restricted to graduate students.*,CSEN-PhD: Depth; CSEN-MS: Elective; CSEN-MSCPS: Elective; NTEN-MSNE: Elective ; AINT-MSAI: Elective*,"Software-Defined Networking, Network Functions Virtualization, OpenFlow, API, Python Programming, SDN Controllers (OpenContrail, Ryu, OpenDaylight, ONOS, Floodlight), Hybrid switching, Open vSwitch, SDN Security, Virtualization, Data Center, OpenStack, Segment Routing, Containers, Kubernetes, CORD, Containers, Docker, K8s, Machine Learning, Tensorflow, NFV, SDN, Virtualization, P4*",,,,,
CSCI-5313*,Concurrent Programming*,"Introduces the theory and practice of multicore programming. The first part of the course presents foundations of concurrent programming: mutual exclusion, wait-free and lock-free synchronization, spin locks, monitors, memory consistency models. The second part presents a sequence of concurrent data structures and techniques used in their implementations (coarse-grained, fine-grained, optimistic and lock-free synchronization). Equivalent - Duplicate Degree Credit Not Granted: ECEN 5313 and ECEN 4313 and CSCI 4313 *",3*,"(FA26) Until open enrollment date, registration is restricted to Computer Science graduate students only. Non-CS students can waitlist before that date. The waitlist for this class is automatically re-sequenced to allow first priority to CS PhD students and second priority to CS masters students. Student may be dropped from thsi course for non-atttendance. This class will have its last meeting on Friday, Dec. 4, 2026*",Required: prerequisite courses of CSCI 2270 and ECEN 2360 or CSCI 2400 (minimum grad C). Restricted to gradaute students only. Recommended: ECEN 3593.*,CSEN-PhD: Depth; CSEN-MS: Elective; CSEN-MSCPS: Elective; NTEN-MSNE: Elective ; AINT-MSAI: Elective*,Not Available*,,,,,
CSCI-5240*,Introduction to Blockchain*,"Examines an emerging technology known as blockchain. Blockchain refers to the distributed and decentralized database technology behind popular cryptocurrencies such as Bitcoin and Ethereum. However, it can be used to record and transfer any digital asset, not just currency. This course explores the fundamentals of blockchain technology and its application from three key perspectives: policy and governance, technology, and application. Students gain an understanding of key concepts and how to apply them in the industry. Previously offered as a special topics course. Equivalent - Duplicate Degree Credit Not Granted: CYBR 5240 and CSCI 4240 *",3*,"(SP26) Until open enrollment date, registration is restricted to Computer Science graduate students only. Non-CS students can waitlist before that date. The waitlist for this class is automatically re-sequenced to allow first priority to CS PhD students and second priority to CS masters students. Student may be dropped from course for non-attendance.*",Requisites: Restricted to graduate students only.*,CSEN-PhD: Depth; CSEN-MS: Elective; CSEN-MSCPS: Elective; NTEN-MSNE: Elective ; AINT-MSAI: Elective*,Not Available*,,,,,
CSCI-5180*,Network Management and Automation*,"Teaching both technical and soft skills, this course incorporates best practices and the key theories behind them such as understanding common services needed for network functionality, maintenance, and troubleshooting. The goal of this course is to equip students with the valuable skills and tools they need to hit the ground running in most network management, operation, automation, and DevOps roles within a company. By the end of the course, students will be competent in the technologies, services, and tools used to manage and automate complex networks. *",3*,(SP26) Student may be dropped from course for non-attendance. The waitlist for this class is automatically re-sequenced to allow first priority to CS PhD students and second priority to CS masters students.*,Restricted to graduate students only. Recommended prerequisite: background in Linux system administration,"CSEN-PhD: Depth; CSEN-MS: Elective; CSEN-MSCPS: Elective;NTEN-MSNE: Core, Elective ; AINT-MSAI: Elective*","Network Automation (Jinja2, Ansible, Netmiko, NAPALM), Network Management (SNMP), IP Address Management (DHCP), Protocol analyzers (wireshark, TCPdump), IPv6 autoconfiguration (SLAAC, EUI-64, Prefix Delegation), Active Directory Directory Services, Cloud Automation (AWS), Network Design, Network Automation and Modeling (Netconf/YANG), Network Automation and DevOps (Python, Ansible, Git, GitHub, Jenkins), Software-Defined Networking (SDN), Network Functions Virtualization (NFV), Scripting, CI/CD, Gitlab/Github*",,,,,
CSCI-5340*,Startup Essentials: Entrepreneurial Projects in Computing*,"Provides students with the tools to be successful technical co-founders of their own startups. Explores the initial stages of founding a startup, including team formation, idea validation, pivoting and pitching, while employing an iterative methodology. Student teams will develop a minimum viable product, pitch their final startup concept and be evaluated on product/market fit. CS coding concepts relevant for startups, including potentially cloud programming, mobile programming and agile software engineering, will be taught. Does not satisfy breadth requirement. Equivalent - Duplicate Degree Credit Not Granted: CSCI 4348*",3*,(FA26) This class is restricted to Professional MS in Computer Science students in their 2nd year and CS PhD students on a case-by-case basis. Refer to this website for more course information and registration instructions: https://www.colorado.edu/cs/professional-masters-computer-science-mscps-projects-requirement*,Restricted to CSEN-MSCPS graduate students only.*,CSEN-PhD: Not Applicable; CSEN-MS: Not Applicable; CSEN-MSCPS: Projects; NTEN-MSNE: Not Applicable ; AINT-MSAI: Elective*,Not Available*,,,,,
CSCI-5350*,Entrepreneurial Projects II*,"Follows CSCI 5340. In the second semester of this entrepreneurial project capstone, student teams will seek to find market traction for a high-fidelity Minimum Viable Product (MVP), software and/or hardware, that they will develop as part of their startup project. Teams will further learn to incorporate principles of marketing, business finance and legal issues into the business model for their startup concept. Does not satisfy breadth requirement. Equivalent - Duplicate Degree Credit Not Granted: CSCI 4358 *",3*,"(SP26) Student may be dropped from course for non-attendance. The waitlist for this class is automatically re-sequenced to allow first priority to CS PhD students and second priority to CS masters students. Until open enrollment date, registration is restricted to Computer Science graduate students only. Non-CS students can waitlist before that date.*",Requisites: Requires a prerequisite course of CSCI 5340 (minimum grade B). Restricted to graduate students only.*,CSEN-PhD: Not Applicable; CSEN-MS: Not Applicable; CSEN-MSCPS: Projects; NTEN-MSNE: Not Applicable ; AINT-MSAI: Elective*,Not Available*,,,,,
CYBR-5030*,Fundamentals of System Administration and Virtualization*,"Introduces the basic use and administration of Unix and Linux systems. Topics include booting and system management, scripting, storage and logical volume management, filesystem configuration, account management and password security, process control, software installation, event logging and system auditing. Students will also develop familiarity with virtualization platforms such as VirtualBox and VMware to implement and test their system configurations. Equivalent - Duplicate Degree Credit Not Granted: CSCI 5030 CSCI 5113 and CYBR 5113 and CSCI 4113 *",3*,None available (FA24-FA26)*,"Requisites: Restricted to Technology, Cybersecurity and Policy MS Majors.*",CSEN-MS: Not Applicable; CSEN-MSCPS: Not Applicable; CSEN-PhD: Not Applicable; NTEN-MSNE: Fundamentals ; AINT-MSAI: Not Applicable*,Not Available*,,,,,
CSCI-5030*,Fundamentals of System Administration and Virtualization*," Introduces the basic use and administration of Unix and Linux systems. Topics include booting and system management, scripting, storage and logical volume management, filesystem configuration, account management and password security, process control, software installation, event logging and system auditing. Students will also develop familiarity with virtualization platforms such as VirtualBox and VMware to implement and test their system configurations. Equivalent - Duplicate Degree Credit Not Granted: CYBR 5030 CSCI 5113 and CYBR 5113 and CSCI 4113*",3*,"(FA26) Introduces the basic use and administration of Unix and Linux systems. Topics include booting and system management,scripting, storage and logical volume management, filesystem configuration, account management and password security, process control, software installation, event logging and system auditing. Students will also develop familiarity with virtualization platforms such as VirtualBox and VMware to implement and test their system configurations. Same as CYBR 5030. Degree credit not granted for this course and CSCI 5113 and CYBR 5113 and CSCI 4113.*",Restricted to Computer Science Network Engineering MS Majors.*,CSEN-MS: Not Applicable; CSEN-MSCPS: Not Applicable; CSEN-PhD: Not Applicable; NTEN-MSNE: Fundamentals ; AINT-MSAI: Not Applicable*,Not Available*,,,,,
CYBR-5113*,Linux System Administration*,"Introduces Linux system administration and related topics. Includes hardware and software installation, storage management, configuration of user accounts and system services, development of automation and monitoring tools, and the provisioning of common network services. This laboratory focused course will provide significant exposure to the network security concerns of Internet connected hosts. Students will build a network of Linux servers from the ground up, using provided computing resources, and must maintain and secure these servers themselves. Previously offered as a special topics course. Equivalent - Duplicate Degree Credit Not Granted: CSCI 5113 and CSCI 4113 CYBR 5030 and CSCI 5030 *",3*,None available (FA24-FA26)*,"Requisites: Restricted to Technology, Cybersecurity and Policy MS Majors.*","CSEN-PhD: Depth; CSEN-MS: Elective; CSEN-MSCPS: Elective, SEC Subplan; NTEN-MSNE: Core, Elective ; AINT-MSAI: Elective*",See course description*,,,,,
CSCI-5020*,Fundamentals of Network Programming*,This course provides an immersion into the foundation theories of network programming and software development for emerging technologies. Students will gain direct experience with real-world programming lab experiments and demonstrations that will relate to the prolific increase of cross-discipline programming. Equivalent - Duplicate Degree Credit Not Granted: CYBR 5020 *,3*,(FA26) Restricted to Computer Science Network Engineering MS Majors.*,Restricted to Computer Science Network Engineering MS Majors.*,CSEN-MS: Not Applicable; CSEN-MSCPS: Not Applicable; CSEN-PhD: Not Applicable; NTEN-MSNE: Fundamentals ; AINT-MSAI: Not Applicable*,"Python; Functions; Loops; Lists; Dictionaries; Data Structures; Object Oriented Programming; OOP; DevOps; CI/CD; Git; GitHub; Network Automation; Modules; Classes; Databases; Subprocess, multithreading, parallel processing; Web servers; Secure programming*",,,,,
CSCI-5010*,Fundamentals of Data Communication*,"Combining conceptual knowledge about data communications and core Internet technologies with hands-on labs that reinforce the conceptual knowledge, this course provides students with the ability to create innovative technology solutions in their discipline. Learning how the Internet works and being able to evaluate and operate an Internet network is a valuable skill; students in this course will have a competitive advantage in this foundational field. Equivalent - Duplicate Degree Credit Not Granted: CYBR 5010*",3*,(FA26) 001: Restricted to Computer Science Network Engineering MS Majors. 002: This class will be taught online and delivered asynchronously which means there are not scheduled days and times. Instructor may determine pacing and deadlines for coursework completion. See course syllabus for more information.This section contains recorded lectures from an in-person or remote section.*,Restricted to Computer Science Network Engineering MS Majors.*,CSEN-MS: Not Applicable; CSEN-MSCPS: Not Applicable; CSEN-PhD: Not Applicable; NTEN-MSNE: Fundamentals ; AINT-MSAI: Not Applicable*,"OSI Network stack; TCP/IP; Internet architecture; Routing; Routing Protocols; Datacenter networking; Switching; STP; Trunking; Spanning Tree; Wireless networking; 802.11; IoT; Data Center; Scalable, efficient, and reliable network systems; NAT; Network Address Translation; Network Security; NMAP; Overlay Network, P2P Network, Content Distribution Network (CDN); TCP Congestion Control; Multimedia Network Protocols; Security Protocols; Understanding Communication Protocols and Data transfer methods for network, client and server technologies; Cisco, Arista or Juniper OS/Technology. Data Modeling Languages (YAML). Scripting*",,,,,
CSCI-5273*,Network Systems*," Focuses on design and implementation of network programs and systems, including topics in network protocols, architectures, client-server computing, software-driven networking, and other contemporary network hardware-software system design and programming techniques. Familiarity with C and Unix is required. Equivalent - Duplicate Degree Credit Not Granted: ECEN 5273 *",3*,"(FA26) Until open enrollment date, registration is restricted to Computer Science graduate students only. Non-CS students can waitlist before that date. The waitlist for this class is automatically re-sequenced to allow first priority to CS PhD students and second priority to CS masters students. Student may be dropped from course for non-attendance. This class will have its last meeting day on Friday, Dec. 4, 2026.*",Restricted to graduate students only. Recommended: Prerequisites CSCI 4273 and CSCI 4573.,"CSEN-PhD: Bin 3, Depth; CSEN-MS: Bin 3, Elective; CSEN-MSCPS: Bin 3, Elective, SEC Subplan, SSC Subplan; NTEN-MSNE: Elective.  NOTE - since CSCI 5273 and ECEN 5273 are cross-listed, ECEN 5273 does not count against non-CS course limit. However, ECEN 5273 is limited to ECEN graduate students. ; AINT-MSAI: Elective*","OSI Network stack; TCP/IP; Internet architecture; Routing; Datacenter networking; Wireless networking; IoT; Socket programming; Scalable, efficient, and reliable network systems*",,,,,
CSCI-6166*,Validation and Uncertainty Quantification for Computational Models*,"Assesses the reliability of computational models, which are used to describe physical and engineering systems in nearly every aspect of our lives, from an airplane wing interacting with turbulent air to the human heart pumping blood. But for various reasons model results might not be reliable. This course formulates and analyzes representations of uncertainty and validation tests for computational models.*",3*,"(SP25) Until open enrollment date, registration is restricted to Computer Science graduate students only. Non-CS students can waitlist before that date. The waitlist for this class is automatically re-sequenced to allow first priority to CS PhD students and second priority to CS masters students. Student may be dropped from course for non-attendance.*","Recommended: Prerequisites probability, linear algebra, calculus*","CSEN-MS: Elective; CSEN-PhD: DepthCSEN-MSCPS: Elective; NTEN-MSNE: Core, Elective ; AINT-MSAI: Elective*",Not Available*,,,,,
CSCI-5840*,Advanced Network Automation*,"Combining lectures, lab experiments, and demonstrations, students in this course will develop advanced skills and knowledge in network automation technologies, services, and tools. They will learn to analyze, evaluate, and apply historical and future services needed for network functionality, maintenance, and troubleshooting. The course will cover a range of topics, from technical to soft skills, including best practices and key theories.*",3*,(FA26) None*,Requires prerequisite course of CSCI 5180 (minimum grade B). Restricted to Network Engineering students only.*,"CSEN-MS: Elective; CSEN-PhD: Elective; CSEN-MSCPS: Elective; NTEN-MSNE: Advanced Elective, Elective ; AINT-MSAI: Elective*",Not Available*,,,,,
CSCI-6118*,Software Engineering for Scientists*,"Learn the core principles of software engineering and design to make scientific software more robust and reproducible. This class targets quantitative scientists with programming skills (in any language) who want to use software in their research. We will cover the version control, testing, benchmarking, data structures, algorithms, and pipelines. This course opens computing to a variety of student disciplines, and is an advanced course in computing geared toward STEM. Instructor approval required for CS majors and CS minors. Previously offered as a special topics course. Equivalent - Duplicate Degree Credit Not Granted: CSCI 4118 *",3*,(FA26) CS majors may take this course upon receiving approval from the instructor. Please email Ryan.Layer@Colorado.edu for more information on how CS majors can enroll in this course. Student may be dropped from course for non-attendance.*,"Restricted to graduate students. Restricted to Non-Computer Science students only. Recommended: Prerequisites ASEN 1320 or CSCI 1200 or CSCI 1300 or CSCI 2275 or ECEN 1310 or INFO 1201, knowledge of a programming language, preferably Python, and upper division STEM course recommended.*",CSEN-MS: Not Applicable; CSEN-PhD: Not Applicable; CSEN-MSCPS: Not Applicable; NTEN-MSNE: Not Applicable ; AINT-MSAI: TBD*,Not Available*,,,,,
CSCI-5612*,Machine Learning for Data Science*,"Explores the data science lifecycle with a focus on machine learning. Topics include data preparation, unsupervised and supervised analyses, ensemble methods, results illustration, and data communication. Unsupervised methods include clustering, association rule mining, and dimensionality reduction. Supervised models include regression, tree-based models, Bayesian models, and support vector machines. Recommended restrictions: This course is specific to Data Science students and the MS-DS degree program, this course would not be suitable for CSCI majors to meet CS degree requirements.*",3*,"(FA26) This section is for DTSC majors only. Please petition here if you are not a DTSC major but would like to be considered for this course. https://cuboulder.qualtrics.com/jfe/form/SV_cuvjZtMLSemsIUS+E29. This class will have its last meeting day on Friday, Dec. 4, 2026.*","Recommended prerequisites: probability, statistics, multivariate calculus, and linear algebra. Recommended restrictions: This course is specific to Data Science students and the MS-DS degree program, this course would not be suitable for CSCI majors to meet CS degree requirements.*","CSEN-MS: Not Applicable; CSEN-PhD: Not Applicable; CSEN-MSCPS: Not Applicable; NTEN-MSNE: Not Applicable, petition required. Students encouraged to take CSCI 5622 instead. CSCI 5612 does not count towards prerequisite requirement for CSCI 5922 Neural Nets and Deep Learning or CSCI 5942 AI Engineering. ; AINT-MSAI: Elective*",Not Available*,,,,,
CSCI-5140*,CLASIC Capstone*,"In this capstone to the Computational Linguistics, Analytics, Search and Informatics (CLASIC) professional master’s program, we will review each student’s internship project and prepare presentations and technical reports based on those internships. Students will present their work on the annual Industry Day or at an Advisory Board meeting to industry representatives. They will also submit a paper to a relevant conference or workshop. Previously offered as a special topics course. Equivalent - Duplicate Degree Credit Not Granted: LING 5140*",2*,"(SP26) Meets in LBB 122a. Students may be administratively dropped for non-attendance. - The waitlist for this class is automatically re-sequenced to allow first priority to CS Ph.D. students and second priority to CS masters students. This class will have its last meeting day on Friday, April 24, 2026.*","Restricted to students in the Computational Linguistics, Analytics, Search and Informatics (CLSI) program only.*",CSEN-MS: Not Applicable; CSEN-PhD: Not Applicable; CSEN-MSCPS: Not Applicable; NTEN-MSNE: Not Applicable. ; AINT-MSAI: Not Applicable*,Not Available*,,,,,
CSCI-5102*,AI-Enhanced Data Mining*,"Introduces fundamental methods and workflows for discovering patterns, structures, and relationships in large-scale datasets. Emphasizes data preparation, pattern discovery, classification, clustering, evaluation, and scalable analysis. Integrates modern data representations and AI-assisted analytics techniques while preserving the core foundations of supervised and unsupervised data mining.*",3*,None available (FA24-FA26)*,Restricted to graduate students. Completion of an introductory programming course (Python or equivalent). Recommended: probability and statistics at the undergraduate level. Prior exposure to dtabases or data management concepts. Familiarity with linear algebra is recommended but not required. This course is specific to Data Science students and the MS-DS degree program. Students are expected to be comfortable working with real-world datasets and programming-based assignments.*,CSEN-MS: Not Applicable; CSEN-PhD: Not Applicable; CSEN-MSCPS: Not Applicable; NTEN-MSNE: Not Applicable/Elective with petition required. Students encouraged to take CSCI 5502 instead. ; AINT-MSAI: TBD*,Not Available*,,,,,
CSCI-5122*,Neural Networks and Deep Learning for Data Science*,"Explores neural networks and their application to real-world data science and AI problems. Covers neural network theory, algorithms, programming, and applications across various data formats. *",3*,"(FA26) 872: This section is for DTSC majors only. Please petition here if you are not a DTSC major but would like to be considered for this course. https://cuboulder.qualtrics.com/jfe/form/SV_cuvjZtMLSemsIUS Credits from this section of the class cannot be counted towards any CSEN graduate degree requirements. Please reach out to your advisor for alternate options. This course has a remote instructor. There will be course support in the classroom to assist students. In-person attendance is required in the hybrid section of this course. If you wish to take this course remotely (same modality as the instructor), please enroll in section 002. This class will be taught using a combination of in person and online or remote instruction modes. This means that some coursework may be completed online at a student's own pace (asynchronous) or remotely at designated times, in addition to having an in person meeting pattern. Watch your CU email for more information from the instructor/department prior to the start of classes. 873: This section is for DTSC majors only. Please petition here if you are not a DTSC major but would like to be considered for this course. https://cuboulder.qualtrics.com/jfe/form/SV_cuvjZtMLSemsIUS Credits from this section of the class cannot be counted towards any CSEN graduate degree requirements. Please reach out to your advisor for alternate options. This class will be taught synchronously as a remote section, which means classes will be held virtually during the days and times listed.*","Recommended: Prerequisites Python programming, college algebra, and differential, integral, and multivariate calculus.*",CSEN-MS: Not Applicable; CSEN-PhD: Not Applicable; CSEN-MSCPS: Not Applicable; NTEN-MSNE: Not Applicable/Elective-petition required. Students encouraged to take CSCI 5922 instead. CSCI 5122 does not count towards corequisite requirement for CSCI 5942 AI Engineering. ; AINT-MSAI: TBD*,Not Available*,,,,,
CSCI-7412*,Cognitive Science Research Applications Seminar 1*,"Independent, interdisciplinary research project in cognitive science for advanced graduate students pursuing a joint PhD in an approved core discipline and cognitive science. Research projects integrate at least two areas within the cognitive sciences: psychology, computer science, linguistics, education, philosophy. Students need commitments from two mentors for their project. Equivalent - Duplicate Degree Credit Not Granted: PSYC 7415 and EDUC 6506 and LING 7415 and PHIL 7415 and SLHS 7418*",2*,"(FA26) Meets in CINC 233. Until open enrollment date, registration is restricted to Computer Science graduate students only. Non-CS students can waitlist before that date. The waitlist for this class is automatically re-sequenced to allow first priority to CS PhD students and second priority to CS masters students.*",Requires a prerequisite course of CSCI 6402 or EDUC 6504 or LING 6200 or PHIL 6310 or PSYC 6200 (minimum grade B). Restricted to graduate students only. Recommended: Prerequisite EDUC 6505.*,"CSEN-MS: Not Applicable; CSEN-PhD: Professional Development [2hr] for joint CSEN-PhD and CogSci PhD Students only, otherwise Not Applicable; CSEN-MSCPS: Not Applicable; NTEN-MSNE: Not Applicable ; AINT-MSAI: Not Applicable*",Not Available*,,,,,
CSCI-7422*,Cognitive Science Research Applications Seminar 2*,"Independent, interdisciplinary research project in cognitive science for advanced graduate students pursuing a joint PhD in an approved core discipline and cognitive science. Research projects integrate at least two areas within the cognitive sciences: psychology, computer science, linguistics, education, philosophy. Students need commitments from two mentors for their project. Equivalent - Duplicate Degree Credit Not Granted: PSYC 7425 and EDUC 6516 and LING 7425 and PHIL 7425 and SLHS 7428*",2*,"(FA26) Meets in CINC 233. Until open enrollment date, registration is restricted to Computer Science graduate students only. Non-CS students can waitlist before that date. The waitlist for this class is automatically re-sequenced to allow first priority to CS PhD students and second priority to CS masters students.*",Requires a prerequisite course of LING 7415 or PSYC 7415 or CSCI 7412 or EDUC 6506 (minimum grade B). Restricted to graduate students only.*,"CSEN-MS: Not Applicable; CSEN-PhD: Professional Development [2hr] for joint CSEN-PhD and CogSci PhD Students only, otherwise Not Applicable; CSEN-MSCPS: Not Applicable; NTEN-MSNE: Not Applicable ; AINT-MSAI: Not Applicable*",Not Available*,,,,,
CSCI-6100*,Computer Science Colloquium*,Learn about innovative research and teaching in computer science by attending talks and discussions by leading researchers and educators. Learn professional presentation skills and etiquette of participating in scientific research presentations. Not repeatable for credit. Students can attend during any term even if they are not enrolled.*,1*,(FA26) This class will be help in person in the Colloquium room. Restricted to Computer Science PhD students*,Restricted to Computer Science (CSCI) PhD students only.*,CSEN-MS: Not Applicable; CSEN-PhD: Professional Development requirement; CSEN-MSCPS: Not Applicable; NTEN-MSNE: Not Applicable ; AINT-MSAI: Not Applicable*,Not Available*,,,,,
CSCI-6200*,Computer Science PhD Career Development*,"Learn how to make the most of your CS PhD by understanding and preparing for a career as a computer science research in academia, industry, and government. Students need to take this class once they complete Preliminary Exam and before their proposal defense. Students 4th year or higher who have their area exams scheduled for the current semester can enroll in the course with permission/verification from their advisors*",1*,"(FA26) Restricted to CS PhD students. This class will not meet on Friday, Dec 4, 2026.*",Requires prerequisite course of CSCI 6000 (minimum grade B). Restricted to Computer Science (CSCI) MS and PhD students only.*,CSEN-MS: Not Applicable; CSEN-PhD: Professional Development; CSEN-MSCPS: Not Applicable; NTEN-MSNE: Not Applicable ; AINT-MSAI: Not Applicable*,Not Available*,,,,,
CSCI-7900*,Doctoral Level Independent Study*,For doctoral students. Repeatable: Repeatable for up to 6.0 total credit hours. Allows multiple enrollment in term.*,1-6*,"Department-controlled enrollment course, does not appear on Class Search*",Restricted to graduate students only.*,CSEN-MS: Not Applicable; CSEN-PhD: Research; CSEN-MSCPS: Not Applicable; NTEN-MSNE: Not Applicable ; AINT-MSAI: Not Applicable*,Not Available*,,,,,
CYBR-5250*,Technology Law and Policy Clinic*,"Features technology law advocacy before administrative, legislative and judicial bodies in the public interest. Formerly TLEN 5250. Instructor consent required. Equivalent - Duplicate Degree Credit Not Granted: LAWS 7809 *",2-4*,None available (FA24-FA26)*,Requisites: Restricted to CYBR/TLEN graduate students.*,"CSEN-PhD: [1-2hrs] Professional Development, [3-4hrs] Depth; CSEN-MS: [1-2hrs] Professional Development [3-4hrs] Elective; CSEN-MSCPS: [1-2 hrs] Not Applicable [3-4 hrs] Elective; NTEN-MSNE: [1-2 hrs] Not Applicable [3-4 hrs] Elective ; AINT-MSAI: Elective [3-4hr], Not Applicable [1-2hr]*",Not Available*,,,,,
CYBR-5830*,Special Topics*,"Current topics in technology, cybersecurity and policy. Repeatable: Repeatable for up to 18.0 total credit hours. Allows multiple enrollment in term. *",1-6*,Depends on section*,Restricted to graduate students only.*,"CSEN-PhD: [1-2hrs] Professional Development, [3-4hrs] Depth; CSEN-MS: [1-2hrs] Professional Development [3-4hrs] Elective; CSEN-MSCPS: [1-2 hrs] Not Applicable [3-4 hrs] Elective; NTEN-MSNE: [1-2 hrs] Not Applicable [3-4 hrs] Elective ; AINT-MSAI: Elective [3-4hr], Not Applicable [1-2hr]*",Not Available*,,,,,
CSCI-7000-2247-008*,[Computational Fabrication]*,"Digital fabrication machines like 3D printers and laser-cutters turn digital designs into physical objects. Computer programming lets us use computation to design things that are otherwise difficult or impossible to do. The blending of these two tools is known as computational fabrication—using computational approaches to design objects that can be physically fabricated. In this course students will explore techniques, representations, and workflows for computational fabrication. Leveraging existing computer-aided design (CAD) tools like Rhino and programming languages such as Grasshopper and Python, students will programmatically design functional and creative objects that they will then create using digital fabrication machines. Along the way, students will discuss ongoing research in the field and evaluate challenges and opportunities with computational fabrication.*",1-4*,(FA24): None*,Restricted to graduate students. Recommended: Students are expected to have some experience with computer programming. Prior experience with CAD/3D Modeling and/or digital fabrication is beneficial but not required.*,"CSEN-PhD: [1-2hrs]Professional Development, [3-4hrs] Depth; CSEN-MS: [1-2hrs] Professional Development [3-4hrs] Elective; CSEN-MSCPS: [1-2 hrs] Not Applicable [3-4 hrs] Elective; NTEN-MSNE: [1-2 hrs] Not Applicable [3-4 hrs] Elective ; AINT-MSAI: Elective [3-4hr], Not Applicable [1-2hr]*",Not Available*,,,,,
ATLS-5519-2247-005*,[Computational Fabrication]*,None*,1-4*,None*,Restricted to graduate students only.,"CSEN-PhD: [1-2hrs]Professional Development, [3-4hrs] Depth; CSEN-MS: [1-2hrs] Professional Development [3-4hrs] Elective; CSEN-MSCPS: [1-2 hrs] Not Applicable [3-4 hrs] Elective; NTEN-MSNE: [1-2 hrs] Not Applicable [3-4 hrs] Elective. Because this course meets with an equivalent section of CSCI 7000, does not count against 2 non-CS course limit ; AINT-MSAI: Elective [3-4hr], Not Applicable [1-2hr]*",Not Available*,,,,,
CSCI-5676*,Numerical Optimization*,"Focuses on computational methods for solution of unconstrained and some constrained optimization problems, nonlinear least-squares problems and systems of nonlinear equations. Formerly CSCI 6676.*",3*,None available (FA24-FA26)*,Restricted to graduate students only. Prerequisite (CSCI 2820 or APPM 2360 or APPM 3310 or MATH 2130 or MATH 2135 or MATH 3130 or MATH 3135) AND (CSCI 3022 or CSCI 3656 or APPM 4650 or MATH 4650 or MCEN 3030 or PHYS 2600) (all minimum grade B).*,"CSEN-PhD: Bin 1, Depth; CSEN-MS: Bin 1, Elective; CSEN-MSCPS: Bin 1, Elective, ANO Subplan, DSE Subplan, NUM Subplan; NTEN-MSNE: Elective ; AINT-MSAI: Elective*",Not Available*,,,,,
CSCI-5244*,Quantum Computation & Information*,"This course will introduce to students basic and important quantum algorithms, complexity classes, error correction and fault-tolerant computing, quantum communication, quantum optimization, and quantum learning. *",3*,"(FA26) Until open enrollment date, registration is restricted to Computer Science graduate students only. Non-CS students can waitlist before that date. The waitlist for this class is automatically re-sequenced to allow first priority to CS PhD students and second priority to CS masters students. Student may be dropped from course for non-attendance.*","Recommended: Calculus, Linear Algebra and Quantum mechanics, introduction to quantum computing for undergraduates*","CSEN-PhD: Bin 1, Depth; CSEN-MS: Bin 1, Elective; CSEN-MSCPS: Bin 1, Elective, NUM Subplan; NTEN-MSNE: Elective ; AINT-MSAI: Elective*",Not Available*,,,,,
CSCI-5526*,Computational Tools for Multiscale Problems*,"Discusses state-of-the-art methods and software for the fast and accurate numerical solution of problems with features on multiple scales. This course starts from the fundamentals of numerical computation (linear solve, interpolation, differentiation, quadrature) and builds up to hybrid ODE solvers and boundary integral equation methods. Methods for developing scientific computing software will be discussed and practiced in-class and via assignments. *",3*,"(FA26) Please see the course website for the syllabus, lecture notes, and recommended reading. https://cu-comptools.github.io/fall2024/intro.html. Until open enrollment date, registration is restricted to Computer Science graduate students only. Non-CS students can waitlist before that date. The waitlist for this class is automatically re-sequenced to allow first priority to CS PhD students and second priority to CS masters students. Student may be dropped from course for non-attendance.*","Restricted to graduate students only. Recommended: Prerequisite CSCI 3656 Numerical Computation, CSCI 5636 Numerical Solution of Partial, Differential Equations, Knowledge of a programming language (eg Python, C++, MATLAB), Linear algebra, and Calculus, including vector calculus, Complex analysis.*","CSEN-PhD: Bin 1, Depth; CSEN-MS: Bin 1, Elective; CSEN-MSCPS: Bin 1, Elective, NUM Subplan; NTEN-MSNE: Elective ; AINT-MSAI: Elective*",Not Available*,,,,,
CSCI-7000-2247-014*,[Tools for multiscale problems]*,"Computational tools for multiscale problems. Physical phenomena are often described in terms of ordinary and partial differential equations (ODEs and PDEs) with interactions and features on multiple scales. Some of these systems are notoriously hard to solve but are of great interest in scientific and engineering applications. In this course you will learn about state-of-the-art methods and software for the fast numerical solution of such systems, focusing on several types of oscillatory ODEs and PDEs in complex geometric settings. We will cover hybrid methods for oscillatory and stiff ODEs, asymptotic approximations, specialized quadrature methods for numerical integration, and introduce powerful boundary integral-based methods for PDEs. We will review famous publications and use both long-standing and cutting edge software packages.*",3*,(FA24): The waitlist for this class is automatically re-sequenced to allow first priority to CS PhD students and second priority to CS masters students.*,Restricted to graduate students only. *,"CSEN-PhD: Bin 1, Depth; CSEN-MS: Bin 1, Elective; CSEN-MSCPS: Bin 1, Elective, NUM Subplan; NTEN-MSNE: Elective. NOTE - this course later renumbered to CSCI 5526, no longer offered as a Special Topics course. ; AINT-MSAI: Elective*",Not Available*,,,,,
ECEN-5423*,Chaotic Dynamics*,"Explores chaotic dynamics theoretically and through computer simulations. Covers the standard computational and analytical tools used in nonlinear dynamics and concludes with an overview of leading-edge chaos research. Topics include time and phase-space dynamics, surfaces of section, bifurcation diagrams, fractal dimension and Lyapunov exponents. Equivalent - Duplicate Degree Credit Not Granted: CSCI 4446 and ECEN 4423 and CSCI 5446 *",3*,None available (FA24-FA26)*,None*,"CSEN-PhD: Bin 1, Depth; CSEN-MS: Bin 1, Elective; CSEN-MSCPS: Bin 1, Elective, NUM Subplan; NTEN-MSNE: Elective; NOTE - since CSCI 5446 and ECEN 5423 are cross-listed, ECEN 5423 does not count against non-CS course limit. However, ECEN 5423 is limited to ECEN graduate students. ; AINT-MSAI: Elective*",Not Available*,,,,,
CSCI-5932*,Deep Reinforcement Learning*,"Explore the principles of deep reinforcement learning (DRL) and its applications to robotics. Learn to design, train, and deploy DRL models for robotic tasks, emphasizing control, perception, and decision-making in complex environments. Through hands-on projects and simulations, develop the skills to tackle real-world challenges in autonomous robotics using state-of-the-art algorithms and tools. Equivalent - Duplicate Degree Credit Not Granted: CSCI 4932 and ROBO 5329 *",3*,"(FA26) Until open enrollment date, registration is restricted to Computer Science graduate students only. Non-CS students can waitlist before that date. The waitlist for this class is automatically re-sequenced to allow first priority to CS PhD students and second priority to CS masters students. Student may be dropped from course for non-attendance.*","Restricted to graduate students only. Recommended prerequisites: Intro to Robotics (CSCI 5202 or ROBO 5000), Advanced Robotics (CSCI 5302 or ROBO 5302), or Fundamentals of Neural Networks and Deep Learning (CSCI 5922). Recommended restrictions: Proficiency in Python and ideally LaTeX, Linear Algebra and Calculus, Probability and Statistics, Foundations of Machine Learning and Numerical Optimization.*","CSEN-PhD: Bin 2, Depth; CSEN-MS: Bin 2, Elective; CSEN-MSCPS: Bin 2, Elective, AIG Subplan, RBT Subplan; NTEN-MSNE, Elective ; AINT-MSAI: Elective*",Not Available*,,,,,
ROBO-5329*,Deep Reinforcement Learning*,"Explore the principles of deep reinforcement learning (DRL) and its applications to robotics. Learn to design, train, and deploy DRL models for robotic tasks, emphasizing control, perception, and decision-making in complex environments. Through hands-on projects and simulations, develop the skills to tackle real-world challenges in autonomous robotics using state-of-the-art algorithms and tools. Recommended restrictions: Proficiency in Python and ideally LaTeX, Linear Algebra and Calculus, Probability and Statistics, Foundations of Machine Learning and Numerical Optimization. qEquivalent - Duplicate Degree Credit Not Granted: CSCI 4932 and CSCI 5932 *",3*,"(FA26) Until open enrollment date, registration is restricted to Computer Science graduate students only. Non-CS students can waitlist before that date. The waitlist for this class is automatically re-sequenced to allow first priority to CS PhD students and second priority to CS masters students. Student may be dropped from course for non-attendance.*","Restricted to graduate students only. Recommended: Prerequisites Intro to Robotics (CSCI 5202 or ROBO 5000), Advanced Robotics (CSCI 5302 or ROBO 5302), or Machine Learning (CSCI 5622).*","CSEN-PhD: Bin 2, Depth; CSEN-MS: Bin 2, Elective; CSEN-MSCPS: Bin 2, Elective, AIG Subplan, RBT Subplan; NTEN-MSNE, Elective; NOTE - since CSCI 5932 and ROBO 5329 are cross-listed, ROBO 5329 does not count against non-CS course limit. ; AINT-MSAI: Depth*",Not Available*,,,,,
CSCI-7000-2257-010*,[Deep Reinfrcmnt Lrng-Rbtics]*,None*,3*,"(FA25): This class will have its last meeting day on Friday, Dec. 5, 2025.*",Restricted to graduate students only.*,"CSEN-PhD: Bin 2, Depth; CSEN-MS: Bin 2, Elective; CSEN-MSCPS: Bin 2, Elective, AIG Subplan, RBT Subplan; NTEN-MSNE, Elective; NOTE - this course later renumbered to CSCI 5932, no longer offered as a Special Topics course. ; AINT-MSAI: Depth*",Not Available*,,,,,
ROBO-7000-2257-010*,Deep Reinfrcmnt Lrng-Rbtics*,None*,3*,"This class will have its last meeting day on Friday, Dec. 5, 2025.*",Restricted to graduate students in the College of Engineering*,"CSEN-PhD: Bin 2, Depth; CSEN-MS: Bin 2, Elective; CSEN-MSCPS: Bin 2, Elective, AIG Subplan, RBT Subplan; NTEN-MSNE: Elective. Because this course meets with an equivalent section of CSCI 7000, this course does not count against the non-CS course limit. Course equivalent to CSCI 5932 and ROBO 5329 ; AINT-MSAI: Elective*",Not Available*,,,,,
CSCI-5202*,Introduction to Robotics*,"Provides a broad introduction to principles and skills related to the field of robotics and is intended to create a strong robotics-focused foundation for students with a wide range of technical backgrounds. Topics include software development, path planning algorithms, kinematics, dynamics & controls and perception. Through these topics, students will develop skills that enable them to implement algorithms that encompass the entire robot operational loop of sensing, thinking, and acting. Prior programming experience is recommended. Equivalent - Duplicate Degree Credit Not Granted: ROBO 5000 and MCEN 5301 *",3*,"(SP26) Until open enrollment date, registration is restricted to Computer Science graduate students only. Non-CS students can waitlist before that date. The waitlist for this class is automatically re-sequenced to allow first priority to CS PhD students and second priority to CS masters students. Student may be dropped from course for non-attendance. This class will have its last meeting day on Friday, April 24, 2026.*",Restricted to graduate students only.*,"CSEN-PhD: Bin 2, Depth; CSEN-MS: Bin 2, Elective; CSEN-MSCPS: Bin 2, Elective, AIG Subplan, RBT Subplan; NTEN-MSNE: Elective. NOTE - since CSCI 5202 and ROBO 5000 are cross-listed, ROBO 5000 does not count against non-CS course limit. However, ROBO 5000 is limited to Robotics graduate students. ; AINT-MSAI: Depth*",Not Available*,,,,,
CSCI-5942*,"AI Engineering: Building, Scaling, and Deploying Large-Scale Models*","Engineers and analyzes the trade-offs in large-scale AI systems. This course connects model architecture design with the practical, distributed systems required to train and serve them. Covers the full engineering lifecycle, including data curation, distributed training, inference optimization, and scaling large language models. *",3*,"(FA26) The waitlist for this class is automatically re-sequenced to allow first priority to CS PhD students and second priority to CS masters students. Until open enrollment date, registration is restricted to Computer Science graduate students only. Non-CS students can waitlist before that date. Student may be dropped from course for non-attendance.*","CSCI 5622 Machine Learning or its equivalent, Corequisite: CSCI 5922 Neural Nets and Deep Learning. Recommended prerequisite: strong programming proficiency in Python, experience with a modern ML framework (eg, PyTorch), and proficiency with git and command-line environments.*","CSEN-PhD: Bin 2, Elective; CSEN-MS: Bin 2, Elective; CSEN-MSCPS: Bin 2, Elective, AIG Subplan, RBT Subplan; NTEN-MSNE: Elective ; AINT-MSAI: Core*",Not Available*,,,,,
ROBO-5000*,Introduction to Robotics*,"Provides a broad introduction to principles and skills related to the field of robotics and is intended to create a strong robotics-focused foundation for students with a wide range of technical backgrounds. Topics include software development, path planning algorithms, kinematics, dynamics & controls and perception. Through these topics, students will develop skills that enable them to implement algorithms that encompass the entire robot operational loop of sensing, thinking, and acting. Prior programming experience is recommended. Equivalent - Duplicate Degree Credit Not Granted: CSCI 5202 and MCEN 5301 *",3*,"(FA26) This class will have its last meeting day on Friday, Dec. 4, 2026.*","Restricted to graduate students in the College of Engineering. Recommended: Robot operational loop of sensing, thinking, and acting. Prior programming experience is recommended*","CSEN-PhD: Bin 2, Elective; CSEN-MS: Bin 2, Elective; CSEN-MSCPS: Bin 2, Elective, AIG Subplan, RBT Subplan; NTEN-MSNE: Elective. NOTE - since CSCI 5202 and ROBO 5000 are cross-listed, ROBO 5000 does not count against non-CS course limit. However, ROBO 5000 is limited to Robotics graduate students. ; AINT-MSAI: Depth*",Not Available*,,,,,
ROBO-5302*,Advanced Robotics*,Exposes students to current research topics in the field of robotics and provides hands-on experience in solving a grand challenge program. Equivalent - Duplicate Degree Credit Not Granted: CSCI 4302 and CSCI 5302 and MCEN 5302 *,3*,"(SP26) Student may be dropped from course for non-attendance. The waitlist for this class is automatically re-sequenced to allow first priority to CS PhD students and second priority to CS masters students. Until open enrollment date, registration is restricted to Computer Science graduate students only. Non-CS students can waitlist before that date. This class will have its last meeting day on Friday, April 24, 2026.*",Restricted to graduate students only. Prerequisite of CSCI 5202 or ROBO 5000 or ((ASEN 5254 and (ASEN 5014 or 5044 or MCEN 5448 or ECEN 5448)). Recommended: Prerequisite CSCI 3302 or instructor consent required.*,"CSEN-PhD: Bin 2, Elective; CSEN-MS: Bin 2, Elective; CSEN-MSCPS: Bin 2, Elective, AIG Subplan, RBT Subplan; NTEN-MSNE: Elective. NOTE - since CSCI 5302 and ROBO 5302 are cross-listed, ROBO 5302 does not count against non-CS course limit. However, ROBO 5302 is limited to Robotics graduate students. ; AINT-MSAI: Depth*",Not Available*,,,,,
CSCI-5402*,Research Methods in Human-Computer Interaction (HCI)*," Introduces students to the field of human-robot interaction (HRI). Covers HRI theory, principles, methodologies, and applications with links to robotics, artificial intelligence, human factors, human-computer interaction, design, cognitive psychology, education and other domains. Coursework includes readings from state-of-the-art in HRI research, team exercises and problem-solving sessions, and implementation and evaluation of a human-robot interaction systems for specific applications. Equivalent - Duplicate Degree Credit Not Granted: ATLS 5402 *",3*,None available (FA24-FA26)*,Restricted to graduate students only.*,"CSEN-PhD: Bin 2, Elective; CSEN-MS: Bin 2, Elective; CSEN-MSCPS: Bin 2, Elective, HCC Subplan; NTEN-MSNE: Elective. NOTE - this course is cross-listed with ATLS 5402, so ATLS 5402 does not count against non-CS course limit, but the ATLS course  may have additional restrictions. ; AINT-MSAI: Elective*",Not Available*,,,,,
ATLS-5402*,Research Methods in Human-Robo Interaction*,"Introduces students to the field of human-robot interaction (HRI). Covers HRI theory, principles, methodologies, and applications with links to robotics, artificial intelligence, human factors, human-computer interaction, design, cognitive psychology, education and other domains. Coursework includes readings from state-of-the-art in HRI research, team exercises and problem-solving sessions, and implementation and evaluation of a human-robot interaction systems for specific applications. Equivalent - Duplicate Degree Credit Not Granted: CSCI 5402*",3*,None available (FA24-FA26)*,Requisites: Restricted to graduate students only.*,"CSEN-PhD: Bin 2, Elective; CSEN-MS: Bin 2, Elective; CSEN-MSCPS: Bin 2, Elective, HCC Subplan; NTEN-MSNE: Elective. NOTE - this course is cross-listed with ATLS 5402, so ATLS 5402 does not count against non-CS course limit, but the ATLS course may have additional restrictions. ; AINT-MSAI: Elective*",Not Available*,,,,,
ATLS-5616*,Introduction to Mixed Reality (formerly Introduction to Virtual Reality)*,"This course introduces the rapidly evolving field of mixed reality (MR), including augmented (AR) and virtual reality (VR). Students gain foundational knowledge and hands-on experience through readings, discussions, and MR application development. Topics include MR frameworks, tangible interaction, sensing, gestural input, spatial collaboration, and AI for MR, with applications in education, healthcare, robotics, and more. Equivalent - Duplicate Degree Credit Not Granted: CSCI 4616 and ATLS 4616 and CSCI 5616*",3*,(FA26) None*,None*,"CSEN-PhD: Bin 2, Elective; CSEN-MS: Bin 2, Elective; CSEN-MSCPS: Bin 2, Elective, HCC Subplan; NTEN-MSNE: Elective. NOTE - this course is cross-listed with ATLS 5616, so ATLS 5616 does not count against non-CS course limit. ATLS course may have additional restrictions. ; AINT-MSAI: Elective*",Not Available*,,,,,
CSCI-5616*,Introduction to Mixed Reality (formerly Introduction to Virtual Reality)*,"This course introduces the rapidly evolving field of mixed reality (MR), including augmented (AR) and virtual reality (VR). Students gain foundational knowledge and hands-on experience through readings, discussions, and MR application development. Topics include MR frameworks, tangible interaction, sensing, gestural input, spatial collaboration, and AI for MR, with applications in education, healthcare, robotics, and more. Equivalent - Duplicate Degree Credit Not Granted: CSCI 4616 and ATLS 4616 and ATLS 5616 *",3*,"(FA26) Until open enrollment date, registration is restricted to Computer Science graduate students only. Non-CS students can waitlist before that date. The waitlist for this class is automatically re-sequenced to allow first priority to CS PhD students and second priority to CS masters students. Student may be dropped from course for non-attendance.*",Restricted to graduate students only. Recommended prerequisite: CSCI 2270 or CSCI 2275 (minimum grade B).*,"CSEN-PhD: Bin 2, Elective; CSEN-MS: Bin 2, Elective; CSEN-MSCPS: Bin 2, Elective, HCC Subplan; NTEN-MSNE: Elective. NOTE - this course is cross-listed with ATLS 5616, so ATLS 5616 does not count against non-CS course limit. ATLS course may have additional restrictions. ; AINT-MSAI: Elective*",Not Available*,,,,,
CSCI-7000-2257-016*,[Intro to Mixed Reality]*,None*,3*,(FA25):The waitlist for this class is automatically re-sequenced to allow first priority to CS PhD students and second priority to CS masters students. Student may be dropped from course for non-attendance.*,Restricted to graduate students only.*,"CSEN-PhD: Bin 2, Elective; CSEN-MS: Bin 2, Elective; CSEN-MSCPS: Bin 2, Elective, HCC Subplan; NTEN-MSNE: Elective. NOTE - this course later renumbered to CSCI 5616, no longer offered as a Special Topics course. NOTE - this course is cross-listed with ATLS 5616, so ATLS 5616 does not count against non-CS course limit. ATLS course may have additional restrictions. ; AINT-MSAI: Elective*",Not Available*,,,,,
ECEN-5273*,Network Systems*,"Focuses on design and implementation of network programs and systems, including topics in network protocols, architectures, client-server computing, software-driven networking, and other contemporary network hardware-software system design and programming techniques. Familiarity with C and Unix is required. Equivalent - Duplicate Degree Credit Not Granted: CSCI 5273 *",3*,"(FA26) If you need permission to enroll due to a course prerequisite or other enrollment error code, please fill out our ECEE Graduate-Level Course Request Form: https://forms.gle/UpFTXq2EDgCNA7X78 - This class will have its last meeting day on Friday, Dec. 4, 2026.*",Recommended: Familiarity with C and Unix is required.*,"CSEN-PhD: Bin 3, Depth; CSEN-MS: Bin 3, Elective; CSEN-MSCPS: Bin 3, Elective, SEC Subplan, SSC Subplan; NTEN-MSNE: Elective.  NOTE - since CSCI 5273 and ECEN 5273 are cross-listed, ECEN 5273 does not count against non-CS course limit. However,ECEN 5273 is limited to ECEN graduate students. ; AINT-MSAI: Elective*",Not Available*,,,,,
CSCI-5523*,Modern Offens and Defense in Cybersecurity*,"Introduce students to the modern techniques used in cyber-attacks and defenses. Topics covered: Stack canary, ASLR, SMEP/SMAP, CFI, Program Misusing, ROP, JOP, ret2lib, off-by-one, unsafe-unlink, UAF, ptmalloc, t-cache, Race condition, Kernel Exploitation.*",3*,"(SP26) Until open enrollment date, registration is restricted to Computer Science graduate students only. Non-CS students can waitlist before that date. The waitlist for this class is automatically re-sequenced to allow first priority to CS PhD students and second priority to CS masters students. Student may be dropped from course for non-attendance. This class will have its last meeting day on Friday, April 24, 2026.*","Restricted to graduate students only. Recommended: Prerequisites CSCI 2400, ECEN 4133.*","CSEN-PhD: Bin 3, Depth; CSEN-MS: Bin 3, Elective; CSEN-MSCPS: Bin 3, Elective, SEC Subplan; NTEN-MSNE: Elective ; AINT-MSAI: Elective*",Not Available*,,,,,
CSCI-5525*,Compiler Construction*,"Introduces the principles and techniques for compiling high-level programming languages to assembly code. Topics include parsing, instruction selection, register allocation, and compiling high-level features such as polymorphism, first-class functions, and objects. Students build a complete compiler for a simple language.Equivalent - Duplicate Degree Credit Not Granted: CSCI 4555 and ECEN 4553 and ECEN 5523 *",3*,"(SP25) Student may be dropped from course for non-attendance. The waitlist for this class is automatically re-sequenced to allow first priority to CS PhD students and second priority to CS masters students. Until open enrollment date, registration is restricted to Computer Science graduate students only. Non-CS students can waitlist before that date.*",Restricted to graduate students only. Recommended: Prerequisites CSCI 3155 and CSCI 2400 or ECEN 3350 (or ECEN 2360)*,"CSEN-PhD: Bin 3, Depth; CSEN-MS: Bin 3, Elective; CSEN-MSCPS: Bin 3, Elective, SSC Subplan; NTEN-MSNE: Elective ; AINT-MSAI: Elective*",Not Available*,,,,,
CSCI-5263*,Quantum Computer Architecture and Systems*,"Examine the architecture and system-level design of quantum computers. Learn programming, compilation, error correction, and noise mitigation through integrated lectures and labs using leading quantum SDKs. Apply these concepts in a research-based project to improve reliability and enhance the security of emerging quantum systems. Equivalent - Duplicate Degree Credit Not Granted: CSCI 4263*",3*,"(FA26) Until open enrollment date, registration is restricted to Computer Science graduate students only. Non-CS students can waitlist before that date. The waitlist for this class is automatically re-sequenced to allow first priority to CS PhD students and second priority to CS masters students. Student may be dropped from course for non-attendance.*",Restricted to graduate students only*,"CSEN-PhD: Bin 3, Depth; CSEN-MS: Bin 3, Elective; CSEN-MSCPS: Bin 3, Elective, SSC Subplan; NTEN-MSNE: Elective ; AINT-MSAI: Elective*",Not Available*,,,,,
CSCI-7000-2257-002*,[Quantum Comp. Architecture Sys]*,"Quantum computers have the potential to outperform current and future classical supercomputers. However, quantum hardware is noisy and prone to errors, making it unreliable for running quantum programs. Security is also critical: since quantum computers are accessed via cloud, there are concerns that untrusted providers could compromise users’ intellectual property. This course engages students in full-stack optimization across the quantum software stack—from the application layer and programming languages to compilers, quantum error correction, and error mitigation—providing them with the opportunity to research, develop, and apply advanced techniques that strengthen hardware reliability as well as program security and privacy. No prior background in quantum computing is required. The course combines lectures on fundamental principles and platform surveys, reading and discussing state-of-the-art research papers from top-tier conferences in computer architecture and quantum computing (ISCA, ASPLOS, HPCA, MICRO, and QCE), hands-on programming labs with Python and quantum SDKs, and a final project focused on quantum computer architecture and systems.*",3*,"(FA25): Until open enrollment date, registration is restricted to Computer Science graduate students only. Non-CS students can waitlist before that date. The waitlist for this class is automatically re-sequenced to allow first priority to CS PhD students and second priority to CS masters students. Student may be dropped from course for non-attendance.*",Restricted to graduate students only.*,"CSEN-PhD: Bin 3, Depth; CSEN-MS: Bin 3, Elective; CSEN-MSCPS: Bin 3, Elective, SSC Subplan; NTEN-MSNE: Elective. NOTE - this course later renumbered to CSCI 5263, no longer offered as a Special Topics course. ; AINT-MSAI: Elective*",Not Available*,,,,,
CSCI-7000-2247-015*,[Quantum Comp. Architecture Sys]*,"Quantum computers can solve many important problems that today's best classical supercomputers cannot handle. However, quantum hardware is prone to errors, making it unreliable for running quantum programs. Security is also a key concept as quantum computers are accessed via the cloud raising concerns about untrusted providers having access to the intellectual property of their users. This course aims to explore cutting-edge software techniques to improve quantum hardware reliability and to enhance program security and privacy. No prior quantum computing background is required. The course begins with basic quantum computing principles, covers various types of quantum computers, and includes hands-on programming of different types of quantum computers using Python and quantum Software Development Kits like Qiskit. Students will analyze and discuss state-of-the-art research papers from top-tier computer architecture and quantum computing conferences, including ISCA, ASPLOS, HPCA, MICRO, and QCE. Additionally, students can participate in Python or C/C++ software development to address key challenges of quantum computers.*",3*,(FA24): The waitlist for this class is automatically re-sequenced to allow first priority to CS PhD students and second priority to CS masters students.*,Restricted to graduate students only. *,"CSEN-PhD: Bin 3, Depth; CSEN-MS: Bin 3, Elective; CSEN-MSCPS: Bin 3, Elective, SSC Subplan; NTEN-MSNE: Elective. NOTE - this course later renumbered to CSCI 5263, no longer offered as a Special Topics course. ; AINT-MSAI: Elective*",Not Available*,,,,,
ECEN-5533*,Fundamental Concepts of Programming Languages*,"Introduces the principles and techniques for compiling high-level programming languages to assembly code. Topics include parsing, instruction selection, register allocation, and compiling high-level features such as polymorphism, first-class functions, and objects. Students build a complete compiler for a simple language. Equivalent - Duplicate Degree Credit Not Granted: CSCI 4555 and ECEN 4553 and CSCI 5525 *",3*,"(FA26) If you need permission to enroll due to a course prerequisite or other enrollment error code, please fill out our ECEE Graduate-Level Course Request Form: https://forms.gle/UpFTXq2EDgCNA7X78*",Requires prerequisite course CSCI 3155 (minimum grade D-).*,"CSEN-PhD: Bin 3, Depth; CSEN-MS: Bin 3, Elective; CSEN-MSCPS: Bin 3, Elective, SSC Subplan; NTEN-MSNE: Elective; NOTE - since CSCI 5535 and ECEN 5533 are cross-listed, ECEN 5533 does not count against non-CS course limit. However, ECEN 5533 is limited to ECEN graduate students. ; AINT-MSAI: Elective*",Not Available*,,,,,
CSCI-5535*,Fundamental Concepts of Programming Languages*,Considers concepts common to a variety of programming languages--how they are described (both formally and informally) and how they are implemented. Provides a firm basis for comprehending new languages and gives insight into the relationship between languages and machines. Equivalent - Duplicate Degree Credit Not Granted: ECEN 5533 *,3*,"(FA26) The waitlist for this class is automatically re-sequenced to allow first priority to CS PhD students and second priority to CS masters students. Until open enrollment date, registration is restricted to Computer Science graduate students only. Non-CS students can waitlist before that date. Student may be dropped from course for non-attendance.*",Restricted to graduate students only. Recommended: Prerequisite CSCI 3155 or instructor consent required.*,"CSEN-PhD: Bin 3, Depth; CSEN-MS: Bin 3, Elective; CSEN-MSCPS: Bin 3, Elective, SSC Subplan; NTEN-MSNE: Elective; NOTE - since CSCI 5535 and ECEN 5533 are cross-listed, ECEN 5533 is limited to ECEN graduate students. ; AINT-MSAI: Elective*",Not Available*,,,,,
CSCI-5403*,Introduction to Computing Security*," Introduces core concepts in cybersecurity including confidentiality, integrity, authentication, risk management, and adversarial thinking. The concepts will be applied to both traditional information technology (IT) systems and cyber physical systems (CPS). At the conclusion of the course, students should have a solid foundation in cybersecurity and hands-on experience. Students must have access to either native or virtual machines running on Windows OR Linux (Parrot, Kali, Ubuntu). Equivalent - Duplicate Degree Credit Not Granted: CYBR 5300 *",3*,"(FA26) The waitlist for this class is automatically re-sequenced to allow first priority to CS PhD students and second priority to CS masters students. Until open enrollment date, registration is restricted to Computer Science graduate students only. Non-CS students can waitlist before that date. Student may be dropped from course for non-attendance.*","Restricted to graduate students only. Students must have access to either native or virtual machines running on Windows OR Linux (Parrot, Kali, Ubuntu). Recommended: Prerequisite This course requires programming ability, a number of computing courses, mathematical maturity, some familiarity with Unix operating systems (command-line experience, system administration OR Operating Systems OR Computer Architecture), and programming/scripting ability in a high-level language (basic programming). *","CSEN-PhD: Bin 3, Elective; CSEN-MS: Bin 3, Elective; CSEN-MSCPS: Bin 3, Elective, SEC Subplan; NTEN-MSNE: Elective ; AINT-MSAI: Elective*",Not Available*,,,,,
CYBR-5300*,Cybersecurity*,"Introduces core concepts in cybersecurity including confidentiality, integrity, authentication, risk management, and adversarial thinking. The concepts will be applied to both traditional information technology (IT) systems and cyber physical systems (CPS). The course provides a cyber security foundation that will allow practitioners in other fields apply to understand cyber security trade-offs and will also provide interested students with a basis further study in cyber security. At the conclusion of the course, students should have a solid foundation in cybersecurity and hands-on experience. Equivalent - Duplicate Degree Credit Not Granted: CSCI 5403 *",3*,(FA24) 001: None. 002: This class will be taught online and delivered asynchronously which means there are not scheduled days and times. Instructor may determine pacing and deadlines for coursework completion. See course syllabus for more information. This section contains recorded lectures from an in-person or remote section.*,"Restricted to graduate students only. Students must have access to either native or virtual machines running on Windows OR Linux (Parrot, Kali, Ubuntu).*","CSEN-PhD: Bin 3, Elective; CSEN-MS: Bin 3, Elective; CSEN-MSCPS: Bin 3, Elective, SEC Subplan; NTEN-MSNE: Elective; CYBR courses do not count against the non-CS course limit. ; AINT-MSAI: Elective*",Not Available*,,,,,
CSCI-6930*,Professional Internship*,This class provides a structure for CS graduate students to receive academic credit for internships with industry partners that have an academic component to them suitable for graduate-level work. Participation in the program will consist of an internship agreement between a student and an industry partner who will employ the student in a role that supports the academic goals of the internship. Instructor participation will include facilitation of mid-term and final assessments of student performance as well as support for any academic-related issues that may arise during the internship period. May be taken during any term following initial enrollment and participation in CS graduate programs. Repeatable: Repeatable for up to 50.0 total credit hours.*,1-3*,"Department-controlled enrollment course, does not appear on Class Search*",Restricted to graduate students only.*,CSEN-PhD: Depth [3 hrs only]; CSEN-MS: Elective [3 hrs only]; CSEN-MSCPS: Elective [3 hrs only]; NTEN-MSNE: Elective [3 hrs only] ; AINT-MSAI: Not Applicable*,Not Available*,,,,,
ATLS-5519-2261-802*,[Brain-Body Music Interfaces]*,None*,1-3*,"Class location: ATLS 234, Brain Music Lab. Class time: Class meets on Wednesdays from 11:00 - 12:30 in Dr. Grace Leslie's lab, ATLS 234*",Restricted to graduate students only.,"CSEN-PhD: Depth [3 hrs] Professional Development [1-2hrs]; CSEN-MS: Elective [3 hrs] Professional Development [1-2hrs]; CSEN-MSCPS: Elective [3 hrs only], Not Applicable [1-2 hrs]; NTEN-MSNE: Elective [3 hrs], Not-Applicable [1-2 hrs] ; AINT-MSAI: Elective [3hr], Not Applicable [1-2hr]*",Not Available*,,,,,
CSCI-6454*,Advanced Algorithms*,"Topics include matching and network flows, matroids, computational geometry, parallel computation (PRAM, hypercube, mesh). Also includes Vlsi, database theory, distributed computation, cryptography, robotics, scheduling, probabilistic algorithms, approximation algorithms, average case, and amortized analysis, time permitting.*",3*,"(SP26) Until open enrollment date, registration is restricted to Computer Science graduate students only. Non-CS students can waitlist before that date. The waitlist for this class is automatically re-sequenced to allow first priority to CS PhD students and second priority to CS masters students. Student may be dropped from course for non-attendance.*",Requires prerequisite course of CSCI 5454 (minimum grade B). Restricted to graduate students only.*,"CSEN-PhD: Depth; CSEN-MS: Elective;  CSEN-MSCPS: Elective, HCC Subplan; NTEN-MSNE: Elective ; AINT-MSAI: Elective*",Not Available*,,,,,
CSCI-5423*,Biologically-Inspired Multi-Agent Systems*,"Explores the principles and emergent properties of collective dynamics through computational modeling and theory. Focuses on multi-agent systems using insights from biology, like the self-assemblage of cells and insect colony behavior. Topics include designing swarm intelligence, networked agents, cellular computing and self-assembly, optimization, synchronization, and evolutionary computation. Uses cross-discipline research developments to practice applied techniques. Biology background is not required.*",3*,"(SP26) Until open enrollment date, registration is restricted to Computer Science graduate students only. Non-CS students can waitlist before that date. The waitlist for this class is automatically re-sequenced to allow first priority to CS PhD students and second priority to CS masters students. Student may be dropped from course for non-attendance.*",Restricted to graduate students only. Recommended: Prerequisite CSCI 2270 and basic knowledge of programming.*,CSEN-PhD: Depth; CSEN-MS: Elective; CSEN-MSCP: Elective; NTEN-MSNE: Elective ; AINT-MSAI: Elective*,Not Available*,,,,,
CSCI-5135*,Computer-Aided Verification*,"Covers theoretical and practical aspects of verification of finite-state systems (hardware) and infinite-state systems (programs). Model checking: temporal logics, explicit-state and symbolic search, BDDs. Constraint solvers: SAT solvers, decision procedures. Program verification: invariants, partial vs. total correctness, abstraction. Department enforced requisite: general proficiency in discrete mathematics and programming. Equivalent - Duplicate Degree Credit Not Granted: ECEN 5139 *",3*,"(FA25) Until open enrollment date, registration is restricted to Computer Science graduate students only. Non-CS students can waitlist before that date. The waitlist for this class is automatically re-sequenced to allow first priority to CS PhD students and second priority to CS masters students. Student may be dropped from course for non-attendance.*",Restricted to graduate students only. Recommended: Prerequisites ECEN 2703 and general proficiency in discrete mathematics and programming.*,"CSEN-PhD: Depth; CSEN-MS: Elective; CSEN-MSCPS: Bin 3, Elective, SSC Subplan; NTEN-MSNE: Elective ; AINT-MSAI: Elective*",Not Available*,,,,,
CSCI-7000-2267-015*,[Foundation Model and Alignment]*,"This research-based course covers the fundamentals of foundation models, which are pre-trained architectures trained on large (and potentially multi-modal) datasets using self-supervised methods such that the models can be efficiently fine-tuned for downstream tasks. We will cover variants of these models, including Large Language Models (LLMs), Vision-Language Models (VLMs), Large Reasoning Models (LRMs), and Vision-Language-Action models (VLAs). We will also cover topics in aligning these models to human values, including popular methods like reinforcement learning from human feedback and direct preference optimization. Students will be assigned research papers to read and present and they will propose an original research idea of their own by the end of the course.*",3*,"This class will have its last meeting day on Friday, Dec. 4, 2026. The waitlist for this class is automatically re-sequenced to allow first priority to CS PhD students and second priority to CS masters students.*",Restricted to graduate students only.*,CSEN-PhD: Depth; CSEN-MS: Elective; CSEN-MSCPS: Elective (?); NTEN-MSNE: Elective ; AINT-MSAI: Elective*,Not Available*,,,,,
CSCI-5114*,Practical Algorithmic Complexity*,"When coming across an algorithmic problem, how do we think about how hard it is? Beyond just how much time or memory it takes, computational complexity offers a plethora of concepts for understanding this fundamental question. This leads to the appropriate choice of algorithm for the job, the development of new algorithms, and understanding the role of algorithmic complexity in natural settings such as biology and physics. Equivalent - Duplicate Degree Credit Not Granted: CSCI 4114 *",3*,"(FA25) This class will be taught synchronously as a remote section, which means classes will be held virtually during the days and times listed. Until open enrollment date, registration is restricted to Computer Science graduate students only. Non-CS students can waitlist before that date. The waitlist for this class is automatically re-sequenced to allow first priority to CS PhD students and second priority to CS masters students. Student may be dropped from course for non-attendance.*",Restricted to graduate students only.*,"CSEN-PhD: Depth; CSEN-MS: Elective; CSEN-MSCPS: Elective, ANO Subplan; NTEN-CSEN-PhD: Depth; CSEN-MS: Elective; CSEN-MSCPS: Elective; NTEN-MSNE: Elective ; AINT-MSAI: Elective*",Not Available*,,,,,
CSCI-6314*,Algorithmic Economics*,"This course will survey the frontier of algorithmic economics: the study of incentives and strategic behavior through a computational lens. It will show how microeconomic theory applies to the design of algorithms, and conversely, how algorithmic thinking applies to economics. Other topics may include game theory, mechanism design / auction theory, forecasting mechanisms, and voting / social choice theory. *",3*,"(FA24) Student may be dropped from course for non-attendance. The waitlist for this class is automatically re-sequenced to allow first priority to CS PhD students and second priority to CS masters students. Until open enrollment date, registration is restricted to Computer Science graduate students only. Non-CS students can waitlist before that date.*",Restricted to graduate students only. Recommended: Prerequisite CSCI 5454.*,"CSEN-PhD: Depth; CSEN-MS: Elective; CSEN-MSCPS: Elective, ANO Subplan; NTEN-MSNE: Elective ; AINT-MSAI: Elective*",Not Available*,,,,,
CSCI-6214*,Randomized Algorithms*,"Randomization is a powerful tool to design and analyze algorithms, and one that has played, and continues to play, a key role in the theory of algorithms and complexity. This course will give a technical foundation in common probabilistic tools to design and analyze algorithms, and use this foundation to cover several important randomized algorithms.*",3*,None available (FA24-FA26)*,Prerequisite course of CSCI 5454 (minimum grade B). Restricted to graduate students only.*,"CSEN-PhD: Depth; CSEN-MS: Elective; CSEN-MSCPS: Elective, ANO Subplan; NTEN-MSNE: Elective ; AINT-MSAI: Elective*",Not Available*,,,,,
CSCI-6114*,Computational Complexity Theory*,"Covers standard complexity classes including: time-bounded, space-bounded, nondeterministic, randomized, quantum, parallel, counting, and nonuniform classes. Covers standard relationships between these complexity classes, as well as landmark results in complexity theory. Additional topics may be covered depending on time and interest.*",3*,"(FA26) The waitlist for this class is automatically re-sequenced to allow first priority to CS PhD students and second priority to CS masters students. Until open enrollment date, registration is restricted to Computer Science graduate students only. Non-CS students can waitlist before that date. This class will be taught synchronously as a remote section, which means classes will be held virtually during the days and times listed. Student may be dropped from course for non-attendance.*",Requisites: Requires prerequisite course of CSCI 5454 (minimum grade B). Restricted to graduate students only. Recommended: Corequisite CSCI 5444.*,"CSEN-PhD: Depth; CSEN-MS: Elective; CSEN-MSCPS: Elective, ANO Subplan; NTEN-MSNE: Elective ; AINT-MSAI: Elective*",Not Available*,,,,,
CSCI-6414*,"Information Theory, Statistical Inference, and Experimental Design*","Introduces key concepts in information theory (entropy, compression, Shannon’s source coding theorem) and presents these as a foundation for Bayesian inference. Covers statistical modeling approaches and Markov Chain Monte Carlo techniques. Concludes with a unit on designing maximally informative scientific experiments. *",3*,None available (FA24-FA26)*,Restricted to graduate students only. Recommended: Prerequisite Calc 1 (MATH 1300 or APPM 1350 or similar); introductory probability (APPM 3570 or similar).*,"CSEN-PhD: Depth; CSEN-MS: Elective; CSEN-MSCPS: Elective, HCC Subplan; NTEN-MSNE: Elective ; AINT-MSAI: Depth*",Not Available*,,,,,
CSCI-5929*,HCI: Survey and Synthesis 2*,"Studies recent advances in human-computer interaction through critical analysis of influential papers and self-guided research. Examines new paradigms in input, output, and visualization for technology design and interaction. Considers innovative methods to assess various population design and technological needs. Studies in computer-related fields, social science, business, media arts and communications benefit learning about human-centered computing research. *",3*,None available (FA24-FA26)*,Restricted to graduate students only. Recommended: Prerequisite: CSCI 5919*,"CSEN-PhD: Depth; CSEN-MS: Elective; CSEN-MSCPS: Elective, HCC Subplan; NTEN-MSNE: Elective ; AINT-MSAI: Elective*",Not Available*,,,,,
CSCI-6402*,Issues and Methods in Cognitive Science*,"Interdisciplinary introduction to cognitive science, examining ideas from cognitive psychology, philosophy, education, and linguistics via computational modeling and psychological experimentation. Includes philosophy of mind; learning; categorization; vision and mental imagery; consciousness; problem solving; decision making, and game-theory; language processing; connectionism. No background in Computer Science will be presumed. Equivalent - Duplicate Degree Credit Not Granted: EDUC 6504 and LING 6200 and PHIL 6310 and PSYC 6200 and SLHS 6402 *",3*,"(SP26) Until open enrollment date, registration is restricted to Computer Science graduate students only. Non-CS students can waitlist before that date. The waitlist for this class is automatically re-sequenced to allow first priority to CS PhD students and second priority to CS masters students. Student may be dropped from course for non-attendance.*",Restricted to graduate students only. No background in Computer Science will be presumed. *,"CSEN-PhD: Depth; CSEN-MS: Elective; CSEN-MSCPS: Elective, HCC Subplan; NTEN-MSNE: Elective ; AINT-MSAI: Elective*",Not Available*,,,,,
ATLS-5809*,Computer Animation*," Develops a firm understanding of the general principles of computer animation. Lectures cover the creation of models, materials, textures, surfaces, and lighting. Path and key frame animation, particle dynamics, and rendering are introduced. Students are assigned a number of animation tutorials to carry out. Equivalent - Duplicate Degree Credit Not Granted: ATLS 4809 and CSCI 4809 and CSCI 5809 *",3*,None available (FA24-FA26)*,Requisites: Restricted to graduate students only.*,"CSEN-PhD: Depth; CSEN-MS: Elective; CSEN-MSCPS: Elective, HCC Subplan; NTEN-MSNE: Elective. NOTE - since CSCI 5809 and ATLS 5809 are cross-listed, ATLS 5809 does not count against non-CS course limit. However,  ATLS 5809 is limited to ATLS graduate students. ; AINT-MSAI: Elective*",Not Available*,,,,,
CSCI-5809*,Computer Animation*,"Develops a firm understanding of the general principles of computer animation. Lectures cover the creation of models, materials, textures, surfaces, and lighting. Path and key frame animation, particle dynamics, and rendering are introduced. Students are assigned a number of animation tutorials to carry out. Equivalent - Duplicate Degree Credit Not Granted: CSCI 4809 and ATLS 4809 and ATLS 5809 *",3*,None available (FA24-FA26)*,Restricted to graduate students only.*,"CSEN-PhD: Depth; CSEN-MS: Elective; CSEN-MSCPS: Elective, HCC Subplan; NTEN-MSNE: Elective. NOTE - since CSCI 5809 and ATLS 5809 are cross-listed, ATLS 5809 does not count against non-CS course limit. However, ATLS 5809 is limited to ATLS graduate students. ; AINT-MSAI: Elective*",Not Available*,,,,,
INFO-5919*,HCI: Survey and Synthesis 1*,"Examines the interdisciplinary field of human-centered computing through a comprehensive content and historical survey. Considers new trajectories of inquiry and how the field merges with others. Social computing, is emphasized as a central topic. Students across disciplines will find the course foundational for understanding human-centered technology matters, including computer scientists, information scientists, social scientists, and business and media arts students. Equivalent - Duplicate Degree Credit Not Granted: CSCI 5919 *",3*,None available (FA24-FA26)*,Restricted to graduate students only.*,"CSEN-PhD: Depth; CSEN-MS: Elective; CSEN-MSCPS: Elective, HCC Subplan; NTEN-MSNE: Elective. NOTE - since CSCI 5919 and INFO 5919 are cross-listed, INFO 5919 does not count against non-CS course limit. ; AINT-MSAI: Elective*",Not Available*,,,,,
CSCI-5919*,HCI: Survey and Synthesis 1*,"Examines the interdisciplinary field of human-centered computing through a comprehensive content and historical survey. Considers new trajectories of inquiry and how the field merges with others. Social computing, is emphasized as a central topic. Students across disciplines will find the course foundational for understanding human-centered technology matters, including computer scientists, information scientists, social scientists, and business and media arts students. Equivalent - Duplicate Degree Credit Not Granted: INFO 5919 *",3*,(SP26) The waitlist for this class is automatically re-sequenced to allow first priority to CS PhD students and second priority to CS masters students. Student may be dropped from course for non-attendance.*,Restricted to graduate students only.*,"CSEN-PhD: Depth; CSEN-MS: Elective; CSEN-MSCPS: Elective, HCC Subplan; NTEN-MSNE: Elective. NOTE - since CSCI 5919 and INFO 5919 are cross-listed, INFO 5919 does not count against non-CS course limit. However, INFO 5919 is limited to INFO graduate students. ; AINT-MSAI: Elective*",Not Available*,,,,,
INFO-5611*,Ubiuitous Computing (UbiComp) Experience Design*,"Introduces the field of ubiquitous computing, including sensors, ambient displays, tangibles, mobility, location awareness and context awareness. These topics are explored from a user-centered design perspectives, focusing on how a situated models of computing affect requirements gathering, interaction design, prototyping and evaluation. Students gain mastery with contemporary ""UbiComp"" technologies and learn to incorporate them into a user-centered design process. Equivalent - Duplicate Degree Credit Not Granted: INFO 4611 *",3*,(SP25) None*,Restricted to graduate students only.*,"CSEN-PhD: Depth; CSEN-MS: Elective; CSEN-MSCPS: Elective, HCC Subplan; NTEN-MSNE: Elective. NOTE: counts against non-CS course limit. ; AINT-MSAI: Elective*",Not Available*,,,,,
INFO-5502*,Online Communities*,"Explores practical and theoretical topics in online communities through inquiry into one or more particular online communities. Student projects will explore online communities as social and technical systems, including their alignment with conceptualizations of community, expressed and apparent interests, nature of membership and participation, history, participants' motivations for involvement, and explicit, implicit, and infrastructural features that enable and constrain behaviors. Equivalent - Duplicate Degree Credit Not Granted: INFO 3502 *",3*,(SP25) None*,Restricted to graduate students only.*,"CSEN-PhD: Depth; CSEN-MS: Elective; CSEN-MSCPS: Elective, HCC Subplan; NTEN-MSNE: Elective. NOTE: counts against non-CS course limit. ; AINT-MSAI: Elective*",Not Available*,,,,,
INFO-5601*,Information Ethics and Policy*,"Explores ethical and legal complexities of information and communication technology. By combining real-world inquiry with creative speculation, students will probe everyday ethical dilemmas they face as digital consumers, creators and coders, as well as relevant policy. Explores themes such as privacy, intellectual property, social justice, free speech, artificial intelligence, social media and ethical lessons from science fiction. Equivalent - Duplicate Degree Credit Not Granted: INFO 4601 *",3*,(FA25) None*,Restricted to graduate students only.*,"CSEN-PhD: Depth; CSEN-MS: Elective; CSEN-MSCPS: Elective, HCC Subplan; NTEN-MSNE: Elective. NOTE: counts against non-CS course limit. ; AINT-MSAI: Elective*",Not Available*,,,,,
INFO-5605*,Ethnographic Research for Applied Settings*,"Demonstrates the power of ethnography as an investigative approach that is useful in design, evaluation and question formation for information scientists across all workforce sectors. Teaches students how to be keen observers of the unusual as well as the everyday to reveal meaningful insights that elaborate information science projects. Equivalent - Duplicate Degree Credit Not Granted: INFO 4605 *",3*,(SP25) None*,Restricted to graduate students only.*,"CSEN-PhD: Depth; CSEN-MS: Elective; CSEN-MSCPS: Elective, HCC Subplan; NTEN-MSNE: Elective. NOTE: counts against non-CS course limit. ; AINT-MSAI: Elective*",Not Available*,,,,,
INFO-5501*,Open Collaboration*,"Analyzes the mechanisms of peer production and crowdsourcing systems like Wikipedia and OpenStreetMap. Students will investigate how these crowdsourced platforms work socially and technically, develop skills using tools for their analysis and critically evaluate platform and community limitations. Equivalent - Duplicate Degree Credit Not Granted: INFO 3501 *",3*,None available (FA24-FA26)*,Restricted to graduate students only.*,"CSEN-PhD: Depth; CSEN-MS: Elective; CSEN-MSCPS: Elective, HCC Subplan; NTEN-MSNE: Elective. NOTE: counts against non-CS course limit. ; AINT-MSAI: Elective*",Not Available*,,,,,
INFO-5602*,Information Visualization*,"Explores the design, development and evaluation of information visualizations. Covers visual representations of data and provides hands-on experience with using and building exploratory tools and data narratives. Students create visualizations for a variety of domains and applications, working with stakeholders and their data. Covers interactive systems, user-centered and graphic design, perception, data storytelling and analysis, and insight generation. Programming knowledge is strongly encouraged. Equivalent - Duplicate Degree Credit Not Granted: INFO 4602 *",3*,(FA26) 002: This is a core class for MSDS graduate students. The class is specifically reserved for MSDS graduate students. Non-MSDS graduate students should seek instructor permission or may be administratively dropped. 100: None*,Restricted to graduate students only. Recommended: Programming knowledge is strongly encouraged.*,"CSEN-PhD: Depth; CSEN-MS: Elective; CSEN-MSCPS: Elective, HCC Subplan; NTEN-MSNE: Elective. NOTE: counts against non-CS course limit. CSCI 7000 section of the same name counts the same as but it does NOT countagainst the non-CS course limit. ; AINT-MSAI: Elective*",Not Available*,,,,,
ASEN-6412*,Uncertainty Quantification*,This advanced topics course provides an exploration of techniques for representation and propagation of uncertainty in PDE/ODE-based systems.*,3*,"(FA26) This class will have its last meeting day on Friday, Dec. 4, 2026*","Requisites: Restricted to College of Engineering (ENGR) graduate students, Aerospace Engineering Concurrent Degree (C-ASEN and C-ASENP) majors, and Aerospace graduate certificate students. Recommended: prerequisites ASEN 5570 and ECEN 5612 (all minimum grade B) or equivalent courses with instructor consent*","CSEN-PhD: Depth; CSEN-MS: Elective; CSEN-MSCPS: Elective, RBT Subplan; NTEN-MSNE: Electiv. ; AINT-MSAI: Elective*",Not Available*,,,,,
ASEN-5347*,Math Methods in Dynamics*,"Two-part graduate-level course on dynamics. Covers both flexible and rigid multibody analytical dynamics and finite element method for dynamics. Emphasizes formulations that naturally lead to easy computer implementation and stability, linearization, and modern rotational kinematics. Department consent required.*",3*,None available (FA24-FA26)*,"Requisites: Restricted to College of Engineering (ENGR) graduate students, Aerospace Engineering Concurrent Degree (C-ASEN and C-ASENP) majors, and Aerospace graduate certificate students.*","CSEN-PhD: Depth; CSEN-MS: Elective; CSEN-MSCPS: Elective, RBT Subplan; NTEN-MSNE: Elective ; AINT-MSAI: Elective*",Not Available*,,,,,
ASEN-6020*,Optimal Trajectories*,"Introduces the theory and practice of trajectory optimization. The general theory behind optimization and optimal control will be introduced with an emphasis on the properties of optimal trajectories. The main application will be to space trajectories, but other applications will also be considered.*",3*,None available (FA24-FA26)*,"Requisites: Restricted to College of Engineering (ENGR) graduate students, Aerospace Engineering Concurrent Degree (C-ASEN and C-ASENP) majors, and Aerospace graduate certificate students. Recommended: prerequisites ASEN 5050 and ASEN 5014 or instructor consent required*","CSEN-PhD: Depth; CSEN-MS: Elective; CSEN-MSCPS: Elective, RBT Subplan; NTEN-MSNE: Elective ; AINT-MSAI: Elective*",Not Available*,,,,,
CSCI-7000-2257-005*,[Neuro-Symbolic Approach to NLP]*,None*,3*,(FA25) The waitlist for this class is automatically re-sequenced to allow first priority to CS PhD students and second priority to CS masters students. Student may be dropped from course for non-attendance.*,Restricted to graduate students only.*,"CSEN-PhD: Depth; CSEN-MS: Elective; CSEN-MSCPS: Elective, SEC Subplan; NTEN-MSNE: Elective ; AINT-MSAI: Depth*",Not Available*,,,,,
CSCI-7000-2257-008*,[NLP for Cultural Analytics]*,None*,3*,(FA25): The waitlist for this class is automatically re-sequenced to allow first priority to CS PhD students and second priority to CS masters students. Student may be dropped from course for non-attendance.*,Restricted to graduate students only.*,"CSEN-PhD: Depth; CSEN-MS: Elective; CSEN-MSCPS: Elective, SEC Subplan; NTEN-MSNE: Elective ; AINT-MSAI: Depth*",Not Available*,,,,,
CSCI-7000-2257-009*,[Geospatial & Stat Machine Lrng]*,None*,3*,"(FA25): Until open enrollment date, registration is restricted to Computer Science graduate students only. Non-CS students can waitlist before that date. The waitlist for this class is automatically re-sequenced to allow first priority to CS PhD students and second priority to CS masters students. Student may be dropped from course for non-attendance. This class will have its last meeting day on Friday, Dec. 5, 2025.*",Restricted to graduate students only.*,"CSEN-PhD: Depth; CSEN-MS: Elective; CSEN-MSCPS: Elective, SEC Subplan; NTEN-MSNE: Elective ; AINT-MSAI: Depth*",Not Available*,,,,,
CSCI-7000-2261-003*,[Modern Computer Systems]*,"This seminar-based class examines current trends in software and hardware within modern computer systems, including topics in operating systems, compilers, system software, programming languages, networking, and computer architecture. Students will be expected to analyze recent publications and investigate novel research questions in these areas. Recommended prerequisites include at least two of: Concurrent Programming, Computer Organization, Design and Analysis of Operating Systems, Real-time Operating Systems, Network Systems, Principles of Programming Languages, Compiler Construction.*",3*,(SP26): Student may be dropped from course for non-attendance. The waitlist for this class is automatically re-sequenced to allow first priority to CS PhD students and second priority to CS masters students.*,Restricted to graduate students only.*,"CSEN-PhD: Depth; CSEN-MS: Elective; CSEN-MSCPS: Elective, SEC Subplan; NTEN-MSNE: Elective ; AINT-MSAI: Elective*",Not Available*,,,,,
CSCI-7000-2261-001*,[Malware Reverse Engineering]*,"This course introduces reverse engineering principles applied to malicious software. The main topics are basic/advanced static and dynamic analysis, including disassembly, debugging, anti-debugging techniques, and common tools. We will also cover x64 architecture and 64-bit malware on Windows. Required Book: Practical Malware Analysis (https://www.oreilly.com/library/view/practical-malware-analysis/9781593272906/) Recommended Pre-reqs: Strong knowledge of C, x86.*",3*,(SP26): Student may be dropped from course for non-attendance. The waitlist for this class is automatically re-sequenced to allow first priority to CS PhD students and second priority to CS masters students.*,Restricted to graduate students only.*,"CSEN-PhD: Depth; CSEN-MS: Elective; CSEN-MSCPS: Elective, SEC Subplan; NTEN-MSNE: Elective ; AINT-MSAI: Elective*",Not Available*,,,,,
CSCI-7000-2261-005*,[Software with Agentic Comp.]*,"This course explores the emerging paradigm of building software systems from LLM-powered agentic components -— autonomous, goal-directed programs capable of reasoning, collaboration, and self-directed action. Students will read and discuss cutting-edge research on intelligent software agents and gain hands-on experience developing agentic systems using modern frameworks such as LangChain, AutoGen, and MCP. The course combines seminar-style discussions with a team-based project. PREREQUISITES: A solid background in software engineering, programming languages, ML/AI. This is NOT an introductory grad course to Software Engineering. There will be three optional in-person meetings for students to attend with the instructor. In-person presence is not required and will not affect your grade.*",3*,"(SP26): This class will be taught synchronously as a remote section, which means classes will be held virtually during the days and times listed. The waitlist for this class is automatically re-sequenced to allow first priority to CS PhD students and second priority to CS masters students. This class will have its last meeting day on Friday, April 24, 2026.*",Restricted to graduate students only.*,"CSEN-PhD: Depth; CSEN-MS: Elective; CSEN-MSCPS: Elective, SEC Subplan; NTEN-MSNE: Elective ; AINT-MSAI: Elective*",Not Available*,,,,,
CSCI-7000-2251-001*,[Malware Reverse Engineering]*,None*,3*,(SP25): Student may be dropped from course for non-attendance. The waitlist for this class is automatically re-sequenced to allow first priority to CS PhD students and second priority to CS masters students.*,Restricted to graduate students only. Please email Daniel.Larremore@Colorado.edu for permission to enroll. No waitlist available.*,"CSEN-PhD: Depth; CSEN-MS: Elective; CSEN-MSCPS: Elective, SEC Subplan; NTEN-MSNE: Elective ; AINT-MSAI: Elective*",Not Available*,,,,,
CSCI-7000-2257-003*,[Transformers for Robotics]*,None*,3*,"(FA25): The waitlist for this class is automatically re-sequenced to allow first priority to CS PhD students and second priority to CS masters students. Student may be dropped from course for non-attendance. This class will have its last meeting day on Friday, Dec. 5, 2025.*",Restricted to graduate students only.*,"CSEN-PhD: Depth; CSEN-MS: Elective; CSEN-MSCPS: Elective, SEC Subplan; NTEN-MSNE: Elective ; AINT-MSAI: Elective*",Not Available*,,,,,
CSCI-7000-2257-004*,"[Game-theoretic Prob, Stat, ML]*",None*,3*,(FA25): The waitlist for this class is automatically re-sequenced to allow first priority to CS PhD students and second priority to CS masters students. Student may be dropped from course for non-attendance.* ,Restricted to graduate students only.*,"CSEN-PhD: Depth; CSEN-MS: Elective; CSEN-MSCPS: Elective, SEC Subplan; NTEN-MSNE: Elective ; AINT-MSAI: Elective*",Not Available*,,,,,
CSCI-7000-2257-006*,[Topics in Neuro-Symbolic AI]*,None*,3*,"(FA25): Until open enrollment date, registration is restricted to Computer Science graduate students only. Non-CS students can waitlist before that date. The waitlist for this class is automatically re-sequenced to allow first priority to CS PhD students and second priority to CS masters students. Student may be dropped from course for non-attendance.*",Restricted to graduate students only.*,"CSEN-PhD: Depth; CSEN-MS: Elective; CSEN-MSCPS: Elective, SEC Subplan; NTEN-MSNE: Elective ; AINT-MSAI: Elective*",Not Available*,,,,,
CSCI-7000-2257-011*,[GenAI-powered Software Eng]*,None*,3*,"(FA25):There will be three optional in-person meetings for students to attend with the instructor. In-person presence is not required and will not affect your grade. This class will be taught synchronously as a remote section, which means classes will be held virtually during the days and times listed. Until open enrollment date, registration is restricted to Computer Science graduate students only. Non-CS students can waitlist before that date. The waitlist for this class is automatically re-sequenced to allow first priority to CS PhD students and second priority to CS masters students.*",Restricted to graduate students only.*,"CSEN-PhD: Depth; CSEN-MS: Elective; CSEN-MSCPS: Elective, SEC Subplan; NTEN-MSNE: Elective ; AINT-MSAI: Elective*",Not Available*,,,,,
CSCI-7000-2257-012*,[Secure Computer Architecture]*,None*,3*,"(FA25):The waitlist for this class is automatically re-sequenced to allow first priority to CS PhD students and second priority to CS masters students. Student may be dropped from course for non-attendance. This class will have its last meeting day on Friday, Dec. 5, 2025*",Restricted to graduate students only.*,"CSEN-PhD: Depth; CSEN-MS: Elective; CSEN-MSCPS: Elective, SEC Subplan; NTEN-MSNE: Elective ; AINT-MSAI: Elective*",Not Available*,,,,,
CSCI-7000-2261-009*,[Design a Scientific Exhibit]*,"FULL TITLE: Designing An Immersive Science Exhibit with HCI and More. Working in groups, students will design, develop, debug, deploy and document a science exhibit. The class will work with a client (museum or other public informal science institution) and a scientist (or scientists) to design and implement a science exhibit. The exhibit may be entirely digital, physical, or a combination of both. Design a science exhibit with a multidisciplinary team of students and faculty. Students will gain foundational knowledge of technologies and arts to design science museum exhibits, including human-computer interaction (HCI) and interaction design. They will also learn science communication and turn a complex science question into a fun, engaging learning experience. We will learn by doing: brainstorming, designing, prototyping, building, installing, and assessing our own exhibits. Possible partners for the Spring 2026 edition include Fiske Planetarium, the National Solar Observatory, and the CU Boulder Natural History Museum.*",3*,"(SP26): The waitlist for this class is automatically re-sequenced to allow first priority to CS PhD students and second priority to CS masters students. Student may be dropped from course for non-attendance. This class will have its last meeting day on Friday, April 24, 2026*",Restricted to graduate students only.*,"CSEN-PhD: Depth; CSEN-MS: Elective; CSEN-MSCPS: Elective, SEC Subplan; NTEN-MSNE: Elective ; AINT-MSAI: Elective*",Not Available*,,,,,
CSCI-7000-2261-011*,[Transformer-based Robotic AI]*,"Deep neural networks based on self-attention are revolutionizing robotics with their ability to perform ""open world"" reasoning across multiple modalities including text and images, and their ability to generate multi-modal data ranging from text to images and robot trajectories. This class starts with an introduction to the transformer architecture using large language models as an example. We will then introduce vision transformers and contrastive learning image pretraining (CLIP) that allows combining text and image information in the same model, and finally show how diffusion models can be used to directly generate robot trajectories from a text prompt and an image of a visual scene. After implementing your own CLIP model and reviewing recent work in the robot-learning literature, concepts in this class will be explored in a team-based research project.*",3*,"(SP26):The waitlist for this class is automatically re-sequenced to allow first priority to CS PhD students and second priority to CS masters students. Student may be dropped from course for non-attendance. This class will have its last meeting day on Friday, April 24, 2026.*",Restricted to graduate students only.*,"CSEN-PhD: Depth; CSEN-MS: Elective; CSEN-MSCPS: Elective, SEC Subplan; NTEN-MSNE: Elective ; AINT-MSAI: Elective*",Not Available*,,,,,
CSCI-7000-2261-008*,[Biodesign]*,"Covers basic design techniques, together with essential wetlab skills. In a lab-based environment, students will learn how to culture and work with various types of organisms, such as algae (dynoflagellates, cyanobacteria) and mycelium. These organisms will become the living media or processed biomaterials that students will design with. Students will compare and contrast design, prototyping, user testing, and analysis methods in evaluating problems, and create biomaterials that can be further used for designing. Some of the class projects may be selected to participate in the Biodesign Challenge competition (biodesignchallenge.org).*",3*,"(SP26): Student may be dropped from course for non-attendance. The waitlist for this class is automatically re-sequenced to allow first priority to CS PhD students and second priority to CS masters students. This class will have its last meeting day on Friday, April 24, 2026.*",Restricted to graduate students only.*,"CSEN-PhD: Depth; CSEN-MS: Elective; CSEN-MSCPS: Elective, SEC Subplan; NTEN-MSNE: Elective ; AINT-MSAI: Elective*",Not Available*,,,,,
CYBR-5320*,Cybersecurity Network Analysis*,"This Cybersecurity Network Analytics course takes a hands-on approach to detecting malicious activity within network traffic. The course will first introduce methodologies for analyzing cyber data. This knowledge will then be used practically, as the students will be given the chance to test out approaches on real traffic. At the conclusion, students will have both a theoretical understanding of cyber algorithms and their use in a real-world setting. Equivalent - Duplicate Degree Credit Not Granted: CYBR 4320*",3*,None available (FA24-FA26)*,Prerequsite course CYBR 5300/CSCI 3403/CSCI 5403 or MSBX 5480 (minimum grade B).*,"CSEN-PhD: Depth; CSEN-MS: Elective; CSEN-MSCPS: Elective, SEC Subplan; NTEN-MSNE: Elective. CYBR courses do not count against non-CS limit ; AINT-MSAI: Elective*",Not Available*,,,,,
CYBR-5330*,Digital Forensics*,"Learn how to identify, collect, examine, analyze, and present digital evidence and the legal challenges associated with conducting digital forensics investigations. Explore various file system types and structures. Learn how to recovery and extract potential evidence from deleted files and directories. Learn how to capture and profile data residing in live memory. Analyze running processes and recover memory artifacts. Learn about various methods data can be hidden on a computing devices, storage media, and within covert communications channels.*",3*,None available (FA24-FA26)*,Prerequsite course CYBR 5300/CSCI 3403/CSCI 5403*,"CSEN-PhD: Depth; CSEN-MS: Elective; CSEN-MSCPS: Elective, SEC Subplan; NTEN-MSNE: Elective. CYBR courses do not count against non-CS limit ; AINT-MSAI: Elective*",Not Available*,,,,,
ECEN-5793*,Secure Computer Architecture*,"Explore cutting-edge secure architectures that look to protect the system from the hardware up. This course covers advanced topics in security with an emphasis on computer architecture on both the attack and defense sides. Discussion oriented classes will deepen understanding of weekly technical reading assignments, enhance the ability to analyze technical papers, and help carry out a semester long research project.*",3*,"(FA25) This class will have its last meeting day on Friday, Dec. 5, 2025.*",Requires prerequisite or corequisite course of ECEN 5593 (minimum grade D-)*,"CSEN-PhD: Depth; CSEN-MS: Elective; CSEN-MSCPS: Elective, SEC Subplan; NTEN-MSNE: Elective. NOTE: counts against non-CS course limit unless students enroll in CSCI 7000 [Secure Computer Architecture] and they meet together ; AINT-MSAI: Elective*",Not Available*,,,,,
ECEN-5133*,Fundamentals of Computer Security*,"Practice thinking like an attacker by exploring several modern computer security attacks and defenses through hands-on programming projects. Topics include applied cryptography (encryption, authentication), web security (XSS, CSRF, SQL Injection), network security (TLS, MITM attacks), application security (shell injection, buffer overflows), and other current events and trends (government surveillance, botnets, cryptocurrencies).*",3*,"(FA26) If you need permission to enroll due to a course prerequisite or other enrollment error code,  please fill out our ECEE Graduate-Level Course Request Form: https://forms.gle/UpFTXq2EDgCNA7X78 - This class will have its last meeting day on Friday, Dec. 4, 2026.*","Restricted to graduate students in the College of Engineering or to ECEE BAM students (C-ECENEEEN, C-EEEN, C-ECENEEEP, C-EEENP) or to Graduate Certificate Engineering (CRTGE) students.*","CSEN-PhD: Depth; CSEN-MS: Elective; CSEN-MSCPS: Elective, SEC Subplan; NTEN-MSNE: Elective. NOTE: counts against non-CS course limit. ; AINT-MSAI: Elective*",Not Available*,,,,,
CSCI-5630*,Wireless and Cellular Systems*,"Studies technologies and architectures employed in modern cellular wireless systems. Major topics include radio propagation, multiple access techniques, analog and digital cellular telephony, and personal communications systems. Presents the necessary tools to understand the wireless industry, its technical details, and its business drivers. Topics include modeling, spectrum, weather, multipath, Doppler effect, and shadowing and covers important aspects of multiple access technologies such as CDMA and OFDMA. introduces modern radio standards including LTE. Equivalent - Duplicate Degree Credit Not Granted: CYBR 5630 *",3*,None available (FA24-FA26)*,Requires prerequisite course of CSCI 5200 or CYBR 5200 (minimum grade B).*,"CSEN-PhD: Depth; CSEN-MS: Elective; CSEN-MSCPS: Elective; NTEN-MSNE: Advanced Elective, Elective ; AINT-MSAI: Elective*",Not Available*,,,,,
CYBR-5630*,Wireless and Cellular Systems*,"Studies technologies and architectures employed in modern cellular wireless systems. Major topics include radio propagation, multiple access techniques, analog and digital cellular telephony, and personal communications systems. Presents the necessary tools to understand the wireless industry, its technical details, and its business drivers. Topics include modeling, spectrum, weather, multipath, Doppler effect, and shadowing and covers important aspects of multiple access technologies such as CDMA and OFDMA. introduces modern radio standards including LTE. Equivalent - Duplicate Degree Credit Not Granted: CSCI 5630 *",3*,None available (FA24-FA26)*,Requisites: Requires prerequisite course of CSCI 5200 or CYBR 5200 (minimum grade B).*,"CSEN-PhD: Depth; CSEN-MS: Elective; CSEN-MSCPS: Elective; NTEN-MSNE: Advanced Elective, Elective ; AINT-MSAI: Elective*",Not Available*,,,,,
CYBR-5620*,Advanced Wireless Lab*,"Provides a comprehensive, hands-on set of laboratory exercises for the teaching and demonstration of key technical skills required to understand, build, test, and analyze both analog and digital wireless communications concepts. In conjunction with lecture-based content to provide a solid foundation in digital communication theory, SDR-based laboratory exercises enable the synthesis of several fundamental concepts utilizing the latest, modern communications systems technologies. Equivalent - Duplicate Degree Credit Not Granted: CSCI 5620 *",3*,None available (FA24-FA26)*,Requisites: Requires prerequisite course of CSCI 5200 or CYBR 5200 (minimum grade B). Recommended: Prerequisites CYBR 5630 or CSCI 5630 and CYBR 5220 or CSCI 5220.*,"CSEN-PhD: Depth; CSEN-MS: Elective; CSEN-MSCPS: Elective; NTEN-MSNE: Advanced Elective, Elective ; AINT-MSAI: Elective*",Not Available*,,,,,
CSCI-5270*,IP Network Design*,"Focuses on the design and implementation of network solutions according to the needs of a client. The course helps students develop skills to be a consultant and walks them through the complete life cycle of network project development as a member of a professional services team. Implement fundamentals of IP Routing Protocols and apply them directly to design based networking problems. Design scenarios will incorporate physical and logical design, financial analysis, and laboratory configuration. *",3*,"(SP26) Until open enrollment date, registration is restricted to Computer Science graduate students only. Non-CS students can waitlist before that date. The waitlist for this class is automatically re-sequenced to allow first priority to CS PhD students and second priority to CS masters students. This class will have its last meeting day on Friday, April 24, 2026.*",Requisites: Requires prerequisite course of CSCI 5170 or CSCI 5160 (minimum grade B). Restricted to graduate students. Recommended: Prerequisite strong familiarity with network protocol operation and implementation.*,"CSEN-PhD: Depth; CSEN-MS: Elective; CSEN-MSCPS: Elective; NTEN-MSNE: Advanced Elective, Elective ; AINT-MSAI: Elective*",Not Available*,,,,,
CSCI-6712*,Data-Centric Computer Vision*,"This course will cover core and new problems in computer vision through examination of the types of algorithms commonly used as well as the data employed to train and evaluate those algorithms. The course is taught in a seminar style, with students expected to regularly read and critique research papers from premiere computer vision conferences. Equivalent - Duplicate Degree Credit Not Granted: CSCI 4712 *",3*,None available (FA24-FA26)*,Restricted to graduate students only. Recommended: Prerequisite Machine Learning experience (CSCI 5622 of CSCI 5922).*,CSEN-PhD: Depth; CSEN-MS: Elective; CSEN-MSCPS: Elective; NTEN-MSNE: Elective ; AINT-MSAI: Depth*,Not Available*,,,,,
CSCI-7000-2267-017*,[NLP for Cultural Analytics]*,"This course equips students with the computational tools and critical frameworks needed to analyze human culture through language at scale. Students will learn to apply natural language processing techniques to diverse cultural materials — from social media conversations to literary works to historical archives — uncovering patterns in style, perspective, and narrative that reveal insights about society, identity, and cultural change. Through hands-on projects, students will collect and process text data, implement machine learning approaches including modern language models and multimodal AI, and create visualizations that communicate cultural findings to both academic and public audiences.*",3*,The waitlist for this class is automatically re-sequenced to allow first priority to CS PhD students and second priority to CS masters students.*,Restricted to graduate students only.Recommended: his course is best suited to students who already have some programming experience. Machine learning experience is helpful but not required.*,CSEN-PhD: Depth; CSEN-MS: Elective; CSEN-MSCPS: Elective; NTEN-MSNE: Elective ; AINT-MSAI: Depth*,Not Available*,,,,,
CSCI-7000-2257-018*,[Systems for Machine Learning]*,"The recent surge in AI capabilities has largely been fueled by the large-scale computing infrastructure that trains massive machine learning models and serves them to millions of users. This course provides an overview of the systems powering modern AI applications such as ChatGPT, with a focus on designing performant, efficient, and scalable systems for ML training and inference. Topics include core systems techniques deployed in modern ML infrastructure, ML data management systems, and large language model (LLM) systems. Students will study real-world ML systems, discuss cutting-edge research, and collaborate on an open-ended research project.*",3*,(FA25): None*,Restricted to graduate students only. Recommended: A solid background in computer systems is required. Prior experience with machine learning is recommended but not mandatory.*,CSEN-PhD: Depth; CSEN-MS: Elective; CSEN-MSCPS: Elective; NTEN-MSNE: Elective ; AINT-MSAI: Depth*,Not Available*,,,,,
APPM-5490*,Theory of Machine Learning*,"Presents the underlying theory behind machine learning in proofs-based format. Answers fundamental questions about what learning means and what can be learned via formal models of statistical learning theory. Analyzes some important classes of machine learning methods. Specific topics may include the PAC framework, VC-dimension and Rademacher complexity.*",3*,"(SP26): This class will have its last meeting day on Friday, April 24, 2026.*",Restricted to graduate students only. Recommended: Prerequisites APPM 4440 and CSCI 5622*,CSEN-PhD: Depth; CSEN-MS: Elective; CSEN-MSCPS: Elective; NTEN-MSNE: Elective ; AINT-MSAI: Depth*,Not Available*,,,,,
CSCI-7000-2247-007*,[Geospatial & Stat Machine Lrng]*,"Statistical machine learning has been used to extract patterns and fill in gaps in geospatial data in consequential applications ranging from monitoring ecological phenomena (e.g., forest cover, land use) to estimating socio-economic conditions (e.g., population density, well-being). Behind the success of these applications of geospatial machine learning (GeoML) are the methods that fuse knowledge and recent research in machine learning, geostatistics, and remote sensing, among other fields. In this course, students will learn fundamentals of GeoML and orient novel research within recent advances in geospatial and statistical ML. Topics include: machine learning with satellite data, geospatial deep learning architectures and libraries, spatial statistics and model evaluation, application areas and the “duality” of potential impacts of GeoML technologies. https://www.estherrolf.com/docs/geoml_course_2024.pdf*",3*,(FA24): None*,Restricted to graduate students only.*,CSEN-PhD: Depth; CSEN-MS: Elective; CSEN-MSCPS: Elective; NTEN-MSNE: Elective ; AINT-MSAI: Depth*,Not Available*,,,,,
ECEN-5772*,Digital Video*,"Provides modern theories and applications of processing and analyzing digital videos. The class covers the basic concepts of classic video processing, theories of visual neuroscience as they apply to creating video processing algorithms, and data-driven and deep learning based methods for processing and analyzing digital videos. Emphasis is on fusing these methods to solve real-world digital video processing problems that arise in modern streaming and social media systems.*",3*,(SP26) None*,Recommended: Prerequisite ECEN 4672/5672 Digital Image Processing and ECEN 5712 Machine Learning for Engineers.*,CSEN-PhD: Depth; CSEN-MS: Elective; CSEN-MSCPS: Elective; NTEN-MSNE: Elective ; AINT-MSAI: Depth*,Not Available*,,,,,
CSCI-7000-2247-006*,[Neuro-Symbolic Approach to NLP]*,None*,3*,(FA24): The waitlist for this class is automatically re-sequenced to allow first priority to CS PhD students and second priority to CS masters students. Student may be dropped from course for non-attendance.,Restricted to graduate students only.*,CSEN-PhD: Depth; CSEN-MS: Elective; CSEN-MSCPS: Elective; NTEN-MSNE: Elective ; AINT-MSAI: Depth*,Not Available*,,,,,
CSCI-7000-2251-002*,[Deep Learning for Language]*,None*,3*,(SP25): Student may be dropped from course for non-attendance. The waitlist for this class is automatically re-sequenced to allow first priority to CS PhD students and second priority to CS masters students.*,Restricted to graduate students only. Recommended Pre-requisite: CSCI 5832 Natural Language Processing*,CSEN-PhD: Depth; CSEN-MS: Elective; CSEN-MSCPS: Elective; NTEN-MSNE: Elective ; AINT-MSAI: Depth*,Not Available*,,,,,
CSCI-7000-2261-012*,[Vision Language Models in Robo]*,None*,3*,(FA25):The waitlist for this class is automatically re-sequenced to allow first priority to CS PhD students and second priority to CS masters students. Student may be dropped from course for non-attendance.*,Restricted to graduate students only.*,CSEN-PhD: Depth; CSEN-MS: Elective; CSEN-MSCPS: Elective; NTEN-MSNE: Elective ; AINT-MSAI: Depth*,Not Available*,,,,,
CSCI-7000-2267-005*,[Neuro-Symbolic Approach to NLP]*,None*,3*,The waitlist for this class is automatically re-sequenced to allow first priority to CS PhD students and second priority to CS masters students. Student may be dropped from course for non-attendance.*,Restricted to graduate students only.*,CSEN-PhD: Depth; CSEN-MS: Elective; CSEN-MSCPS: Elective; NTEN-MSNE: Elective ; AINT-MSAI: Depth*,Not Available*,,,,,
ATLS-5519-2261-801*,[ATLAS Light Tower as a Theater]*,"You might have noticed the glass tower on the top of the Roser ATLAS Center building. It has LED lights that can be controlled from a variety of interfaces using DMX (a stage lighting standard). And, there is space, power, and an Ethernet connection to add more technology. The final project is to use the light tower as some sort of theater with a ""show"" at the end of the semester. What does that mean? Well, that's to be determined by the students in the class. We'll explore ideas to use the space to entertain, perform, provoke, soothe, etc. people who can see, interact, and possibly hear the tower.We'll learn about and do some experiments with various technologies (lights, sound, user interaction) to gauge what's interesting and effective, including informal interviews with potential ""users"" to get their feedback*",3*,"For students looking to enroll, please email Wayne.Seltzer@Colorado.edu for approval*",Restricted to graduate students only.*,CSEN-PhD: Depth; CSEN-MS: Elective; CSEN-MSCPS: Elective; NTEN-MSNE: Elective ; AINT-MSAI: Elective*,Not Available*,,,,,
ATLS-5519-2261-001*,[Design a Science Exhibit]*,"Working in groups, students will design, develop, debug, deploy and document a science exhibit. The class will work with a client (museum or other public informal science institution) and a scientist (or scientists) to design and implement a science exhibit. The exhibit may be entirely digital, physical, or a combination of both. Design a science exhibit with a multidisciplinary team of students and faculty. Students will gain foundational knowledge of technologies and arts to design science museum exhibits, including human-computer interaction (HCI) and interaction design. They will also learn science communication and turn a complex science question into a fun, engaging learning experience. We will learn by doing: brainstorming, designing, prototyping, building, installing, and assessing our own exhibits. Possible partners for the Spring 2026 edition include Fiske Planetarium, the National Solar Observatory, and the CU Boulder Natural History Museum*",3*,"This class will have its last meeting day on Friday, April 24, 2026.*",Restricted to graduate students only.*,CSEN-PhD: Depth; CSEN-MS: Elective; CSEN-MSCPS: Elective; NTEN-MSNE: Elective ; AINT-MSAI: Elective*,Not Available*,,,,,
CYBR-5510*,Technology: Commercial Strategy and Operations*,"Working in groups of 2 to 4, students will leverage their technical skills to learn and apply commercial/business skills via the consideration of a hypothetical competitive technically-oriented business, including its strategy, long-term financial outlook, and operating platform. Upon successful course completion, students should expect to feel confident when speaking with (and ultimately moving into roles of) management and leadership, regarding all critical aspects of business, especially the creation of equity value through scale at pace, aligning interests of all key stakeholders.*",3*,None available (FA24-FA26)*,Requisites: Restricted to graduate students only. Open to undergraduates with instructor consent*,CSEN-PhD: Depth; CSEN-MS: Elective; CSEN-MSCPS: Elective; NTEN-MSNE: Elective ; AINT-MSAI: Elective*,Not Available*,,,,,
ATLS-5820*,User-Experience Research*,"User experience research (UX Research) aims to improve the efficiency, effectiveness, and satisfaction of products and services by using qualitative and quantitative research methods to guide the design, development, and refinement of a product. Through lecture, industry examples, readings, and hands-on practice, students learn the foundational UX research skills (observation, interviewing, and survey design) and how to apply these skills to the concepts and methods of UX research, including identifying and understanding user needs, evaluating concepts and designs, and assessing the usability of products and solutions.*",3*,None available (FA24-FA26)*,None*,CSEN-PhD: Depth; CSEN-MS: Elective; CSEN-MSCPS: Elective; NTEN-MSNE: Elective ; AINT-MSAI: Elective*,Not Available*,,,,,
ATLS-5519-2251-040*,[Hacking the Apocalypse]*,"Use Arduino to build off-grid water systems. Students will research, re-create, and create novel systems for the collection, storage, treatment, and distribution of water utilizing fabrication techniques and electronic, input/output systems based on the Arduino platform. The course will proceed each semester to topics including food, clothing and shelter to aggregate each semester’s findings and designs. Learn more about this and other CTD courses at: http://bit.ly/ctd-class-list*",3*,None*,Restricted to graduate students only. Requires either ATLS 3100 (Object) or ATLS 5410 (Creative Technologies). Contact instructor for further questions.*,CSEN-PhD: Depth; CSEN-MS: Elective; CSEN-MSCPS: Elective; NTEN-MSNE: Elective ; AINT-MSAI: Elective*,Not Available*,,,,,
CSCI-7000-2261-016*,[Trustworthy RL]*,"Trustworthy Reinforcement Learning. Reinforcement Learning (RL) has achieved remarkable empirical success, yet its integration into safety-critical and high-stakes decision systems continues to face fundamental challenges. Modern RL agents often lack guarantees about correctness, fairness, robustness, and interpretability. At the same time, the formal methods community has developed a rich toolbox—spanning formal logic, automata theory, model checking, and verified control—that can rigorously specify, analyze, and certify complex system behaviors. The emerging field at their intersection seeks principled ways to make RL trustworthy, verifiable, and safe by construction. This course introduces students to the theoretical foundations that unify RL and formal methods. We begin with fundamentals of Markov chains, Markov decision processes (MDPs), and classical RL from a mathematical point of view, with an emphasis on correctness and guarantees rather than heuristics. We then study specification formalisms—temporal logics, ω-automata, reward machines, real-time and probabilistic logics—and understand how these formalisms can be compiled into decision-making objectives for RL. The final portion of the course focuses on state-of-the-art research at the intersection of RL and formal methods, such as LTL-constrained learning, Omega-automata–guided RL, safe exploration, shielded RL, verifiable RL, formal abstractions for RL, explainability via logic and automata, and applications to cyber-physical and real-time systems. The course is reading- and theory-intensive and is designed for advanced undergraduates and graduate students. Students will study and present recent research papers, implement small conceptual projects, and work toward a final project that explores a principled, trustworthy RL framework or application*",3*,(SP26): The waitlist for this class is automatically re-sequenced to allow first priority to CS PhD students and second priority to CS masters students.*,Restricted to graduate students only.*,CSEN-PhD: Depth; CSEN-MS: Elective; CSEN-MSCPS: Elective; NTEN-MSNE: Elective ; AINT-MSAI: Elective*,Not Available*,,,,,
ATLS-5203*,Light and Perception*,"Traces human and camera vision in close detail. Students explore visual perception between two and three dimensions by exploring advanced experiments in designing light. Starting with different analog illustration exercises, students explore how light informs the perception of three dimensional space and objects. Students then explore techniques to play with visual perception, using advanced technologies like Augmented and Virtual Reality, Interactive Sculpture, Digital Games, and Immersive Media. Equivalent - Duplicate Degree Credit Not Granted: ATLS 4203.*",3*,None available (FA24-FA26)*,Requisites: Restricted to Atlas (ATLS) graduate students only.*,CSEN-PhD: Depth; CSEN-MS: Elective; CSEN-MSCPS: Elective; NTEN-MSNE: Elective ; AINT-MSAI: Elective*,Not Available*,,,,,
CSCI-7222*,Topics in Nonsymbolic Artificial Intelligence*,"Topics vary from year to year. Possible topics include human and machine vision, signal and speech processing, artificial life, mathematical foundations of connectionism, and computational learning theory. Repeatable: Repeatable for up to 6.0 total credit hours. Allows multiple enrollment in term.*",3*,None available (FA24-FA26)*,Restricted to graduate students only. Recommended: Prerequisite CSCI 5622 or instructor consent required.*,CSEN-PhD: Depth; CSEN-MS: Elective; CSEN-MSCPS: Elective; NTEN-MSNE: Elective ; AINT-MSAI: Elective*,Not Available*,,,,,
CSCI-7123*,Topics in Operating Systems*,"Topics selected by instructor. Possible topics are system design, measurement and evaluation, simulation, mathematical modeling, and parallelism. Repeatable: Repeatable for up to 6.0 total credit hours. Allows multiple enrollment in term. *",3*,None available (FA24-FA26)*,Requires prerequisite course of CSCI 5573 (minimum grade B). Restricted to graduate students only.*,CSEN-PhD: Depth; CSEN-MS: Elective; CSEN-MSCPS: Elective; NTEN-MSNE: Elective ; AINT-MSAI: Elective*,Not Available*,,,,,
CSCI-7143*,Topics in Computer Systems*,"Topics selected by instructor. Possible topics are online systems, multiprocessing, microprogramming, architecture, data communications, and computing networks. Department consent required. Repeatable: Repeatable for up to 6.0 total credit hours. Allows multiple enrollment in term. *",3*,None available (FA24-FA26)*,Restricted to graduate students only.Department consent required.*,CSEN-PhD: Depth; CSEN-MS: Elective; CSEN-MSCPS: Elective; NTEN-MSNE: Elective ; AINT-MSAI: Elective*,Not Available*,,,,,
CSCI-7176*,Topics in Numerical Computation*,"Topics selected by instructor. Possible topics are numerical linear algebra, solution of differential equations, nonlinear algebra and optimization, data fitting, linear and nonlinear programming, and solution of large problems. Department consent required. Repeatable: Repeatable for up to 6.0 total credit hours. Allows multiple enrollment in term. *",3*,None available (FA24-FA26)*,Restricted to graduate students only. Department consent required.*,CSEN-PhD: Depth; CSEN-MS: Elective; CSEN-MSCPS: Elective; NTEN-MSNE: Elective ; AINT-MSAI: Elective*,Not Available*,,,,,
ATLS-5620*,User-Experience Design 1*,"Through lecture, industry illustrations, and hands-on projects students will learn the end-to-end UX Design process. Through this course students will learn how to craft a professional design portfolio piece, understand contemporary UX design methodologies, and be shown how to innovate when designing at scale. Equivalent - Duplicate Degree Credit Not Granted: ATLS 4620*",3*,(FA26) None*,Requisites: Restricted to Atlas (ATLS) graduate students only.*,CSEN-PhD: Depth; CSEN-MS: Elective; CSEN-MSCPS: Elective; NTEN-MSNE: Elective ; AINT-MSAI: Elective*,Not Available*,,,,,
CSCI-7000-2261-015*,[Generative AI]*,"This lecture-based course surveys the foundations, systems, and societal impacts of modern Generative AI. We will build a principled understanding of large language models (LLMs), embeddings, scaling laws, Transformers and GPT, retrieval-augmented generation (RAG), tool use and chain-of-thought prompting, reasoning and RLHF/Constitutional AI, vision models and diffusion, multimodal models (e.g., CLIP, GPT-4V), LLM-driven agents and emerging standards (e.g., MCP), human-centered AI and UX for GenAI, applications in robotics and embodied AI, Generative AI for AR/VR, and near-term futures, risks, and governance. Although the course is lecture-centric, students will synthesize concepts through two short, team-based projects that translate theory into concise demonstrations. By the end, students will be able to analyze state-of-the-art papers, reason about model capabilities and limitations, and articulate human-centered, ethically responsible applications of Generative AI*",3*,"(SP26):The waitlist for this class is automatically re-sequenced to allow first priority to CS PhD students and second priority to CS masters students. Student may be dropped from course for non-attendance. This class will have its last meeting day on Friday, April 24, 2026.*",Restricted to graduate students only.*,CSEN-PhD: Depth; CSEN-MS: Elective; CSEN-MSCPS: Elective; NTEN-MSNE: Elective ; AINT-MSAI: Elective*,Not Available*,,,,,
CSCI-7000-2261-018*,[Generative AI]*,"This lecture-based course surveys the foundations, systems, and societal impacts of modern Generative AI. We will build a principled understanding of large language models (LLMs), embeddings, scaling laws, Transformers and GPT, retrieval-augmented generation (RAG), tool use and chain-of-thought prompting, reasoning and RLHF/Constitutional AI, vision models and diffusion, multimodal models (e.g., CLIP, GPT-4V), LLM-driven agents and emerging standards (e.g., MCP), human-centered AI and UX for GenAI, applications in robotics and embodied AI, Generative AI for AR/VR, and near-term futures, risks, and governance. Although the course is lecture-centric, students will synthesize concepts through two short, team-based projects that translate theory into concise demonstrations. By the end, students will be able to analyze state-of-the-art papers, reason about model capabilities and limitations, and articulate human-centered, ethically responsible applications of Generative AI.*",3*,"(SP26): This class will be taught synchronously as a remote section, which means classes will be held virtually during the days and times listed. This class will have its last meeting day on Friday, April 24, 2026.*",Restricted to graduate students only.*,CSEN-PhD: Depth; CSEN-MS: Elective; CSEN-MSCPS: Elective; NTEN-MSNE: Elective ; AINT-MSAI: Elective*,Not Available*,,,,,
ATLS-5202*,Computational Fabrication*,"This course will explore techniques, representations, and workflows for computational fabrication. Digital fabrication machines like 3D printers and laser-cutters bring complicated designs into physical form, and computer programming helps overcome design challenges that are difficult or nearly impossible. Blending these two tools, students will use computational fabrication techniques to design and build functional, creative objects leveraging existing computer-aided design (CAD) tools, programming languages and digital fabrication machinery. Equivalent - Duplicate Degree Credit Not Granted: ATLS 4202 and CSCI 4012.*",3*,"(FA25) This class will have its last meeting day on Friday, Dec. 5, 2025.*",Requisites: Restricted to graduate students only.*,CSEN-PhD: Depth; CSEN-MS: Elective; CSEN-MSCPS: Elective; NTEN-MSNE: Elective ; AINT-MSAI: Elective*,Not Available*,,,,,
CSCI-7000-2261-800*,[Logic for Computer Science]*,"This course will explore symbolic logic including propositional, first-order and modal logics with an eye towards CS applications (formal methods, AI and computational complexity theory). Topics covered will include propositional logics, model theory and proof systems for propositional logic, first order logic, models and proof systems, completeness, compactness, and incompleteness. Classical vs Intuitionistic Reasoning. Logical theories such as linear and nonlinear arithmetic. We will also present basics of decision procedures and use the Lean4 theorem prover extensively in class*",3*,(SP26): None*,Restricted to graduate students only. Recommended: Background in theoretical CS. Consent of the instructor required*,CSEN-PhD: Depth; CSEN-MS: Elective; CSEN-MSCPS: Elective; NTEN-MSNE: Elective ; AINT-MSAI: Elective*,Not Available*,,,,,
ATLS-5519-2257-003*,[AI Tooling for Software Dev]*,"This course provides a project-driven context to explore the breadth of tools used for modern software design and development. This includes (but is not limited to) Large Language Models (LLMs), AI-instrumented editors and editor plugins; as well as traditional engineering toolchains for source code management, solo and collaborative planning, design and development techniques, and many other tools that facilitate creativity when writing programs. Given the cutting edge nature of AI, the format of this course will remain fluid.*",3*,None*,Restricted to graduate students only.*,CSEN-PhD: Depth; CSEN-MS: Elective; CSEN-MSCPS: Elective; NTEN-MSNE: Elective ; AINT-MSAI: Elective*,Not Available*,,,,,
CYBR-5350*,Security Auditing and Penetration Testing*,"This course is an introduction to the principles and techniques associated with security auditing and penetration testing. Topics covered include; planning, reconnaissance, scanning, enumeration, exploitation, post-exploitation, and reporting. Students discover how system vulnerabilities can be exploited. Students will develop an understanding of current cybersecurity issues and how user, administrator, and programmer errors can result in security breaches.*",3*,None available (FA24-FA26)*,Prerequsite course CYBR 5300/CSCI 3403/CSCI 5403*,CSEN-PhD: Depth; CSEN-MS: Elective; CSEN-MSCPS: Elective; NTEN-MSNE: Elective ; AINT-MSAI: Elective*,Not Available*,,,,,
CSCI-7585*,Computational Models of Discourse and Dialogue*,"This course is an introduction to computational models, corpora, and processing methods for discourse and dialogue. The course will introduce students to the foundational concepts and approaches, building a base from which students can go on to do research in these areas. Equivalent - Duplicate Degree Credit Not Granted: LING 7585 *",3*,(SP26) The waitlist for this class is automatically re-sequenced to allow first priority to CS PhD students and second priority to CS masters students. Student may be dropped from course for non-attendance.*,"Recommended: Prerequisite CSCI 5832 Natural Language Processing, graduate students only.*",CSEN-PhD: Depth; CSEN-MS: Elective; CSEN-MSCPS: Elective; NTEN-MSNE: Elective ; AINT-MSAI: Elective*,Not Available*,,,,,
CSCI-7000-2247-012*,[Comp Models of Discourse]*,"This course is an in-depth investigation of current and historical theories and models for computing (and reasoning about) the structure and meaning of text beyond the level of individual sentences. The interactions between entities and propositions in a text are complex, varied, and FASCINATING, and modeling these interactions computationally is a huge unsolved challenge. In this seminar-style course, we will learn about theoretical models of discourse coherence, discourse structure, and discourse relations, as well as applications in areas such as text segmentation, event ordering, coreference resolution, summarization, and automated essay scoring. Along the way, we will get to know the main frameworks and corpora for discourse processing. Students will present and discuss technical papers in the field, complete a small number of practically-oriented assignments, and complete a course research project. Course projects and assignments will include options for both computationally-oriented students and students without that orientation.",3*,(FA24): The waitlist for this class is automatically re-sequenced to allow first priority to CS PhD students and second priority to CS masters students.*,"Restricted to graduate students only. This course is suitable for graduate students from Linguistics, Computer Science, Information Science, and potentially other disciplines, provided the student has some background in Linguistics and/or text analysis.*",CSEN-PhD: Depth; CSEN-MS: Elective; CSEN-MSCPS: Elective; NTEN-MSNE: Elective ; AINT-MSAI: Elective*,Not Available*,,,,,
ATLS-5130*,Experimental Typography*,"This course is an advanced investigation of typography for visual communication and expression. Emphasis is placed on the analysis of meaning as conveyed through materials, technology, and design. Projects are experimental and are designed to challenge you to expand your understanding of the function of typography in communication, design, art, and culture. Equivalent - Duplicate Degree Credit Not Granted: ATLS 4130.*",3*,(FA26) Students who register for this section must also register for the following LAB section: 011*,Requisites: Restricted to graduate students only.*,CSEN-PhD: Depth; CSEN-MS: Elective; CSEN-MSCPS: Elective; NTEN-MSNE: Elective ; AINT-MSAI: Elective*,Not Available*,,,,,
ATLS-5519-2247-803*,[Creative Spatial Interfaces]*,"This course introduces students to the research methods at the intersection of augmented reality (AR), artificial intelligence (AI), and robotics. It provides both a solid theoretical foundation in AR and hands-on experience in prototyping, with a specific focus on integrating AR with AI and robotics. Students will learn the history and state-of-the-art of AR research through readings from research papers. Additionally, students will engage in hands-on programming sessions to design, prototype, and evaluate cutting-edge AR + AI/Robotics applications.*",3*,None*,Restricted to graduate students only.,CSEN-PhD: Depth; CSEN-MS: Elective; CSEN-MSCPS: Elective; NTEN-MSNE: Elective ; AINT-MSAI: Elective*,Not Available*,,,,,
CSCI-7000-2247-016*,[Creative Spatial Interfaces]*,"This course introduces students to the research methods at the intersection of augmented reality (AR), artificial intelligence (AI), and robotics. It provides both a solid theoretical foundation in AR and hands-on experience in prototyping, with a specific focus on integrating AR with AI and robotics. Students will learn the history and state-of-the-art of AR research through readings from research papers. Additionally, students will engage in hands-on programming sessions to design, prototype, and evaluate cutting-edge AR + AI/Robotics applications.*",3*,(FA24): None*,Restricted to graduate students only. *,CSEN-PhD: Depth; CSEN-MS: Elective; CSEN-MSCPS: Elective; NTEN-MSNE: Elective ; AINT-MSAI: Elective*,Not Available*,,,,,
ATLS-5519-2251-011*,[Tangible and Mixed Reality]*,"This course introduces students to the rapidly evolving field of mixed reality (MR), covering both augmented reality (AR) and virtual reality (VR). Students will gain a solid theoretical foundation in MR technologies and engage in hands-on experience developing these applications. Through reading research papers, programming MR applications, engaging in critical discussions, and demonstrating projects, students will learn how to develop state-of-the-art MR applications. The course covers various topics in mixed reality, including MR development frameworks, tangible interaction, real-world sensing, gestural input, spatial collaboration, AI for MR, and MR applications in diverse domains such as education, robotics, healthcare, architecture, sports, and entertainment. By the end of the course, students will be equipped with the technical skills to prototype and the critical understanding necessary to evaluate mixed reality applications across different contexts. Learn more about this and other CTD courses at: http://bit.ly/ctd-class-list*",3*,None*,"Restricted to graduate students only. Recommended: Recommended prerequisite: ATLS 1300 or CSCI 1300, or prior coding experience (eg. have taken an introductory programming course)*",CSEN-PhD: Depth; CSEN-MS: Elective; CSEN-MSCPS: Elective; NTEN-MSNE: Elective ; AINT-MSAI: Elective*,Not Available*,,,,,
ATLS-5410*,Creative Technologies*,"This course gives students hands-on exposure to a wide range of technologies, including 3D printing, laser cutting, microcontrollers, sensors and programming. Through rapid prototyping and problem solving, students gain technical fluency and competence while identifying technology skills they wish to develop further.*",3*,(SP26) None*,Requisites: Restricted to graduate students only.*,CSEN-PhD: Depth; CSEN-MS: Elective; CSEN-MSCPS: Elective; NTEN-MSNE: Elective ; AINT-MSAI: Elective*,Not Available*,,,,,
ATLS-5840*,Advanced User-Experience*,"This course builds upon prior user-experience curriculum, helping students to develop their advanced user experience design skills and professional development skills through project-based work. The course ends with student producing high-quality in portfolio-level projects(s).*",3*,None available (FA24-FA26)*,Requisites: Requires prerequisite course of ATLS 5720*,CSEN-PhD: Depth; CSEN-MS: Elective; CSEN-MSCPS: Elective; NTEN-MSNE: Elective ; AINT-MSAI: Elective*,Not Available*,,,,,
ATLS-5201*,Biodesign*,"This class covers basic design techniques, together with essential wetlab skills. Students will learn how to culture and work with various types of organisms, such as bacteria, algae (dynoflagellates, cyanobacteria) and fungus. These organisms will become the living media or processed biomaterials that the students will design with. This is a lab-based class. Equivalent - Duplicate Degree Credit Not Granted: ATLS 4201.*",3*,"(SP26) Please reach out to josh.hughes@colorado.edu, ATLAS Curriculum Coordinator, if you do not meet the required prerequisites and would like to inquire about enrollment options. This class will have its last meeting day on Friday, April 24, 2026.*",Requisites: Restricted to Atlas (ATLS) graduate students only.*,CSEN-PhD: Depth; CSEN-MS: Elective; CSEN-MSCPS: Elective; NTEN-MSNE: Elective ; AINT-MSAI: Elective*,Not Available*,,,,,
ATLS-5519-2257-002*,[Whaaat!? Lab Studio]*,"The Whaaat!? Lab is an ATLAS Institute studio dedicated to the exploration of experimental games and playful interactions. Members of the lab develop award-winning alternative control games, explore novel forms of interactivity, and host the eponymous Whaaat!? Festival, which will celebrate its 8th year this Fall. In this weekly studio course, students will join lab director Danny Rankin to plan and execute the 2025 Whaaat!? Festival, as well as carry out a host of experiments in the world of weird games, alternative controls, interactive environments, and artistic fabrication. Students will be asked to identify their own strengths and interests, and to pitch projects to the studio team for potential development*",3*,"This class will have its last meeting on Friday, Dec. 5, 2025*","Restricted to graduate students only. Recommended: There are no prerequisites aside from motivation and curiosity, although some background with design software, programming, and/or fabrication will likely prove helpful.*",CSEN-PhD: Depth; CSEN-MS: Elective; CSEN-MSCPS: Elective; NTEN-MSNE: Elective ; AINT-MSAI: Elective*,Not Available*,,,,,
ATLS-5519-2251-001*,[User Experience Design 2]*,"The goal of this class is to leave having a clear understanding of not only the importance of User Experience design when it comes to user interfaces (UI), interaction design (IxD), and usability everyday products, but the tools and ability to lead a UX design project from start to finish.*",3*,"This class will be taught Tuesdays and Thursdays, 12:30am - 1:45pm, and will primarily be held remotely, but there may be opportunities for in person work. Instructor may determine pacing and deadlines for coursework completion. See course syllabus for more information. This class will be taught using a combination of in person and online or remote instruction modes. This means that some coursework may be completed online at a student's own pace (asynchronous) or remotely at designated times, in addition to having an in person meeting pattern. Watch your CU email for more information from the instructor/department prior to the start of classes.*","Open to Non Sponsored Students. Required prerequisite: User Experience Design 1, or comparable experience with UX Design User Experience Design 2 is a continuation of UX1. *",CSEN-PhD: Depth; CSEN-MS: Elective; CSEN-MSCPS: Elective; NTEN-MSNE: Elective ; AINT-MSAI: Elective*,Not Available*,,,,,
CSCI-7000-2267-003*,[Transformers for Robotics]*,TBD*,3*,"(FA26) The waitlist for this class is automatically re-sequenced to allow first priority to CS PhD students and second priority to CS masters students. Student may be dropped from course for non-attendance. This class will have its last meeting day on Friday, Dec. 4, 2026.*",Restricted to graduate students only.*,CSEN-PhD: Depth; CSEN-MS: Elective; CSEN-MSCPS: Elective; NTEN-MSNE: Elective ; AINT-MSAI: Elective*,Not Available*,,,,,
CSCI-7565*,Computational Phonology and Morphology*,"Surveys of the main approaches and central questions related to computational modeling and learning of morphology and phonology. We consider questions related to learnability of phonology/morphology, machine learning implementations, and linguist-driven grammar modeling. Equivalent - Duplicate Degree Credit Not Granted: LING 7565 *",3*,None available (FA24-FA26)*,None*,CSEN-PhD: Depth; CSEN-MS: Elective; CSEN-MSCPS: Elective; NTEN-MSNE: Elective ; AINT-MSAI: Elective*,Not Available*,,,,,
ATLS-5606*,Critical Technical Practice*,"Surveys design theory and methods that can be used to question relationships between technology, culture, and the environment. Students will discuss readings and synthesize those readings through design exercises. The course will equip students with resources for thinking more critically and creatively about design and possible future human-technology relationships. Equivalent - Duplicate Degree Credit Not Granted: INFO 5606, ATLS 4606 and INFO 4606*",3*,None available (FA24-FA26)*,Requisites: Restricted to graduate students only.*,CSEN-PhD: Depth; CSEN-MS: Elective; CSEN-MSCPS: Elective; NTEN-MSNE: Elective ; AINT-MSAI: Elective*,Not Available*,,,,,
CSCI-7717*,Topics in Database Systems*,"Studies topics such as distributed databases, database interfaces, data models, database theory, and performance measurement in depth. Repeatable: Repeatable for up to 6.0 total credit hours. Allows multiple enrollments in term.*",3*,None available (FA24-FA26)*,"Requiers prerequisite course of CSCI 5817 (minimum grade B), restricted to graduate students only.*",CSEN-PhD: Depth; CSEN-MS: Elective; CSEN-MSCPS: Elective; NTEN-MSNE: Elective ; AINT-MSAI: Elective*,Not Available*,,,,,
CSCI-7818*,Topics in Software Engineering*,Studies selected topics of current interest in software engineering. Department consent required. Repeatable: Repeatable for up to 6.0 total credit hours. Allows multiple enrollment in term. *,3*,None available (FA24-FA26)*,Restricted to graduate students only.*,CSEN-PhD: Depth; CSEN-MS: Elective; CSEN-MSCPS: Elective; NTEN-MSNE: Elective ; AINT-MSAI: Elective*,Not Available*,,,,,
CSCI-6268*,Foundations of Computer and Network Security*,"Studies methods to protect information, and the ability to process and move information, from theft, misuse, tampering, destruction and unauthorized access. Introduces foundational topics of computer and network security, including security models, cryptography and authentication protocols. Equivalent - Duplicate Degree Credit Not Granted: TLEN 5550*",3*,None available (FA24-FA26)*,Requires prerequisite course of CSCI 5273 (minimum grade B). Restricted to graduate students only.*,CSEN-PhD: Depth; CSEN-MS: Elective; CSEN-MSCPS: Elective; NTEN-MSNE: Elective ; AINT-MSAI: Elective*,Not Available*,,,,,
CYBR-5420*,Spectrum Management and Policy*,"Studies how spectrum policy is developed and implemented. A general framework is developed for understanding telecommunications law and regulatory objectives. Specifically analyzes international and domestic dimensions of spectrum policy. Considers how economics, administrative processes and innovative technologies affects management of the spectrum. Formerly TLEN 5230.'*",3*,(FA26) Student may be dropped from course for non-attendance.*,Restricted to graduate students only.*,CSEN-PhD: Depth; CSEN-MS: Elective; CSEN-MSCPS: Elective; NTEN-MSNE: Elective ; AINT-MSAI: Elective*,Not Available*,,,,,
ATLS-5519-2267-004*,[Hacking the Apocalypse]*,"Students will research, re-create, and create novel systems for private communications networks and surveillance countermeasures utilizing fabrication techniques and electronic input/output systems based on the Arduino platform and using off-grid power systems. The course proceeds each semester to topics including the production of basic needs and personal security, aggregating each semester’s findings and designs in an Open Source document. F’26 semester students will have access to Hacking the Apocalypse Book 1: Water, and Book 2: Food, as reference for the expectations for development and documentation, created by students beginning in S’25.*",3*,"This class will have its last meeting on Friday, Dec. 4, 2026*",Restricted to graduate students only.*,CSEN-PhD: Depth; CSEN-MS: Elective; CSEN-MSCPS: Elective; NTEN-MSNE: Elective ; AINT-MSAI: Elective*,Not Available*,,,,,
ATLS-5230*,Case Studies in Social Impact*,"Serves as foundation course for MS-Social Impact program. Students will evaluate case studies across a range of technologies and applications. Students will learn how to match available technologies to human and environmental needs and resources, be introduced to the seminal work and leaders in the field, and discuss the future of Social Impact as an emerging area of academic focus. Equivalent - Duplicate Degree Credit Not Granted: ATLS 4230*",3*,"(FA26) This class will not meet on Friday, Dec 4, 2026.*",Requisites: Restricted to Atlas (ATLS) graduate students only.*,CSEN-PhD: Depth; CSEN-MS: Elective; CSEN-MSCPS: Elective; NTEN-MSNE: Elective ; AINT-MSAI: Elective*,Not Available*,,,,,
CSCI-7154*,Topics in Theory of Computation*,Selected topics of current interest in theory of computation. Repeatable: Repeatable for up to 6.0 total credit hours. Allows multiple enrollment in term.*,3*,None available (FA24-FA26)*,Requires prerequisite course of CSCI 5454 (minimum grade B). Restricted to graduate students only.*,CSEN-PhD: Depth; CSEN-MS: Elective; CSEN-MSCPS: Elective; NTEN-MSNE: Elective ; AINT-MSAI: Elective*,Not Available*,,,,,
CSCI-7000-2247-013*,[Quantum Complexity and Beyond]*,"Quantum Complexity, Quantum Error Correction, Topological Quantum Computing and Beyond. Quantum computing is a rapidly advancing field with abundant research opportunities and potential applications. This course will dive into theory, existing results, and open questions concerning quantum complexity, quantum error correction, and topological quantum computing. The instructor will give lectures about 1/4 of time covering necessary math (and physics as needed) and lead the discussion of research projects. The students are expected to lead the discussion of some research papers and actively participate/lead discussion of research projects. This course is suitable for students who look to do research in quantum computing and/or obtain some deeper knowledge of quantum computing.*",3*,(FA24): The waitlist for this class is automatically re-sequenced to allow first priority to CS PhD students and second priority to CS masters students.*,"Restricted to graduate students only. Recommended: Basics of quantum computing (e.g., quantum circuit and algorithms), linear algebra*",CSEN-PhD: Depth; CSEN-MS: Elective; CSEN-MSCPS: Elective; NTEN-MSNE: Elective ; AINT-MSAI: Elective*,Not Available*,,,,,
CYBR-5505*,Leading Oneself*,"Provides working engineers a background in leadership concepts and methods and enables students to develop practical leadership skills through numerous in-class exercises and experimentation based assignments. Topics include authentic leadership, motivating self and others, cultivating emotional intelligence, personal mastery, creating accountability, conflict resolution, leading change and organizational culture. Required for all Engineering Management degree students.*",3*,None available (FA24-FA26)*,Requisites: Restricted to Leeds School of Business or College of Engineering graduate students only.*,CSEN-PhD: Depth; CSEN-MS: Elective; CSEN-MSCPS: Elective; NTEN-MSNE: Elective ; AINT-MSAI: Elective*,Not Available*,,,,,
ATLS-5120*,Mobile Application Development*,"Provides a comprehensive overview of developing mobile applications using a range of technologies including software developers' kits, object-oriented programming and human interface design principles. Students incorporate leading edge technologies with their own academic pursuits and personal interests to develop mobile applications. Explores the social and cultural effects of app and mobile-based computing. Equivalent - Duplicate Degree Credit Not Granted: ATLS 4120*",3*,None available (FA24-FA26)*,None*,CSEN-PhD: Depth; CSEN-MS: Elective; CSEN-MSCPS: Elective; NTEN-MSNE: Elective ; AINT-MSAI: Elective*,Not Available*,,,,,
CSCI-5593*,Advanced Computer Architecture*,"Provides a broad-scope treatment of important concepts in the design and implementation of high-performance computer systems. Discusses important issues in the pipelining of a processor, out-of-order instruction issue and superscalar designs, design of cache memory systems and architectural features required for multicore processor designs. Also studies current and historically important computer architectures, including hardware security concepts. Equivalent - Duplicate Degree Credit Not Granted: ECEN 5593 and ECEN 4693 *",3*,"(SP26) Until open enrollment date, registration is restricted to Computer Science graduate students only. Non-CS students can waitlist before that date. The waitlist for this class is automatically re-sequenced to allow first priority to CS PhD students and second priority to CS masters students. Student may be dropped from course for non-attendance. This class will have its last meeting day on Friday, April 24, 2026.*",Restricted to graduate students only. Recommended: Prerequisite CSCI 3593 or instructor consent required.*,CSEN-PhD: Depth; CSEN-MS: Elective; CSEN-MSCPS: Elective; NTEN-MSNE: Elective ; AINT-MSAI: Elective*,Not Available*,,,,,
CSCI-7000-2261-013*,[Grad Ethics Computing and AI]*,"Provide students with perspectives on ethical and societal implications of AI. Review ethical issues already arising with: technologies such as genAI and social media; environmental and humanitarian costs; future issues such as work and the AI alignment problem. Will consider ethical frameworks and works of fiction, and will require reading, participation in class discussions, essays, and a final project.*",3*,"(SP26):The waitlist for this class is automatically re-sequenced to allow first priority to CS PhD students and second priority to CS masters students. Student may be dropped from course for non-attendance. This class will have its last meeting day on Friday, April 24, 2026.*",Restricted to graduate students only.*,CSEN-PhD: Depth; CSEN-MS: Elective; CSEN-MSCPS: Elective; NTEN-MSNE: Elective ; AINT-MSAI: Elective*,Not Available*,,,,,
CSCI-7000-2251-013*,[Future of Programming: LLMS?]*,"Programming is and always has been specifying the behavior of a machine. In an earlier day, people programmed in assembly language, which was eventually supplanted by a series of higher level symbolic languages. Today we program behaviors of machines (""code"") in Java, Javascript, Python, etc. Just as in an earlier day assembler was supplanted by higher level languages, today perhaps we're on the threshold of another inflection point in programming. We can already use ChatGPT to generate code in symbolic languages by specifying behavior in natural language. Whereas to date a programmer's skill has been the ability to specify behavior within the constraints of symbolic language primitives and syntax, perhaps soon the skills needed will be the ability to specify behavior in natural language. This experimental class investigates this proposition by trying to write complex software using natural language ""prompts"" , including writing unit tests, debugging, all the usual apparatus familiar from conventional symbolic language software engineering. How far can we push this?*",3*,(SP25): Student may be dropped from course for non-attendance. The waitlist for this class is automatically re-sequenced to allow first priority to CS PhD students and second priority to CS masters students.*,Restricted to graduate students only.*,CSEN-PhD: Depth; CSEN-MS: Elective; CSEN-MSCPS: Elective; NTEN-MSNE: Elective ; AINT-MSAI: Elective*,Not Available*,,,,,
ATLS-5240*,Technology for Social Impact Laboratory*,"Prepares students for the semester-long practicum. Students work in teams to design interventions that address unique socio-economic and environmental development issues. Teams will design a variety of interventions, including telehealth and distance education programs, communication networks, and pro-development policies. Topics will be chosen by teams and guided by program faculty and external domain experts.*",3*,"(FA26) This class will not meet on Friday, Dec 4, 2026. Class Location: ATLS 235, Grad Lab*",Requisites: Requires prerequisite courses of ATLS 5230 (minimum grade D-). Restricted to graduate students only.*,CSEN-PhD: Depth; CSEN-MS: Elective; CSEN-MSCPS: Elective; NTEN-MSNE: Elective ; AINT-MSAI: Elective*,Not Available*,,,,,
ATLS-5519-2247-002*,[Interactive Sound]*,None*,3*,None*,Restricted to graduate students only.,CSEN-PhD: Depth; CSEN-MS: Elective; CSEN-MSCPS: Elective; NTEN-MSNE: Elective ; AINT-MSAI: Elective*,Not Available*,,,,,
ATLS-5519-2247-017*,[Experimental Practices]*,None*,3*,Class Location: SL1 in B2 Studios*,Restricted to graduate students only.*,CSEN-PhD: Depth; CSEN-MS: Elective; CSEN-MSCPS: Elective; NTEN-MSNE: Elective ; AINT-MSAI: Elective*,Not Available*,,,,,
ATLS-5519-2247-040*,[Experimental Textiles]*,None*,3*,This class has a required LAB section.*,Restricted to graduate students only.*,CSEN-PhD: Depth; CSEN-MS: Elective; CSEN-MSCPS: Elective; NTEN-MSNE: Elective ; AINT-MSAI: Elective*,Not Available*,,,,,
ATLS-5519-2247-802*,[Venture Capital & Private Equity]*,None*,3*,"This is a special session class with start and end dates that differ from full-semester classes. The corresponding add, drop and withdrawal dates also differ from full-semester classes--please see the special session calendar for specific information: https://www.colorado.edu/registrar/students/registration/special-sessions*",Restricted to graduate students only.,CSEN-PhD: Depth; CSEN-MS: Elective; CSEN-MSCPS: Elective; NTEN-MSNE: Elective ; AINT-MSAI: Elective*,Not Available*,,,,,
ATLS-5519-2251-003*,[User Experience Research]*,None*,3*,None*,Restricted to graduate students only.*,CSEN-PhD: Depth; CSEN-MS: Elective; CSEN-MSCPS: Elective; NTEN-MSNE: Elective ; AINT-MSAI: Elective*,Not Available*,,,,,
ATLS-5519-2251-004*,[Advanced UX]*,None*,3*,None*,Restricted to graduate students only.,CSEN-PhD: Depth; CSEN-MS: Elective; CSEN-MSCPS: Elective; NTEN-MSNE: Elective ; AINT-MSAI: Elective*,Not Available*,,,,,
ATLS-5519-2251-018*,[Futures in Exp. Practices]*,None*,3*,None*,Restricted to graduate students only.,CSEN-PhD: Depth; CSEN-MS: Elective; CSEN-MSCPS: Elective; NTEN-MSNE: Elective ; AINT-MSAI: Elective*,Not Available*,,,,,
ATLS-5519-2257-006*,[Product Development Studio]*,None*,3*,None*,Restricted to graduate students only.*,CSEN-PhD: Depth; CSEN-MS: Elective; CSEN-MSCPS: Elective; NTEN-MSNE: Elective ; AINT-MSAI: Elective*,Not Available*,,,,,
ATLS-5519-2257-802*,[Venture Capital & Private Eqty]*,None*,3*,"This is a special session class with start and end dates that differ from full-semester classes. The corresponding add, drop and withdrawal dates also differ from full-semester classes--please see the special session calendar for specific information: https://www.colorado.edu/registrar/students/cu-boulder-on-coursera*",Restricted to graduate students only.*,CSEN-PhD: Depth; CSEN-MS: Elective; CSEN-MSCPS: Elective; NTEN-MSNE: Elective ; AINT-MSAI: Elective*,Not Available*,,,,,
ATLS-5519-2261-003*,[User Experience Research]*,None*,3*,None*,Restricted to graduate students only.*,CSEN-PhD: Depth; CSEN-MS: Elective; CSEN-MSCPS: Elective; NTEN-MSNE: Elective ; AINT-MSAI: Elective*,Not Available*,,,,,
CSCI-7000-2247-003*,[AI for Comp Sys and Sys for AI]*,None*,3*,(FA24): The waitlist for this class is automatically re-sequenced to allow first priority to CS PhD students and second priority to CS masters students. Student may be dropped from course for non-attendance.,Restricted to graduate students only. Recommended Pre-requisite: CSCI 5832 Natural Language Processing*,CSEN-PhD: Depth; CSEN-MS: Elective; CSEN-MSCPS: Elective; NTEN-MSNE: Elective ; AINT-MSAI: Elective*,Not Available*,,,,,
CSCI-7000-2247-011*,[Transformer-based Robotic AI]*,None*,3*,(FA24): The waitlist for this class is automatically re-sequenced to allow first priority to CS PhD students and second priority to CS masters students.*,Restricted to graduate students only.*,CSEN-PhD: Depth; CSEN-MS: Elective; CSEN-MSCPS: Elective; NTEN-MSNE: Elective ; AINT-MSAI: Elective*,Not Available*,,,,,
CSCI-7000-2251-004*,[Advanced Internet Protocols]*,None*,3*,(SP25): Student may be dropped from course for non-attendance. The waitlist for this class is automatically re-sequenced to allow first priority to CS PhD students and second priority to CS masters students.*,Restricted to graduate students only.*,CSEN-PhD: Depth; CSEN-MS: Elective; CSEN-MSCPS: Elective; NTEN-MSNE: Elective ; AINT-MSAI: Elective*,Not Available*,,,,,
CSCI-7000-2251-006*,"[InfoTheory, Inference and App]*",None*,3*,(SP25): Student may be dropped from course for non-attendance. The waitlist for this class is automatically re-sequenced to allow first priority to CS PhD students and second priority to CS masters students.*,Restricted to graduate students only.*,CSEN-PhD: Depth; CSEN-MS: Elective; CSEN-MSCPS: Elective; NTEN-MSNE: Elective ; AINT-MSAI: Elective*,Not Available*,,,,,
CSCI-7000-2251-007*,[Comp Lexical Semantics]*,None*,3*,(SP25): Student may be dropped from course for non-attendance. The waitlist for this class is automatically re-sequenced to allow first priority to CS PhD students and second priority to CS masters students.*,Restricted to graduate students only.*,CSEN-PhD: Depth; CSEN-MS: Elective; CSEN-MSCPS: Elective; NTEN-MSNE: Elective ; AINT-MSAI: Elective*,Not Available*,,,,,
CSCI-7000-2251-009*,[Modern Computer Systems]*,None*,3*,(SP25): Student may be dropped from course for non-attendance. The waitlist for this class is automatically re-sequenced to allow first priority to CS PhD students and second priority to CS masters students.*,Restricted to graduate students only.*,CSEN-PhD: Depth; CSEN-MS: Elective; CSEN-MSCPS: Elective; NTEN-MSNE: Elective ; AINT-MSAI: Elective*,Not Available*,,,,,
CSCI-7000-2251-015*,[Transformer-based Robotic AI]*,None*,3*,(SP25): The waitlist for this class is automatically re-sequenced to allow first priority to CS PhD students and second priority to CS masters students. Student may be dropped from course for non-attendance.*,Restricted to graduate students only. *,CSEN-PhD: Depth; CSEN-MS: Elective; CSEN-MSCPS: Elective; NTEN-MSNE: Elective ; AINT-MSAI: Elective*,Not Available*,,,,,
CSCI-7000-2257-013*,[Wearable Technologies]*,None*,3*,"(FA25):The waitlist for this class is automatically re-sequenced to allow first priority to CS PhD students and second priority to CS masters students. Student may be dropped from course for non-attendance. This class will have its last meeting day on Friday, Dec. 5, 2025*",Restricted to graduate students only.*,CSEN-PhD: Depth; CSEN-MS: Elective; CSEN-MSCPS: Elective; NTEN-MSNE: Elective ; AINT-MSAI: Elective*,Not Available*,,,,,
CSCI-7000-2257-014*,[Applied AI Ethics]*,None*,3*,(FA25):The waitlist for this class is automatically re-sequenced to allow first priority to CS PhD students and second priority to CS masters students. Student may be dropped from course for non-attendance.*,Restricted to graduate students only.*,CSEN-PhD: Depth; CSEN-MS: Elective; CSEN-MSCPS: Elective; NTEN-MSNE: Elective ; AINT-MSAI: Elective*,Not Available*,,,,,
CSCI-7000-2257-015*,[How to Hack Almost Anything]*,None*,3*,(FA25):The waitlist for this class is automatically re-sequenced to allow first priority to CS PhD students and second priority to CS masters students. Student may be dropped from course for non-attendance.*,Restricted to graduate students only.*,CSEN-PhD: Depth; CSEN-MS: Elective; CSEN-MSCPS: Elective; NTEN-MSNE: Elective ; AINT-MSAI: Elective*,Not Available*,,,,,
CSCI-7000-2261-017*,[Foundations of Data Economics]*,None*,3*,(SP26): The waitlist for this class is automatically re-sequenced to allow first priority to CS PhD students and second priority to CS masters students.*,Restricted to graduate students only.*,CSEN-PhD: Depth; CSEN-MS: Elective; CSEN-MSCPS: Elective; NTEN-MSNE: Elective ; AINT-MSAI: Elective*,Not Available*,,,,,
CSCI-7000-2267-002*,[Intro to Quantum Programming]*,None*,3*,"(FA26) Until open enrollment date, registration is restricted to Computer Science graduate students only. Non-CS students can waitlist before that date. The waitlist for this class is automatically re-sequenced to allow first priority to CS PhD students and second priority to CS masters students. Student may be dropped from course for non-attendance.*",Restricted to graduate students only.*,CSEN-PhD: Depth; CSEN-MS: Elective; CSEN-MSCPS: Elective; NTEN-MSNE: Elective ; AINT-MSAI: Elective*,Not Available*,,,,,
CSCI-7000-2267-009*,[AI Agents]*,None*,3*,"This class will be taught synchronously as a remote section, which means classes will be held virtually during the days and times listed. The waitlist for this class is automatically re-sequenced to allow first priority to CS PhD students and second priority to CS masters students. This class will have its last meeting day on Friday, Dec. 4, 2026.*",Restricted to graduate students only.*,CSEN-PhD: Depth; CSEN-MS: Elective; CSEN-MSCPS: Elective; NTEN-MSNE: Elective ; AINT-MSAI: Elective*,Not Available*,,,,,
CSCI-7000-2267-013*,[Generative AI]*,None*,3*,The waitlist for this class is automatically re-sequenced to allow first priority to CS PhD students and second priority to CS masters students. Student may be dropped from course for non-attendance.*,Restricted to graduate students only.*,CSEN-PhD: Depth; CSEN-MS: Elective; CSEN-MSCPS: Elective; NTEN-MSNE: Elective ; AINT-MSAI: Elective*,Not Available*,,,,,
CSCI-7000-2267-014*,[Math and Computational Finance]*,None*,3*,The waitlist for this class is automatically re-sequenced to allow first priority to CS PhD students and second priority to CS masters students.*,Restricted to graduate students only.*,CSEN-PhD: Depth; CSEN-MS: Elective; CSEN-MSCPS: Elective; NTEN-MSNE: Elective ; AINT-MSAI: Elective*,Not Available*,,,,,
ATLS-5519-2251-006*,[Neurodesign]*,"Nervous systems: diverse, complex and abundant! Learn how to use control theory to design for nervous systems, such as the visual system, starting with sensors and ending with an inclusive, minimally-harmful product or experiment design. In this course, students will tour the human nervous system, learning basic anatomy, function, and ranges of function. Then, students will investigate current products or services and examine them as a control system, scoring them on robustness. Finally, equipped with in-depth knowledge of sensors (both human and technological), students’ projects will improve upon an existing design, or create their own new design, with the goal of demonstrating nervous system knowledge and creating healthy, inclusive technological designs. Course applications can be in health, research, technology, computer science or other engineering fields. Learn more about this and other CTD courses at: http://bit.ly/ctd-class-list*",3*,None*,Restricted to graduate students only.,CSEN-PhD: Depth; CSEN-MS: Elective; CSEN-MSCPS: Elective; NTEN-MSNE: Elective ; AINT-MSAI: Elective*,Not Available*,,,,,
CSCI-6254*,Advanced Data Structures*,"Learn about data structures beyond trees, heaps, and hashtables that are covered in introductory classes on algorithms and data structures. Key topics will include hashtables and their applications, amortized analysis and data structures using amortization, important balanced tree data structures including B-trees, treaps and skip lists, mergeable heaps: binomial and Fibonacci heaps, persistent data structures, tries, suffix tries, suffix automata and spatial data structures. *",3*,None available (FA24-FA26)*,Prerequisite course of CSCI 5454 (minimum grade B). Recommended: Prerequisite CSCI 5434*,CSEN-PhD: Depth; CSEN-MS: Elective; CSEN-MSCPS: Elective; NTEN-MSNE: Elective ; AINT-MSAI: Elective*,Not Available*,,,,,
CSCI-6302*,Speech Recognition and Synthesis*,"Introduction to automatic speech recognition and understanding, conversational agents, dialogue systems, and speech synthesis/text-to-speech. Topics include the noisy channel model, Hidden Markov Models, A* and Viterbi decoding, language modeling (N-grams, entropy), concatenative synthesis, text normalization, dialogue and conversation modeling. *",3*,None available (FA24-FA26)*,Restricted to graduate students only. Recommended: Prerequisites CSCI 5832 or LING 5200 or instructor consent required.*,CSEN-PhD: Depth; CSEN-MS: Elective; CSEN-MSCPS: Elective; NTEN-MSNE: Elective ; AINT-MSAI: Elective*,Not Available*,,,,,
ATLS-5210*,Global Development I*,"Introduces students to the theories and policy of international development. Examines the role of multilateral agencies, foundations, aid organizations, corporate entities and academia in development as both an industry and a research field. Focuses on development movements and their outcomes, the inter-related nature of development and its effect on policies and programs, and critiques.*",3*,None available (FA24-FA26)*,Requisites: Restricted to Atlas (ATLS) graduate students only.*,CSEN-PhD: Depth; CSEN-MS: Elective; CSEN-MSCPS: Elective; NTEN-MSNE: Elective ; AINT-MSAI: Elective*,Not Available*,,,,,
ATLS-5131*,Computational Typography*,Introduces students to the technical and creative techniques of computational typography. Students will learn to create and manipulate typographic forms using code and other digital applications. Explores the history of typography and its relationship to parametric and systems-based design. The course is oriented towards producing creative works that explore computational typography. Equivalent - Duplicate Degree Credit Not Granted: ATLS 4131*,3*,None available (FA24-FA26)*,Requisites: Restricted to graduate students only. Recommended: Prerequisite Prior experience with programming.*,CSEN-PhD: Depth; CSEN-MS: Elective; CSEN-MSCPS: Elective; NTEN-MSNE: Elective ; AINT-MSAI: Elective*,Not Available*,,,,,
ATLS-5519-2251-007*,[Computational Typography]*,Introduces students to the technical and creative techniques of computational typography. Students will learn to create and manipulate typographic forms using code and other digital applications. Explores the history of typography and its relationship to parametric and systems-based design. The course is oriented towards producing creative works that explore computational typography Learn more about this and other CTD courses at: http://bit.ly/ctd-class-list*,3*,None*,Restricted to graduate students only.,CSEN-PhD: Depth; CSEN-MS: Elective; CSEN-MSCPS: Elective; NTEN-MSNE: Elective ; AINT-MSAI: Elective*,Not Available*,,,,,
ATLS-5340*,Experimental Textiles*,"Introduces students to the design and creation of soft interactive objects using textile techniques with a focus on weaving. Specifically, students are guided through exercises intended to cultivate and embodied a sense of textile structures and the mechanical and aesthetic effects they afford. Then, students learn the state of the art of integrating electronics into these soft/deformable textiles structures. With applications from sports, medicine, fashion, architecture, and soft robotics, smart/interactive textiles require a unique set of understandings and design considerations. Students learn about textile structure development, surface design, material sourcing, and electronics integration through project-based assignments. Equivalent - Duplicate Degree Credit Not Granted: ATLS 4340*",3*,"(FA26) For non-ATLAS grad students who would like to register for the class, please email josh.hughes@colorado.edu.*",Requisties: Restricted to Atlas (ATLS) gradaute students only.*,CSEN-PhD: Depth; CSEN-MS: Elective; CSEN-MSCPS: Elective; NTEN-MSNE: Elective ; AINT-MSAI: Elective*,Not Available*,,,,,
CYBR-5000*,"Seminar in Technology, Cybersecurity and Policy*","Introduces students to major topics and research at the interface of technology, cybersecurity, and policy by providing a weekly series of guest lectures with questions and discussion. These lectures will be followed by related readings, class discussions, and group work, which show the relationship of cybersecurity and new technology to policy.*",3*,None available (FA24-FA26)*,None*,CSEN-PhD: Depth; CSEN-MS: Elective; CSEN-MSCPS: Elective; NTEN-MSNE: Elective ; AINT-MSAI: Elective*,Not Available*,,,,,
ATLS-5040*,Game Design*,"Introduces students to game design, development, history, theory and culture through readings, discussion, game analysis and the iterative design process of non-digital games. Equivalent - Duplicate Degree Credit Not Granted: ATLS 4040*",3*,"(SP26) Please reach out to josh.hughes@colorado.edu, ATLAS Curriculum Coordinator, if you do not meet the required prerequisites and would like to inquire about enrollment options. Students who register for this section must also register for the following LAB section: 011*",Requisites: Restricted to students in the Atlas student group (PATL) only*,CSEN-PhD: Depth; CSEN-MS: Elective; CSEN-MSCPS: Elective; NTEN-MSNE: Elective ; AINT-MSAI: Elective*,Not Available*,,,,,
CSCI-7000-2251-012*,[Wearable Technology]*,"Introduces participants to basic elements of embedding electronic and computational behaviors into clothing and accoutrements such as watches, handbags, etc. Throughout weekly lab exercises, students will build ‘canonical’ wearable projects (e.g., and LED-infested wearable, a glove controller), culminating in a five-week period in which students design, develop, debug, and document a wearable technology project. Will gain an understanding of past and current trends in wearable technologies, ranging from materials, components, fashion and social acceptability, and more.*",3*,(SP25): Student may be dropped from course for non-attendance. The waitlist for this class is automatically re-sequenced to allow first priority to CS PhD students and second priority to CS masters students.*,Restricted to graduate students only.*,CSEN-PhD: Depth; CSEN-MS: Elective; CSEN-MSCPS: Elective; NTEN-MSNE: Elective ; AINT-MSAI: Elective*,Not Available*,,,,,
ATLS-5250*,Fieldwork Methods*,"Introduces methods and models that can be employed in program development and deployment. Examines the applications of participatory research, value-centric design, program scale, cross-disciplinary work, and appropriate monitoring and evaluation. The goal is to build student confidence around existing evaluation toolkits and methods, while advancing multi-method approaches to designing and analyzing initiatives.*",3*,(SP26) None*,Requisites: Restricted to graduate students only.*,CSEN-PhD: Depth; CSEN-MS: Elective; CSEN-MSCPS: Elective; NTEN-MSNE: Elective ; AINT-MSAI: Elective*,Not Available*,,,,,
ATLS-5330*,Wearable Technologies*,"Introduces elements of embedding electronic and computational behaviors into clothing and accoutrements such as watches, handbags, and other wearable accessories. In weekly exercises students build, test, and demonstrate canonical wearable projects. Readings and video viewings survey past and current trends in wearable technologies, including materials, components, fashion and social acceptability. Participants design, develop, debug and document a wearable technology term project. Equivalent - Duplicate Degree Credit Not Granted: ATLS 4330*",3*,"(FA25) This class will have its last meeting day on Friday, Dec. 5, 2025.*",Requisties: Restricted to Atlas (ATLS) gradaute students only.*,CSEN-PhD: Depth; CSEN-MS: Elective; CSEN-MSCPS: Elective; NTEN-MSNE: Elective ; AINT-MSAI: Elective*,Not Available*,,,,,
ATLS-5221*,Interactive Sound*,"Interactive Sound explores generative coding to produce unique audio design systems that can be employed in a wide array of interactive projects. Students will learn to use Max (a visual programing tool) to combine and control sound, video, OpenGL 3D objects, and microcontrollers. Example inputs: real time video, data scraping for the sonification of natural phenomena, or environmental sensor data collected via Arduino. Example outputs: reactive audio-visual installations, immersive projection, or multichannel spatial sound systems. Equivalent - Duplicate Degree Credit Not Granted: ATLS 4221*",3*,"(SP26) Please reach out to josh.hughes@colorado.edu, ATLAS Curriculum Coordinator, if you do not meet the required prerequisites and would like to inquire about enrollment options.*",Requisites: Restricted to Atlas (ATLS) graduate students only.*,CSEN-PhD: Depth; CSEN-MS: Elective; CSEN-MSCPS: Elective; NTEN-MSNE: Elective ; AINT-MSAI: Elective*,Not Available*,,,,,
ATLS-5050*,Alt Arcade Interfaces*,"In this project-based studio course, students will move beyond conventional button and joystick interfaces into the design of bespoke interfaces for game control, with an emphasis on games designed for public exhibition. Students will, both individually and in groups, design and develop multiple games, and build custom control interfaces for them. Equivalent - Duplicate Degree Credit Not Granted: ATLS 4050*",3*,"(FA26) This class will have its last meeting day on Friday, Dec. 4, 2026*",Requisites: Restricted to Atlas (ATLS) graduate students only.*,CSEN-PhD: Depth; CSEN-MS: Elective; CSEN-MSCPS: Elective; NTEN-MSNE: Elective ; AINT-MSAI: Elective*,Not Available*,,,,,
ATLS-5430*,Design Methods*,"In this course, students will learn to develop sense-making techniques as designers. This includes framing and structuring design research, making representations to generate insights, as well as documenting and communicating processes and outcomes. The class is structured around weekly discussions and activities anchored in real-world design challenges; and it will also offer tutorials on key design skills such as rapid prototyping and visual communication.*",3*,(FA26) None*,Requisites: Restricted to Atlas (ATLS) graduate students only.*,CSEN-PhD: Depth; CSEN-MS: Elective; CSEN-MSCPS: Elective; NTEN-MSNE: Elective ; AINT-MSAI: Elective*,Not Available*,,,,,
ATLS-5519-2251-014*,[Brain-Body Music]*,"In this course we will explore the way in which people perceive, process, remember, enjoy, produce, and interact with music. Along the way, we will examine the role of the auditory and nervous system in supporting these practices. We will apply this learning to both analyze and perform music compositions that engage with music listening in unique and profound ways. The primary outcome of this course will be the development of brain- body music compositions that we design to probe the music listening and creation process. Learn more about this and other CTD courses at: http://bit.ly/ctd-class-list*",3*,None*,"Restricted to graduate students only. Students must have formal music training including undergraduate-level music theory or its equivalent (e.g., AP Music Theory).*",CSEN-PhD: Depth; CSEN-MS: Elective; CSEN-MSCPS: Elective; NTEN-MSNE: Elective ; AINT-MSAI: Elective*,Not Available*,,,,,
ATLS-5440*,Design Studio*,"In this course students work with both faculty and industry expert mentors on developing a semester-long group project. In small teams, students learn to develop an interactive experience that combines project design and technical execution. The class is designed to reflect a 'real world' interactive design project experience, in which students must present and deliver a large scale completed project for demonstration/exhibition at the end of the semester.*",3*,(FA26) None*,Requisites: Restricted to Atlas (ATLS) graduate students only.*,CSEN-PhD: Depth; CSEN-MS: Elective; CSEN-MSCPS: Elective; NTEN-MSNE: Elective ; AINT-MSAI: Elective*,Not Available*,,,,,
CSCI-7000-2267-007*,[Logic & Future of Programming]*,"In a future where AI models help write most software, what kinds of control should you and I exercise over the programming process? How can we build mental models of and reason about programs we didn't write or which we specified ambiguously? In a hypothetical future in which AI models help specify and prove correctness of the software they help write, how should we use such power to best exercise our own creative choice? What is the right unit of automation which both speeds up software engineering and preserves our agency in the process? How can we reason about whether a goal is actually realizable or whether an agent is making progress toward realizing it? When is a given formal specification of our intentions a ""reasonable"" one? This course will explore such questions through the lens of formal logic. We will start with a primer on logic as a tool for thinking about ambiguity, specification, and model building. Depending on interest, we may cover connections between learning in symbolic languages and realizability questions or other topics at the interface of AI and logic.*",3*,"This class will have its last meeting day on Friday, Dec. 4, 2026. The waitlist for this class is automatically re-sequenced to allow first priority to CS PhD students and second priority to CS masters students. Student may be dropped from course for non-attendance.*",Restricted to graduate students only.*,CSEN-PhD: Depth; CSEN-MS: Elective; CSEN-MSCPS: Elective; NTEN-MSNE: Elective ; AINT-MSAI: Elective*,Not Available*,,,,,
CSCI-7000-2251-010*,[Game Design]*,"Immerses students in game design, development, history, theory and culture through readings, discussion, game analysis and creation. Principles behind traditional board games, sports games, tabletop games, party games, and digital games will be explored and the lessons learned will be applied to designing one tabletop game and one digital game over the course of the semester. Students will investigate game history and theory to analyze existing games, building a common and more extensive vocabulary to both discuss and understand the underlying principles of game design.*",3*,(SP25): Student may be dropped from course for non-attendance. The waitlist for this class is automatically re-sequenced to allow first priority to CS PhD students and second priority to CS masters students.*,Restricted to graduate students only.*,CSEN-PhD: Depth; CSEN-MS: Elective; CSEN-MSCPS: Elective; NTEN-MSNE: Elective ; AINT-MSAI: Elective*,Not Available*,,,,,
ATLS-5519-2257-004*,[Hacking the Apocalypse: Food]*,"Hacking the Apocalypse Book 2: Food. Students will research, re-create, and create novel systems for growing containers, soil mediums, soil and water quality monitoring, and indoor/outdoor urban agriculture systems utilizing fabrication techniques and electronic input/output systems based on the Arduino platform. The course will proceed each semester to topics including clothing and shelter, and water to aggregate each semester’s findings and designs in an Open Source document. F’25 semester students will have access to Hacking the Apocalypse Book 1: Water, to incorporate designs for water collection, storage, treatment and distribution systems developed by students in S’25*",3*,"This class will have its last meeting day on Friday, Dec. 5, 2025.*",Restricted to graduate students only.*,CSEN-PhD: Depth; CSEN-MS: Elective; CSEN-MSCPS: Elective; NTEN-MSNE: Elective ; AINT-MSAI: Elective*,Not Available*,,,,,
ATLS-5060*,Tiny Games*,"Guides students into fluency across a suite of technical tools (Bitsy, PuzzleScript, Pico-8, and others) to construct tiny games: short games with tight technical constraints, created in relatively brief amounts of time, and built around singular ideas. Equivalent - Duplicate Degree Credit Not Granted: ATLS 4060*",3*,"(SP26) Please reach out to josh.hughes@colorado.edu, ATLAS Curriculum Coordinator, if you do not meet the required prerequisites and would like to inquire about enrollment options. This class will have its last meeting day on Friday, April 24, 2026. Students who register for this section must also register for the following LAB section: 011*",Requisites: Restricted to Atlas (ATLS) graduate students only.*,CSEN-PhD: Depth; CSEN-MS: Elective; CSEN-MSCPS: Elective; NTEN-MSNE: Elective ; AINT-MSAI: Elective*,Not Available*,,,,,
CSCI-7000-2251-020*,[Tiny Games]*,"Guides students into fluency across a suite of technical tools (Bitsy, PuzzleScript, Pico-8, and others) to construct tiny games: design original gameplay with tight technical constraints, created in relatively brief amounts of time, and built around singular ideas. Students will examine the history of game development and the way that technical limitations have shaped creativity since the 1970s, in the process of investigating the ways in which limitations can expand creative output.*",3*,"(SP25): Students must also register for the LAB Section, 021. Student may be dropped from course for non-attendance. The waitlist for this class is automatically re-sequenced to allow first priority to CS PhD students and second priority to CS masters students.*",Restricted to graduate students only. *,CSEN-PhD: Depth; CSEN-MS: Elective; CSEN-MSCPS: Elective; NTEN-MSNE: Elective ; AINT-MSAI: Elective*,Not Available*,,,,,
CYBR-5340*,VOIP Network Design*,"Focuses on VoIP network design and optimization. The emphasis is on the convergence of VoIP, PSTN and cell phone networks and signaling. Topics include voice processing as well as IP and SS7 signaling. In addition there will be a review of ISDN, DSL, Sonet, ATM, SIP and MPLS. There will be a case problem for sizing a VoIP network using silence suppression. Formerly TLEN 5340.*",3*,None available (FA24-FA26)*,Requisites: Requires corequisite of CYBR 5001. Restricted to CYBR or BUSN graduate students.*,CSEN-PhD: Depth; CSEN-MS: Elective; CSEN-MSCPS: Elective; NTEN-MSNE: Elective ; AINT-MSAI: Elective*,Not Available*,,,,,
ATLS-5279*,Aesthetics in Design*,"Focuses on aesthetic aspects of design via hands-on design-build experiences. Students individually create dynamic artifacts of their own choice with the assistance of teammates. Content includes major design movements since 1900, constructive critique practice, hand sketching techniques and other selected industrial design topics. Students publish their design work on an archival public blog which provides a professional portfolio element. Equivalent - Duplicate Degree Credit Not Granted: MCEN 5279 and MCEN 4279 and ATLS 4279*",3*,"(SP26) 001: This class will have its last meeting day on Friday, April 24, 2026. 002: This class will be taught synchronously as a remote section, which means classes will be held virtually during the days and times listed. This class will have its last meeting day on Friday, April 24, 2026.",None*,CSEN-PhD: Depth; CSEN-MS: Elective; CSEN-MSCPS: Elective; NTEN-MSNE: Elective ; AINT-MSAI: Elective*,Not Available*,,,,,
ATLS-5660*,Creative Code*,"Exposes students to front-end, web-based design and development processes and best practices. WordPress will be used as the back end CMS. Students will learn how to design and develop using WordPress as a framework. At the end of the semester, students will present a final project to illustrate what they have learned and the logic of their build. *",3*,"(FA26) This class will be taught synchronously as a remote section, which means classes will be held virtually during the days and times listed. This class will have its last meeting day on Friday, Dec 4., 2026*","Requisites: Restricted to Atlas (ATLS) graduate students only. Recommended: Prerequsites: exposure to HTML, CSS, JavaScript, PHP and MySQL and previous experience with WordPress for blogging and/or content publication.*",CSEN-PhD: Depth; CSEN-MS: Elective; CSEN-MSCPS: Elective; NTEN-MSNE: Elective ; AINT-MSAI: Elective*,Not Available*,,,,,
CSCI-5897*,Computational and Mathematical Modeling of Infectious Diseases*,"Explores the ways we model infectious diseases using math and computing, from the dynamic spread of infectious diseases between humans, to a pathogen's growth within the body. Learning goals include (i) gaining a mastery of both classic and modern infectious disease models (ii) learning about a variety of infectious diseases, and (iii) engaging with the ethics of infectious disease modeling. Requires beginner or advanced-beginner skill in Python or R. Equivalent - Duplicate Degree Credit Not Granted: CSCI 4897 *",3*,"(FA26) Until open enrollment date, registration is restricted to Computer Science graduate students only. Non-CS students can waitlist before that date. The waitlist for this class is automatically re-sequenced to allow first priority to CS PhD students and second priority to CS masters students. Student may be dropped from course for non-attendance.*","Recommended: Prerequisites Data structures (CSCI 2270) or equivalents (ASTR 2600, CSCI 2275, INFO 2201, PHYS 2600, as well as APPM 3650) and Prob/Stats (APPM3570/CHEN3010/CSCI3022/CVEN3227/EBIO4410/ECEN3810/ECON3818/IPHY3280/MATH3510/4510/4520/MCDB3450/MCEN3047/PSYC2111/STAT2600/3100/4000/4520, Calc 1, Beginner or Advanced Beginner skill in Python or R, Calc 2).*",CSEN-PhD: Depth; CSEN-MS: Elective; CSEN-MSCPS: Elective; NTEN-MSNE: Elective ; AINT-MSAI: Elective*,Not Available*,,,,,
ATLS-5519-2267-013*,[Inventing Interactive Systems]*,"Explores the invention and engineering of cutting-edge interactive systems that underpin technologies such as multi-touch input, haptics, wearables, shape-changing interfaces, smart environments, and personal fabrication tools. Students examine the evolution of these systems through influential and emerging research in technical human–computer interaction. Through hands-on labs, students integrate core engineering techniques—such as sensing, actuation, embedded systems, machine learning, and digital fabrication—to design and implement fully functional interactive hardware and software systems.*",3*,"This class will have its last meeting on Friday, Dec. 4, 2026*",Restricted to graduate students only.*,CSEN-PhD: Depth; CSEN-MS: Elective; CSEN-MSCPS: Elective; NTEN-MSNE: Elective ; AINT-MSAI: Elective*,Not Available*,,,,,
CSCI-7000-2267-016*,[Inventing Interactive Systems]*,"Explores the invention and engineering of cutting-edge interactive systems that underpin technologies such as multi-touch input, haptics, wearables, shape-changing interfaces, smart environments, and personal fabrication tools. Students examine the evolution of these systems through influential and emerging research in technical human–computer interaction. Through hands-on labs, students integrate core engineering techniques—such as sensing, actuation, embedded systems, machine learning, and digital fabrication—to design and implement fully functional interactive hardware and software systems.*",3*,The waitlist for this class is automatically re-sequenced to allow first priority to CS PhD students and second priority to CS masters students. Student may be dropped from course for non-attendance.*,Restricted to graduate students only.*,CSEN-PhD: Depth; CSEN-MS: Elective; CSEN-MSCPS: Elective; NTEN-MSNE: Elective ; AINT-MSAI: Elective*,Not Available*,,,,,
ATLS-5220*,Global Development II*,"Explores the impact of economic, geographical and social/cultural conditions on development outcomes through standalone course components taught by subject matter experts in region and in residency at ATLAS. Components may include, but are not limited to, development economics, environmental sustainability, public health, climate change, globalization and migration, religion, and gender as these broad themes relate to development.*",3*,None available (FA24-FA26)*,Requisites: Requires prerequisite courses of ATLS 5210 (minimum grade D-). Restricted to graduate students only.*,CSEN-PhD: Depth; CSEN-MS: Elective; CSEN-MSCPS: Elective; NTEN-MSNE: Elective ; AINT-MSAI: Elective*,Not Available*,,,,,
ATLS-5400*,Applied AI Ethics*,"Explores the ethical dimensions of Artificial Intelligence (AI) and its profound impact on individuals and society. Through case studies, hands-on design sprints, engaging discussions, and independent research, students will examine the complex relationship between rapid AI advancements and human values. Through leveraging frameworks from philosophy, behavioral science, computer science, and art, students will critically analyze emerging AI technologies and develop a nuanced understanding of issues like data bias, AI alignment, and the politics of technological systems. Equivalent - Duplicate Degree Credit Not Granted: ATLS 4400*",3*,"(SP26) This class will have its last meeting day on Friday, April 24, 2026*",Requisites: Restricted to graduate students only.*,CSEN-PhD: Depth; CSEN-MS: Elective; CSEN-MSCPS: Elective; NTEN-MSNE: Elective ; AINT-MSAI: Elective*,Not Available*,,,,,
ATLS-5151*,Flow Visualization*,"Explores techniques for the visualization of the physics of fluid flows including seeding with dyes, particles and bubbles, and shadowgraphy and schlieren. Reviews optics and fluid physics, especially atmospheric clouds. Assignments are student-driven; students create visuals individually and with mixed teams of graduates, undergraduates, engineering majors and photography/video majors. Equivalent - Duplicate Degree Credit Not Granted: MCEN 4151, ATLS 4151, MCEN 5151, CVEN 4153, and CVEN 5153*",3*,"(FA26) This class will have its last meeting day on Friday, Dec. 4, 2026.*",None*,CSEN-PhD: Depth; CSEN-MS: Elective; CSEN-MSCPS: Elective; NTEN-MSNE: Elective ; AINT-MSAI: Elective*,Not Available*,,,,,
ATLS-5112*,Neurohacking*,"Explores psychotechnologies for developing high level metacognition and individual sovereignty. We investigate the optimization of conscious human experience, mindfulness, and creativity through the lenses of neuroscience, cognitive science, evolutionary psychology, and philosophy. Students will learn to critique primary literature, experimental design, and be guided in developing a set of practices to enhance cognition and achieve various desired mental states. Equivalent - Duplicate Degree Credit Not Granted: ATLS 4112*",3*,"(FA26) This class will have its last meeting day on Friday, Dec. 4, 2026.*",Requisites: Restricted to Atlas (ATLS) graduate students only.*,CSEN-PhD: Depth; CSEN-MS: Elective; CSEN-MSCPS: Elective; NTEN-MSNE: Elective ; AINT-MSAI: Elective*,Not Available*,,,,,
ATLS-5630*,Web Front-End Development*,"Explores interactivity on the web using front-end web development concepts and technologies. Students will work with a range of technologies including JavaScript, jQuery, HTML5, APIs and user interface design methods to create interactive web applications. Individual and group projects will include animations, games, interactive narratives and web applications. Equivalent - Duplicate Degree Credit Not Granted: ATLS 4630*",3*,None available (FA24-FA26)*,Requisites: Restricted to graduate students only*,CSEN-PhD: Depth; CSEN-MS: Elective; CSEN-MSCPS: Elective; NTEN-MSNE: Elective ; AINT-MSAI: Elective*,Not Available*,,,,,
ATLS-5244*,Empathy and Technology*,"Explores how the creative integration of empathy and compassion with design and technology can benefit society. Reviews foundational neuroscience and evolution of empathy. Through readings, discussion, and reflection students will develop personal practices for fostering empathy and critically investigate: empathy as a finite resource, tribalism/polarization, the weaponization of empathy, and principles for designing social systems that promote well-being. Previously offered as a special topics course. Equivalent - Duplicate Degree Credit Not Granted: ATLS 4244*",3*,(SP25) None*,Requisites: Restricted to graduate students only*,CSEN-PhD: Depth; CSEN-MS: Elective; CSEN-MSCPS: Elective; NTEN-MSNE: Elective ; AINT-MSAI: Elective*,Not Available*,,,,,
ATLS-5640*,Design Thinking*,"Explores design thinking and how it can be applied conceptually and practically to innovation in areas as diverse as business organization and product development to topics and areas including but not limited to, story, design, UX, inteaction design communication strategy and presentation. Fast-paced project-based and immersive students will work in small teams to discover solutions to real-world problems.*",4*,None available (FA24-FA26)*,Requisites: Restricted to graduate students only.*,CSEN-PhD: Depth; CSEN-MS: Elective; CSEN-MSCPS: Elective; NTEN-MSNE: Elective ; AINT-MSAI: Elective*,Not Available*,,,,,
CSCI-5714*,Formal Languages*,"Explores context-free languages: pumping lemma and variants, closure properties, and decision properties. Involves parsing algorithms, including general and special languages, e.g., LR. Additional topics chosen by instructor. *",3*,None available (FA24-FA26)*,Restricted to graduate students only. Recommended: Prerequisite CSCI 5444 or instructor consent required.*,CSEN-PhD: Depth; CSEN-MS: Elective; CSEN-MSCPS: Elective; NTEN-MSNE: Elective ; AINT-MSAI: Elective*,Not Available*,,,,,
CSCI-7000-2251-014*,[Applied AI Ethics]*,"Explores and evaluates recent developments in AI technology from the perspective of its impact on us individually and as a society. Through case studies, hands-on projects working with AI tools and open discussions, we will sharpen our ability to critically engage with technology. Using frameworks developed in philosophy, computer science and even art, we will dive deeper into complex topics such as machine agency, AI alignment and embodied AI. The goal of the class is for students to develop their adaptive tool box for asking critical questions, using frameworks to analyze new situations, and building and using technology for good.*",3*,(FA24): The waitlist for this class is automatically re-sequenced to allow first priority to CS PhD students and second priority to CS masters students. Student may be drpped from course for non-attendance.*,Restricted to graduate students only. *,CSEN-PhD: Depth; CSEN-MS: Elective; CSEN-MSCPS: Elective; NTEN-MSNE: Elective ; AINT-MSAI: Elective*,Not Available*,,,,,
ATLS-5320*,Mobile Application Development: Advanced Topics*,"Explores advanced topics in mobile application design and development, including examining different approaches to information design and the various user interaction models associated with them. Understanding how data is structured, accessed, stored and flows through apps is a core theme of the course. Explores the interaction with external data sources and storage models. Equivalent - Duplicate Degree Credit Not Granted: ATLS 4320*",3*,None available (FA24-FA26)*,Requisites: Requries prerequisite course of ATLS 5120 (minimum grade C).*,CSEN-PhD: Depth; CSEN-MS: Elective; CSEN-MSCPS: Elective; NTEN-MSNE: Elective ; AINT-MSAI: Elective*,Not Available*,,,,,
ATLS-5519-2261-007*,[Visual Identity & Branding]*,"Explore visual identity design through historical, cultural, and commercial perspectives, examining how visual communication evolved from a corporate tool to a cultural force. Students master technical skills in typography, color theory, and logo development while critically analyzing how visual systems shape identity, values, and community formation in contemporary society through strategic design decisions. Through lectures, hands-on labs, project development, presentations and critiques, students will learn how to create comprehensive brand identity systems using both traditional design tools and computational approaches. The course covers typography systems, color theory, logo design, grid systems, and style guide development while incorporating creative coding with p5.js for dynamic identity systems. Design thinking and strategic brand positioning principles will be implemented in successful projects. Core concepts include visual culture analysis, audience research, cultural context evaluation, and ethical considerations in persuasive design. Projects may include social media branding, digital identity systems, and multi-platform brand implementations*",3*,"This class will have its last meeting day on Friday, April 24, 2026.*",Restricted to graduate students only.*,CSEN-PhD: Depth; CSEN-MS: Elective; CSEN-MSCPS: Elective; NTEN-MSNE: Elective ; AINT-MSAI: Elective*,Not Available*,,,,,
CSCI-5514*,Algorithms for Whole Genome Sequence Analysis*,"Explore the algorithms that have been developed to assemble and analyze genome sequencing data. Genome sequencing produces vast and complex data that are intractable without efficient algorithms. This course covers the core data structures and algorithms which form the basis for research in topics ranging from evolution to the cause and treatment of many diseases, including cancer. Topics include string matching, indexing, compression, and succinct data structures. No prior knowledge of biology, DNA, or genetics is required.*",3*,None available (FA24-FA26)*,"Restricted to graduate students only. Recommended: Prerequisite basic understanding of complexity analysis, corealgorithms (for example, sort) and data structures (for example, graphs)*",CSEN-PhD: Depth; CSEN-MS: Elective; CSEN-MSCPS: Elective; NTEN-MSNE: Elective ; AINT-MSAI: Elective*,Not Available*,,,,,
CYBR-5240*,Introduction to Blockchain*,"Examines an emerging technology known as blockchain. Blockchain refers to the distributed and decentralized database technology behind popular cryptocurrencies such as Bitcoin and Ethereum. However, it can be used to record and transfer any digital asset, not just currency. This course explores the fundamentals of blockchain technology and its application from three key perspectives: policy and governance, technology, and application. Students gain an understanding of key concepts and how to apply them in the industry. Previously offered as a special topics course. Equivalent - Duplicate Degree Credit Not Granted: CSCI 5240 and CSCI 4240 *",3*,None available (FA24-FA26)*,Restricted to graduate students only.*,CSEN-PhD: Depth; CSEN-MS: Elective; CSEN-MSCPS: Elective; NTEN-MSNE: Elective ; AINT-MSAI: Elective*,Not Available*,,,,,
ATLS-5680*,Creative Tech Studio*,"Emphasizes fundamentally, theoretically, and practically that technology and creativity are not opposing disciplines but rather a dynamic and complementary blending of idea and execution that is iterative and evolving through the dynamic exchange and interaction of ideas and tools. Each Studio will offer a different conceptual challenge, such as using technology to bridge physical and digital environments, game design, or storytelling.*",3*,None available (FA24-FA26)*,None*,CSEN-PhD: Depth; CSEN-MS: Elective; CSEN-MSCPS: Elective; NTEN-MSNE: Elective ; AINT-MSAI: Elective*,Not Available*,,,,,
CYBR-5550*,Designing for Defense 1*,DISCONTINUED. Equivalent - Duplicate Degree Credit Not Granted: CSCI 5550 *,3*,"(FA24) The enrollment for this course is based on an application process. For application, enrollment, and course information, please see: https://www.d4dcu.com/home*",None*,CSEN-PhD: Depth; CSEN-MS: Elective; CSEN-MSCPS: Elective; NTEN-MSNE: Elective ; AINT-MSAI: Elective*,Not Available*,,,,,
CSCI-5880*,Interactive Machine Learning for Customizable and Expressive Interfaces*,DISCONTINUED - this course is no longer offered. No description available in 2026-27 Graduate Catalog.*,3*,None available (FA24-FA26)*,Restricted to graduate students only.*,CSEN-PhD: Depth; CSEN-MS: Elective; CSEN-MSCPS: Elective; NTEN-MSNE: Elective ; AINT-MSAI: Elective*,Not Available*,,,,,
CSCI-7000-2251-003*,[Computational Fabrication]*,"Digital fabrication machines like 3D printers and laser-cutters turn digital designs into physical objects. Computer programming lets us use computation to design things that are otherwise difficult or impossible to do. The blending of these two tools is known as computational fabrication—using computational approaches to design objects that can be physically fabricated. In this course students will explore techniques, representations, and workflows for computational fabrication. Leveraging existing computer-aided design (CAD) tools like Rhino and programming languages such as Grasshopper and Python, students will programmatically design functional and creative objects that they will then create using digital fabrication machines. Along the way, students will discuss ongoing research in the field and evaluate challenges and opportunities with computational fabrication. *",3*,(SP25): Student may be dropped from course for non-attendance. The waitlist for this class is automatically re-sequenced to allow first priority to CS PhD students and second priority to CS masters students.*,Restricted to graduate students only. Recommended: Students are expected to have some experience with computer programming. Prior experience with CAD/3D Modeling and/or digital fabrication is beneficial but not required.*,CSEN-PhD: Depth; CSEN-MS: Elective; CSEN-MSCPS: Elective; NTEN-MSNE: Elective ; AINT-MSAI: Elective*,Not Available*,,,,,
CSCI-7000-2257-001*,[Computational Fabrication]*,"Digital fabrication machines like 3D printers and laser-cutters turn digital designs into physical objects. Computer programming lets us use computation to design things that are otherwise difficult or impossible to do. The blending of these two tools is known as computational fabrication—using computational approaches to design objects that can be physically fabricated. In this course students will explore techniques, representations, and workflows for computational fabrication. Leveraging existing computer-aided design (CAD) tools like Rhino and programming languages such as Grasshopper and Python, students will programmatically design functional and creative objects that they will then create using digital fabrication machines. Along the way, students will discuss ongoing research in the field and evaluate challenges and opportunities with computational fabrication. Students are expected to have some experience with computer programming. Prior experience with CAD/3D Modeling and/or digital fabrication is beneficial but not required.*",3*,"(FA25): This class will have its last meeting day on Friday, Dec. 5, 2025*",Restricted to graduate students only.*,CSEN-PhD: Depth; CSEN-MS: Elective; CSEN-MSCPS: Elective; NTEN-MSNE: Elective ; AINT-MSAI: Elective*,Not Available*,,,,,
ATLS-5204*,Product Development Studio*,"Develops practical skills for navigating the complexities of preparing a software product for launch and bringing it into the world. Students will explore the role and function of product management and development with a practical, studio-oriented method. Operating from the perspective of a Product Manager, students will engage with and answer questions such as: what is the product, who is it for, how should it work, and how can we get it to market. Equivalent - Duplicate Degree Credit Not Granted: ATLS 4204.*",3*,(FA26) None*,Requisites: Restricted to graduate students only*,CSEN-PhD: Depth; CSEN-MS: Elective; CSEN-MSCPS: Elective; NTEN-MSNE: Elective ; AINT-MSAI: Elective*,Not Available*,,,,,
CSCI-6686*,Numerical Methods for Constrained Optimization*,"Covers computational methods for constrained optimization. Topics include basic theory, methods for quadratic programming, active set strategies for linear constraints, and penalty and successive quadratic programming methods for nonlinearly constrained problems.*",3*,None available (FA24-FA26)*,Requires prerequisite course of CSCI 5606 (minimum grade B). Restricted to graduate students only.*,CSEN-PhD: Depth; CSEN-MS: Elective; CSEN-MSCPS: Elective; NTEN-MSNE: Elective ; AINT-MSAI: Elective*,Not Available*,,,,,
CSCI-7000-2251-008*,[Biodesign]*,"Covers basic design techniques, together with essential wetlab skills. In a lab-based environment, students will learn how to culture and work with various types of organisms, such as algae (dynoflagellates, cyanobacteria) and mycelium. These organisms will become the living media or processed biomaterials that students will design with. Students will compare and contrast design, prototyping, user testing, and analysis methods in evaluating problems, and create biomaterials that can be further used for designing. Some of the class projects may be selected to participate in the Biodesign Challenge competition (biodesignchallenge.org).*",3*,(SP25): Student may be dropped from course for non-attendance. The waitlist for this class is automatically re-sequenced to allow first priority to CS PhD students and second priority to CS masters students.*,Restricted to graduate students only.*,CSEN-PhD: Depth; CSEN-MS: Elective; CSEN-MSCPS: Elective; NTEN-MSNE: Elective ; AINT-MSAI: Elective*,Not Available*,,,,,
CSCI-5264*,Decision Making Under Uncertainty*,"Covers algorithms for optimal sequential decision making in the presence of uncertainty. Mathematical formalisms include the Markov decision process (MDP), partially observable Markov decision process (POMDP), and Games. Solution techniques include exact dynamic programming, Monte Carlo tree search, deep reinforcement learning, and alpha vector value approximation for POMDPs. Assignments require programming in a high level language (Julia as of 2023). Previously offered as a special topics course. Equivalent - Duplicate Degree Credit Not Granted: ASEN 5264 *",3*,"(SP26) Until open enrollment date, registration is restricted to Computer Science graduate students only. Non-CS students can waitlist before that date. The waitlist for this class is automatically re-sequenced to allow first priority to CS PhD students and second priority to CS masters students. Student may be dropped from course for non-attendance.*",None*,CSEN-PhD: Depth; CSEN-MS: Elective; CSEN-MSCPS: Elective; NTEN-MSNE: Elective ; AINT-MSAI: Elective*,Not Available*,,,,,
CSCI-6622*,Advanced Machine Learning*,"Covers advanced theoretical and practical topics in machine learning and latest developments in the field. Students conduct original research, either applied or theoretical, and present their results. *",3*,None available (FA24-FA26)*,Restricted to graduate students only. Recommended: Prerequisite CSCI 5622 or instructor consent required.*,CSEN-PhD: Depth; CSEN-MS: Elective; CSEN-MSCPS: Elective; NTEN-MSNE: Elective ; AINT-MSAI: Elective*,Not Available*,,,,,
CSCI-7000-2247-004*,[Recent Adv in Computer Vision]*,"Computer vision is increasingly becoming part of the fabric of our society, enabling new technologies to analyze images and videos in order to support our daily lives. Students in this course will explore both fundamental and state-of-art problems in the field. This will entail examination of the types of algorithms commonly used to solve computer vision problems along with the benchmarks used to track progress on those problems. The course will be taught in a seminar style format, with students taking a very active role in reading, presenting, and critiquing recent research papers from premiere computer vision conferences (such as CVPR, ICCV, and ECCV). Students who are considering research in computer vision or related topics are encouraged to participate.*",3*,(FA24): The waitlist for this class is automatically re-sequenced to allow first priority to CS PhD students and second priority to CS masters students. Student may be dropped from course for non-attendance.,Restricted to graduate students only.*,CSEN-PhD: Depth; CSEN-MS: Elective; CSEN-MSCPS: Elective; NTEN-MSNE: Elective ; AINT-MSAI: Elective*,Not Available*,,,,,
CSCI-7575*,Computational Lexical Semantics*,"Computational semantics has recently been upended by the advent of language models trained on vast amounts of text. These have proven to be very effective as a starting point for building robust downstream applications, although their ability to appropriately take context and world knowledge into account is still open to question. At the same time, rich representational schemes such as Abstract Meaning Representation (AMR) have been improving performance on numerous semantic tasks, including information extraction, question-answering, co-reference, and entailment. This class will explore the theory and practice behind these two advances, examine their respective strengths and weaknesses, and brainstorm about ways of combining them. Equivalent - Duplicate Degree Credit Not Granted: LING 7575 *",3*,None available (FA24-FA26)*,Recommended: Graduate students only.*,CSEN-PhD: Depth; CSEN-MS: Elective; CSEN-MSCPS: Elective; NTEN-MSNE: Elective ; AINT-MSAI: Elective*,Not Available*,,,,,
ATLS-5140*,Game Development*,"Builds on concepts and processes learned in ATLS 4040/5040. Reinforces game design principles through analysis and discussion of digital games, and introduces students to key practices in the development of digital game experiences, including game flow, mechanics, 2D and 3D graphics, and artificial intelligence. Equivalent - Duplicate Degree Credit Not Granted: ATLS 4140.*",3*,(FA24) Students who register for this section must also register for the following LAB section: 011*,None*,CSEN-PhD: Depth; CSEN-MS: Elective; CSEN-MSCPS: Elective; NTEN-MSNE: Elective ; AINT-MSAI: Elective*,Not Available*,,,,,
CSCI-7000-2257-017*,[Optimization and Learning]*,"Advanced Topics in Optimization and Learning: Quantitative and Computational Finance. This course explores how mathematical and computational techniques are applied to finance, in particular risk and portfolio management. It will introduce concepts, theories, practical knowledge, and real-world applications for an understanding of how to manage risk and portfolios in practice. This course gives students in Computer Science and other STEM fields necessary background into the field of quantitative and computational finance. It is suitable for students interested in the application of optimization and machine learning to finance or those looking for an alternative career.*",3*,(FA25): None*,Restricted to graduate students only.*,CSEN-PhD: Depth; CSEN-MS: Elective; CSEN-MSCPS: Elective; NTEN-MSNE: Elective ; AINT-MSAI: Elective*,Not Available*,,,,,
ATLS-5519-2267-052*,[Generative AI]*," This lecture-based course surveys the foundations, systems, and societal impacts of modern Generative AI. We will build a principled understanding of large language models (LLMs), embeddings, scaling laws, Transformers and GPT, retrieval-augmented generation (RAG), tool use and chain-of-thought prompting, reasoning and RLHF/Constitutional AI, vision models and diffusion, multimodal models (e.g., CLIP, GPT-4V), LLM-driven agents and emerging standards (e.g., MCP), human-centered AI and UX for GenAI, applications in robotics and embodied AI, Generative AI for AR/VR, and near-term futures, risks, and governance. Although the course is lecture-centric, students will synthesize concepts through two short, team-based projects that translate theory into concise demonstrations. By the end, students will be able to analyze state-of-the-art papers, reason about model capabilities and limitations, and articulate human-centered, ethically responsible applications of Generative AI*",3*,None*,Restricted to graduate students only.*,CSEN-PhD: Depth; CSEN-MS: Elective; CSEN-MSCPS: Elective; NTEN-MSNE: Elective ; AINT-MSAI: Elective*,Not Available*,,,,,
ATLS-5730*,Front-End Development 2*," Requires that students are proficient in front-end environment and ready for advanced front-end development using these tools - HTML 5, CSS3, JS - on weekly projects, a mid-term project, and a final project. This course develops more robust and elegant uses of the semantic use of elements as well as the benefits of using standards-based, valid code, CSS efficiencies, and JS and its libraries.*",3*,None available (FA24-FA26)*,None*,CSEN-PhD: Depth; CSEN-MS: Elective; CSEN-MSCPS: Elective; NTEN-MSNE: Elective ; AINT-MSAI: Elective*,Not Available*,,,,,
ATLS-5720*,User-Experience Design 2*," Expands on techniques and opportunities presented in User-Experience Design 1 with a deeper dive into research and prototyping practices as means to insight into user desires and preference, adoption, and execution of product and branded experiences in a variety of contexts and locations within the global experience economy. Equivalent - Duplicate Degree Credit Not Granted: ATLS 4720*",3*,"(FA26) This class will be taught synchronously as a remote section, which means classes will be held virtually during the days and times listed. This class will have its last meeting day on Friday, Dec 4., 2026*",Requisites: Requires prerequisite course of ATLS 5620 (minimum grade C).*,CSEN-PhD: Depth; CSEN-MS: Elective; CSEN-MSCPS: Elective; NTEN-MSNE: Elective ; AINT-MSAI: Elective*,Not Available*,,,,,
ATLS-5150*,Managing Effectively in a Changing Telecommunications Environment.*,Provides students with an opportunity to join international managers and policy makers from around the world in an intensive seminar focused on the challenges of managing in a telecommunications environment in an era of technological change. Guest lecturers provide an effective overview of the cutting-edge issues managers face in telecom and technology companies around the world. Equivalent - Duplicate Degree Credit Not Granted: TLEN 5150*,1*,None available (FA24-FA26)*,Requisites: Restricted to CYBR/TLEN graduate students.*,CSEN-PhD: Depth; CSEN-MS: Elective; CSEN-MSCPS: Elective; NTEN-MSNE: Elective ; AINT-MSAI: Not Applicable*,Not Available*,,,,,
CYBR-5303*,Cybersecurity Club Companion Course*,"Gives students hands-on experience applying practical security skills and adversarial thinking to real-world problems. Students will work in small teams on internal challenges, lab development, open source contributions, and will represent the university in larger teams for external challenges at the national and global level, such as those hosted by Collegiate Cyber Defense Competition (CCDC), Wicked6, DOE CyberForce, etc. Students will be expected to participate in both internal and external challenges, attend meetings, and present short presentations to the group when appropriate. Previously offered as a special topics course. Equivalent - Duplicate Degree Credit Not Granted: CSCI 5303 and CSCI 4303. Repeatable: Repeatable for up to 3.0 total credit hours. *",1*,None available (FA24-FA26)*,Recommended: Prerequisites CYBR 5300 or CSCI 5403 or CSCI 3403*,CSEN-PhD: Depth; CSEN-MS: Elective; CSEN-MSCPS: Elective; NTEN-MSNE: Elective ; AINT-MSAI: Not Applicable*,Not Available*,,,,,
CYBR-5410*,Telecommunications Law and Policy*,"Examines laws governing telecommunications industries, including federal and state regulation and international aspects. Includes telephone, cable, satellite, cellular and other wireless systems and the Internet. Formerly TLEN 5240. Equivalent - Duplicate Degree Credit Not Granted: LAWS 7241. Repeatable: Repeatable for up to 6.0 total credit hours. *",3*,None available (FA24-FA26)*,Requisites: Restricted to CYBR or BUSN graduate Students.*,CSEN-PhD: Depth; CSEN-MS: Elective; CSEN-MSCPS: Elective; NTEN-MSNE: Elective ; AINT-MSAI: Not Applicable*,Not Available*,,,,,
CYBR-5260*,Seminar: Law and Economics of the Information Age*,"Examines basic regulatory and legal challenges of our information economy and digital age. Emphasizes the ""networked"" information industries, the proper role of ""unbundling"" policies to advance competition and how intellectual property and antitrust rules should be developed. Formerly TLEN 5260. Equivalent - Duplicate Degree Credit Not Granted: LAWS 8341 *",3*,None available (FA24-FA26)*,Requisites: Restricted to CYBR/TLEN graduate students.*,CSEN-PhD: Depth; CSEN-MS: Elective; CSEN-MSCPS: Elective; NTEN-MSNE: Elective ; AINT-MSAI: Not Applicable*,Not Available*,,,,,
CSCA-7000*,Special Topics*,Examines a special topic in Computer Science.*,1*,The following courses are only available through CU Boulder on Coursera program offerings. Please refer to the Online Programs section of the catalog for more information.*,Only available through CU Boulder on Coursera program offerings. Please refer to the Online Programs section of the catalog for more information.*,CSEN-PhD: Depth; CSEN-MS: Elective; CSEN-MSCPS: Elective; NTEN-MSNE: Elective ; AINT-MSAI: Not Applicable*,Not Available*,,,,,
ATLS-5519-2251-008*,[Future of Programming: LLMS?]*,"Programming is and always has been specifying the behavior of a machine. In an earlier day, people programmed in assembly language, which was eventually supplanted by a series of higher level symbolic languages. Today we program behaviors of machines (""code"") in Java, Javascript, Python, etc. Just as in an earlier day assembler was supplanted by higher level languages, today perhaps we're on the threshold of another inflection point in programming. We can already use ChatGPT to generate code in symbolic languages by specifying behavior in natural language (e.g., ""write a Python program that sorts an array of strings in alphabetical order using an efficient sorting algorithm""). Success depends on being precise and particular in the natural language description. Whereas to date a programmer's skill has been the ability to specify behavior within the constraints of symbolic language primitives and syntax, perhaps soon the skills needed will be the ability to specify behavior in natural language. This experimental class investigates this proposition by trying to write complex software using natural language ""prompts"" , including writing unit tests, debugging, all the usual apparatus familiar from conventional symbolic language software engineering. How far can we push this? Learn more about this and other CTD courses at: http://bit.ly/ctd-class-list*",3*,None*,"Restricted to graduate students only. Recommended: Recommended prerequisite: ATLS 1300 or CSCI 1300, or prior coding experience (eg. have taken an introductory programming course)*","CSEN-PhD: Depth; CSEN-MS: Elective; CSEN-MSCPS: Elective; NTEN-MSNE: Elective. Because course meets with an equivalent CSCI 7000 section, course does not count against 2 non-CS course limit. ; AINT-MSAI: Elective*",Not Available*,,,,,
ROBO-7000-2261-002*,Vision Language Models in Robo*,None*,3*,None*,Restricted to graduate students in the college of Engineering. Enrollment restricted to ROBO-MS and ROBO-PHD students until 11/21/2025. Non-ROBO students may wait list prior to this date and will roll into the class after 11/21/2025 if there is space available.*,"CSEN-PhD: Depth; CSEN-MS: Elective; CSEN-MSCPS: Elective; NTEN-MSNE: Elective. Because this course meets with an equivalent section of CSCI 7000, this course does not count against the non-CS course limit ; AINT-MSAI: Elective*",Not Available*,,,,,
ROBO-7000-2261-001*,Transformer-based Robotic AI*,"Deep neural networks based on self-attention are revolutionizing robotics with their ability to perform ""open world"" reasoning across multiple modalities including text and images, and their ability to generate multi-modal data ranging from text to images and robot trajectories. This class starts with an introduction to the transformer architecture using large language models as an example. We will then introduce vision transformers and contrastive learning image pretraining (CLIP) that allows combining text and image information in the same model, and finally show how diffusion models can be used to directly generate robot trajectories from a text prompt and an image of a visual scene. After implementing your own CLIP model and reviewing recent work in the robot-learning literature, concepts in this class will be explored in a team-based research project.*",3*,"This class will have its last meeting day on Friday, April 24, 2026.*",Restricted to graduate students in the college of Engineering. Enrollment restricted to ROBO-MS and ROBO-PHD students until 11/21/2025. Non-ROBO students may wait list prior to this date and will roll into the class after 11/21/2025 if there is space available.*,"CSEN-PhD: Depth; CSEN-MS: Elective; CSEN-MSCPS: Elective; NTEN-MSNE: Elective. Because this course meets with an equivalent section of CSCI 7000, this course does not count against the non-CS course limit ; AINT-MSAI: Elective*",Not Available*,,,,,
ECEN-5313*,Concurrent Programming*,"Introduces the theory and practice of multicore programming. The first part of the course presents foundations of concurrent programming: mutual exclusion, wait-free and lock-free synchronization, spin locks, monitors, memory consistency models. The second part presents a sequence of concurrent data structures and techniques used in their implementations (coarse-grained, fine-grained, optimistic and lock-free synchronization). Equivalent - Duplicate Degree Credit Not Granted: CSCI 5313 and ECEN 4313 and CSCI 4313*",3*,"(FA26) EEEN-PhD students will be given priority to enroll. If you need permission to enroll due to a course prerequisite or other enrollment error code, please fill out our ECEE Graduate-Level Course Request Form: https://forms.gle/UpFTXq2EDgCNA7X78 - This class will have its last meeting day on Friday, Dec. 4, 2026.*","Requires prereq of CSCI 2270 and ECEN 2360 or CSCI 2400 (minimum grade C). Restricted to graduate students in the College of Engineering or to ECEE BAM students (C-ECENEEEN, C-EEEN, C-ECENEEEP, C-EEENP) or to Grad Cert Engineering (CRTGE) students.*","CSEN-PhD: Depth; CSEN-MS: Elective; CSEN-MSCPS: Elective; NTEN-MSNE: Elective. ECEN 5313 and CSCI 5313 are cross-listed, ECEN 5313 does not count against non-CS course limit. However, ECEN 5313 is limited to ECEN graduate students. ; AINT-MSAI: Elective*",Not Available*,,,,,
ROBO-7000-2257-001*,None provided*,None*,3*,"This class will have its last meeting day on Friday, Dec. 5, 2025.*",Restricted to graduate students in the College of Engineering*,"CSEN-PhD: Depth; CSEN-MS: Elective; CSEN-MSCPS: Elective; NTEN-MSNE: Elective. No equivalent section stated for CSCI 7000, course counts against 2 non-CS course limit. ; AINT-MSAI: Elective*",Not Available*,,,,,
ECEN-5753*,Computer Performance Modeling*,"Presents a broad range of system modeling techniques, emphasizing applications to computer systems. Covers stochastic processes, queuing network models, stochastic Petri nets and simulation (including parallel processing techniques). Also requires second-semester calculus. Equivalent - Duplicate Degree Credit Not Granted: ECEN 4753 and CSCI 4753 and CSCI 5753 *",3*,None available (FA24-FA26)*,None*,"CSEN-PhD: Depth; CSEN-MS: Elective; CSEN-MSCPS: Elective; NTEN-MSNE: Elective. NOTE - since CSCI 5753 and ECEN 5753 are cross-listed, ECEN 5753 does not count against non-CS course limit. However, ECEN 5753 is limited to ECEN graduate students. ; AINT-MSAI: Elective*",Not Available*,,,,,
CSCI-5753*,Computer Performance Modeling*," Presents a broad range of system measurement and modeling techniques, emphasizing applications to computer systems. Topics include system measurement, work load characterization and analysis of data; design of experiments; simulation; and queuing theory and queuing network models. Equivalent - Duplicate Degree Credit Not Granted: CSCI 4753 and ECEN 4753 and ECEN 5753 *",3*,None available (FA24-FA26)*,Restricted to graduate students only.*,"CSEN-PhD: Depth; CSEN-MS: Elective; CSEN-MSCPS: Elective; NTEN-MSNE: Elective. NOTE - since CSCI 5753 and ECEN 5753 are cross-listed, ECEN 5753 does not count against non-CS course limit. However, ECEN 5753 is limited to ECEN graduate students. ; AINT-MSAI: Elective*",Not Available*,,,,,
ECEN-5593*,Advanced Computer Architecture*,"Provides a broad-scope treatment of important concepts in the design and implementation of high-performance computer systems. Discusses important issues in the pipelining of a processor, out-of-order instruction issue and superscalar designs, design of cache memory systems and architectural features required for multicore processor designs. Also studies current and historically important computer architectures, including hardware security concepts. Equivalent - Duplicate Degree Credit Not Granted: CSCI 5593 and ECEN 4693 *",3*,"(SP26) If you need permission to enroll due to a course prerequisite or other enrollment error code, please fill out our ECEE Graduate-Level Course Request Form: https://forms.gle/UpFTXq2EDgCNA7X78 - This class will have its last meeting day on Friday, April 24, 2026.*","Restricted to graduate students in the College of Engineering or to ECEE BAM students (C-ECENEEEN, C-EEEN, C-ECENEEEP, C-EEENP) or to Graduate Certificate Engineering (CRTGE) students. Recommended: Prerequisite ECEN 3593, ECEN 5090.*","CSEN-PhD: Depth; CSEN-MS: Elective; CSEN-MSCPS: Elective; NTEN-MSNE: Elective. Since ECEN 5593 is cross-listed with CSCI 5593, ECEN 5593 does not count against non-CS course limit but enrollment may be limited to ECEN students ; AINT-MSAI: Elective*",Not Available*,,,,,
ATLS-5519-2261-002*,[Generative AI]*,"This lecture-based course surveys the foundations, systems, and societal impacts of modern Generative AI. We will build a principled understanding of large language models (LLMs), embeddings, scaling laws, Transformers and GPT, retrieval-augmented generation (RAG), tool use and chain-of-thought prompting, reasoning and RLHF/Constitutional AI, vision models and diffusion, multimodal models (e.g., CLIP, GPT-4V), LLM-driven agents and emerging standards (e.g., MCP), human-centered AI and UX for GenAI, applications in robotics and embodied AI, Generative AI for AR/VR, and near-term futures, risks, and governance. Although the course is lecture-centric, students will synthesize concepts through two short, team-based projects that translate theory into concise demonstrations. By the end, students will be able to analyze state-of-the-art papers, reason about model capabilities and limitations, and articulate human-centered, ethically responsible applications of Generative AI*",3*,"This class will have its last meeting day on Friday, April 24, 2026.*",Restricted to graduate students only.*,"CSEN-PhD: Depth; CSEN-MS: Elective; CSEN-MSCPS: Elective; NTEN-MSNE: Elective. Since this course meets with an equivalent CSCI 7000 special topic session, course does not count against 2 non-CS course limit ; AINT-MSAI: Elective*",Not Available*,,,,,
ATLS-5519-2261-002*,[Generative AI]*,"This lecture-based course surveys the foundations, systems, and societal impacts of modern Generative AI. We will build a principled understanding of large language models (LLMs), embeddings, scaling laws, Transformers and GPT, retrieval-augmented generation (RAG), tool use and chain-of-thought prompting, reasoning and RLHF/Constitutional AI, vision models and diffusion, multimodal models (e.g., CLIP, GPT-4V), LLM-driven agents and emerging standards (e.g., MCP), human-centered AI and UX for GenAI, applications in robotics and embodied AI, Generative AI for AR/VR, and near-term futures, risks, and governance. Although the course is lecture-centric, students will synthesize concepts through two short, team-based projects that translate theory into concise demonstrations. By the end, students will be able to analyze state-of-the-art papers, reason about model capabilities and limitations, and articulate human-centered, ethically responsible applications of Generative AI*",3*,"This class will have its last meeting day on Friday, April 24, 2026.*",Restricted to graduate students only.*,"CSEN-PhD: Depth; CSEN-MS: Elective; CSEN-MSCPS: Elective; NTEN-MSNE: Elective. Since this course meets with an equivalent CSCI 7000 special topic session, course does not count against 2 non-CS course limit ; AINT-MSAI: Elective*",Not Available*,,,,,
ATLS-5519-2261-024*,[Generative AI]*,"This lecture-based course surveys the foundations, systems, and societal impacts of modern Generative AI. We will build a principled understanding of large language models (LLMs), embeddings, scaling laws, Transformers and GPT, retrieval-augmented generation (RAG), tool use and chain-of-thought prompting, reasoning and RLHF/Constitutional AI, vision models and diffusion, multimodal models (e.g., CLIP, GPT-4V), LLM-driven agents and emerging standards (e.g., MCP), human-centered AI and UX for GenAI, applications in robotics and embodied AI, Generative AI for AR/VR, and near-term futures, risks, and governance. Although the course is lecture-centric, students will synthesize concepts through two short, team-based projects that translate theory into concise demonstrations. By the end, students will be able to analyze state-of-the-art papers, reason about model capabilities and limitations, and articulate human-centered, ethically responsible applications of Generative AI*",3*,"This class will have its last meeting day on Friday, April 24, 2026. This class will be taught synchronously as a remote section, which means classes will be held virtually during the days and times listed.*",Restricted to graduate students only.*,"CSEN-PhD: Depth; CSEN-MS: Elective; CSEN-MSCPS: Elective; NTEN-MSNE: Elective. Since this course meets with an equivalent CSCI 7000 special topic session, course does not count against 2 non-CS course limit ; AINT-MSAI: Elective*",Not Available*,,,,,
ATLS-5519-2257-005*,[Introduction to Mixed Reality]*,"This course introduces students to the rapidly evolving field of mixed reality (MR), covering both augmented reality (AR) and virtual reality (VR). Students will gain a solid theoretical foundation in MR technologies and engage in hands-on experience developing these applications. Through reading research papers, programming MR applications, engaging in critical discussions, and demonstrating projects, students will learn how to develop state-of-the-art MR applications. The course covers various topics in mixed reality, including MR development frameworks, tangible interaction, real-world sensing, gestural input, spatial collaboration, AI for MR, and MR applications in diverse domains such as education, robotics, healthcare, architecture, sports, and entertainment. By the end of the course, students will be equipped with the technical skills to prototype and the critical understanding necessary to evaluate mixed reality applications across different contexts.*",3*,None*,Restricted to graduate students only.*,"CSEN-PhD: Depth; CSEN-MS: Elective; CSEN-MSCPS: Elective; NTEN-MSNE: Elective. Since this course meets with an equivalent CSCI 7000 special topic session, course does not count against 2 non-CS course limit ; AINT-MSAI: Elective*",Not Available*,,,,,
ATLS-5519-2261-006*,[NeuroDesign]*,"Nervous systems: diverse, complex and abundant! Learn how to use control theory to design for nervous systems, such as the visual system, starting with sensors and ending with an inclusive, minimally-harmful product or experiment design. In this course, students will tour the human nervous system, learning basic anatomy, function, and ranges of function. Then, students will investigate current products or services and examine them as a control system, scoring them on robustness. Finally, equipped with in-depth knowledge of sensors (both human and technological), students’ projects will improve upon an existing design, or create their own new design, with the goal of demonstrating nervous system knowledge and creating healthy, inclusive technological designs. Course applications can be in health, research, technology, computer science or other engineering fields. Learn more about this and other CTD courses at: http://bit.ly/ctd-class-list*",3*,"This class will have its last meeting day on Friday, April 24, 2026.*",Restricted to graduate students only.*,"CSEN-PhD: Depth; CSEN-MS: Elective; CSEN-MSCPS: Elective; NTEN-MSNE: Elective. Since this course meets with an equivalent CSCI 7000 special topic session, course does not count against 2 non-CS course limit ; AINT-MSAI: Elective*",Not Available*,,,,,
ATLS-5519-2247-052*,[How to Hack (Almost) Anything]*,"In this course, students will learn how to “hack” almost anything. By leveraging a wide range of tools and technologies across both software and hardware, students will explore how to hack various interactive applications, such as tangible user interfaces, wearable devices, augmented reality applications, projection mapping, interactive materials, soft robots, swarm user interfaces, actuated and interactive environments, digital fabrication machines, and generative AI interfaces. The course covers essential building blocks to develop these applications, such as web programming, AR prototyping, electronics, microcontroller programming, 3D modeling and printing, CNC machining, laser cutting, computer animation, robotics, machine learning, and AI. Each week, students will be introduced to these tools and technologies, learning how to combine and apply them to prototype interactive applications. By the end of the course, students will have the skills and mindset to creatively prototype, develop, and hack (almost) anything. Learn more about this and other CTD courses at: http://bit.ly/ctd-class-list*",3*,None*,Restricted to graduate students only.,"CSEN-PhD: Depth; CSEN-MS: Elective; CSEN-MSCPS: Elective; NTEN-MSNE: Elective. Since this course meets with an equivalent CSCI 7000 special topic session, course does not count against 2 non-CS course limit ; AINT-MSAI: Elective*",Not Available*,,,,,
ATLS-5519-2251-052*,[How to Hack (Almost) Anything]*,"In this course, students will learn how to “hack” almost anything. By leveraging a wide range of tools and technologies across both software and hardware, students will explore how to hack various interactive applications, such as tangible user interfaces, wearable devices, augmented reality applications, projection mapping, interactive materials, soft robots, swarm user interfaces, actuated and interactive environments, digital fabrication machines, and generative AI interfaces. The course covers essential building blocks to develop these applications, such as web programming, AR prototyping, electronics, microcontroller programming, 3D modeling and printing, CNC machining, laser cutting, computer animation, robotics, machine learning, and AI. Each week, students will be introduced to these tools and technologies, learning how to combine and apply them to prototype interactive applications. By the end of the course, students will have the skills and mindset to creatively prototype, develop, and hack (almost) anything. Learn more about this and other CTD courses at: http://bit.ly/ctd-class-list*",3*,None*,Restricted to graduate students only.,"CSEN-PhD: Depth; CSEN-MS: Elective; CSEN-MSCPS: Elective; NTEN-MSNE: Elective. Since this course meets with an equivalent CSCI 7000 special topic session, course does not count against 2 non-CS course limit ; AINT-MSAI: Elective*",Not Available*,,,,,
ATLS-5519-2257-052*,[How to Hack (Almost) Anything]*,"In this course, students will learn how to “hack” almost anything. By leveraging a wide range of tools and technologies across both software and hardware, students will explore how to hack various interactive applications, such as tangible user interfaces, wearable devices, augmented reality applications, projection mapping, interactive materials, soft robots, swarm user interfaces, actuated and interactive environments, digital fabrication machines, and generative AI interfaces. The course covers essential building blocks to develop these applications, such as web programming, AR prototyping, electronics, microcontroller programming, 3D modeling and printing, CNC machining, laser cutting, computer animation, robotics, machine learning, and AI. Each week, students will be introduced to these tools and technologies, learning how to combine and apply them to prototype interactive applications. By the end of the course, students will have the skills and mindset to creatively prototype, develop, and hack (almost) anything. Learn more about this and other CTD courses at: http://bit.ly/ctd-class-list*",3*,None*,Restricted to graduate students only.*,"CSEN-PhD: Depth; CSEN-MS: Elective; CSEN-MSCPS: Elective; NTEN-MSNE: Elective. Since this course meets with an equivalent CSCI 7000 special topic session, course does not count against 2 non-CS course limit ; AINT-MSAI: Elective*",Not Available*,,,,,
CYBR-5230*,Wireless Systems Lab*,"This Wireless Solutions Architecture course is designed to examine the core concepts of wireless architecture, design and implementation. The course will focus on architecting solutions unlicensed technology, specifically enterprise Wi-Fi networks. Students will learn how to design, implement, troubleshoot and operate enterprise wireless networks. Equivalent - Duplicate Degree Credit Not Granted: CSCI 5230 *",3*,None available (FA24-FA26)*,Requisites: Requires prerequisite course of CYBR 5200 (minimum grade B).*,"CSEN-PhD: Depth; CSEN-MS: Elective; CSEN-MSCPS: Elective;NTEN-MSNE: Core, Elective ; AINT-MSAI: Elective*",Not Available*,,,,,
CSCI-5160*,Introduction to Enterprise Network*,"Provides direct experience with networking functions and equipment through experiments and demonstrations. Students learn the fundamental principles and techniques of voice and data switching and routing within an enterprise environment. Procedures require the use of actual commercial equipment (including Cisco, Juniper, and Arista) plus network services and observation using packet analyzers. Weekly experiments and exams are designed to reflect real-world networking scenarios and require an additional hours of lab work. Most lab exercises involve activities which require physical access to the hardware and cannot be done remotely. Students are expected to spend 6 hours per week in the lab. In addition to the lab time, students should also anticipate up to 6 additional hours of time for homework, reading, lab preparation and studying for exams.*",3*,"(FA26) Until open enrollment date, registration is restricted to Computer Science graduate students only. Non-CS students can waitlist before that date. The waitlist for this class is automatically re-sequenced to allow first priority to CS PhD students and second priority to CS masters students. Student may be dropped from course for non-attendance. This class will have its last meeting day on Friday, Dec 4, 2026.*","Restricted to graduate students only. Recommended restriction: students are expected to know the OSI Model, principles of Ethernet Switching, IP Addressing and operation of protocols such as ARP, DHCP, DNS, STP, and SSH. Recommended prerequisite: CSCI 5010 or CYBR 5010 or CSCI 4273 or CSCI 5273 or ECEN 5273.*","CSEN-PhD: Depth; CSEN-MS: Elective; CSEN-MSCPS: Elective;NTEN-MSNE: Core, Elective ; AINT-MSAI: Elective*",Not Available*,,,,,
CSCI-5200*,Introduction to Wireless Systems*,"Overviews the distinctive characteristics of the wireless communications medium. Topics covered include: Analog signals, Antennas and Propagation, Digital Signals, Sampling, Quadrature Signals, Digital Modulation, SNR and SINR Concepts, Channel Models, Channel Statistics, and Link Budgets. The course includes an introduction to MIMO and beam-forming as implemented in modern communication systems. Software Defined Radio (SDR) is introduced to facilitate student hands-on learning of radio operation. Previously offered as a special topics course. Equivalent - Duplicate Degree Credit Not Granted: CYBR 5200 and CSCI 4200 *",3*,(SP26) Student may be dropped from course for non-attendance. The waitlist for this class is automatically re-sequenced to allow first priority to CS PhD students and second priority to CS masters students. Students who register for this section must also register for the following LAB section: Section 011 LAB-0 hrs.*,Until open enrollment date registration is restricted to Computer Science graduate students only. Non-CS students can waitlist before that date. Recommended prerequisites: CYBR 5010 and CYBR 5012.*,"CSEN-PhD: Depth; CSEN-MS: Elective; CSEN-MSCPS: Elective;NTEN-MSNE: Core, Elective ; AINT-MSAI: Elective*",Not Available*,,,,,
CYBR-5200*,Introduction to Wireless Systems*,"Overviews the distinctive characteristics of the wireless communications medium. Topics covered include: Analog signals, Antennas and Propagation, Digital Signals, Sampling, Quadrature Signals, Digital Modulation, SNR and SINR Concepts, Channel Models, Channel Statistics, and Link Budgets. The course includes an introduction to MIMO and beam-forming as implemented in modern communication systems. Software Defined Radio (SDR) is introduced to facilitate student hands-on learning of radio operation. Previously offered as a special topics course. Equivalent - Duplicate Degree Credit Not Granted: CSCI 5200 and CSCI 4200 *",3*,(SP25) Students who register for this section must also register for the following LAB section (011)*,Recommended prerequisites: CYBR 5010 and CYBR 5012.*,"CSEN-PhD: Depth; CSEN-MS: Elective; CSEN-MSCPS: Elective;NTEN-MSNE: Core, Elective ; AINT-MSAI: Elective*",Not Available*,,,,,
CSCI-5170*,IP Routing Protocols and Policies*,"Explores practical usage and conceptual underpinnings of link state and distance vector routing protocols. The course further explores a holistic view of how the Internet works from a technical routing aspect as well as policy and economics. The course is supplemented with frequent labs to fully explore the specific workings of the routing protocols RIP, OSPF, and BGP and the relationships between them in practical lab based routing scenarios. *",3*,(SP26) The waitlist for this class is automatically re-sequenced to allow first priority to CS PhD students and second priority to CS masters students.*,Restricted to graduate students only. Recommended prerequisite: CSCI 5010 or CYBR 5010 or CSCI 4273 or CSCI 5273 or ECEN 5273.*,"CSEN-PhD: Depth; CSEN-MS: Elective; CSEN-MSCPS: Elective;NTEN-MSNE: Core, Elective ; AINT-MSAI: Elective*",Not Available*,,,,,
CYBR-5220*,Wireless Local Area Networks*,"Emphasis on the IEEE P802.11 family of WLAN standards. Students learn the legacy versions of the standard (802.11DS/b), the current generation of WLAN systems (802.11a/g/n/ac), and will to analyze and critique upcoming versions (802.11ax/ba), and gain insight into proposals for new research in WLAN. Exposure to the interoperability and certification process for WLAN by the Wi-Fi Alliance, study the newest Wi-Fi Certified™ programs, and will learn how to model and analyze WLAN traffic using industry standard tools. Equivalent - Duplicate Degree Credit Not Granted: CSCI 5220 and ECEN 5122 *",3*,"(SP26) 001: This class will be taught synchronously as a remote section, which means classes will be held virtually during the days and times listed.This class will have its last meeting day on Friday, April 24, 2026. 002: This distance (online) section delivers the recorded lecture asynchronously which means there are not scheduled days and times. The instructor will determine pacing and deadlines for students in the distance section. Check with the instructor for more information.*",Requires prerequisite course of CYBR 5010 or CSCI 5010 or CSCI 5273 (minimum grade B).*,"CSEN-PhD: Depth; CSEN-MS: Elective; CSEN-MSCPS: Elective;NTEN-MSNE: Core, Elective ; AINT-MSAI: Elective*",Not Available*,,,,,
APPM-8500*,"Statistics, Optimization, and Machine Learning Seminar*","DISCONTINUED - course no longer offered. Research-level seminar that explores the mathematical foundations of machine learning, in particular how statistics and optimization give rise to well-founded and efficient algorithms.*",1*,(FA26) Contact Cooper Doe (Cooper.Doe@colorado.edu) for all inquiries regarding this seminar*,Requisites: Restricted to graduate students only*,CSEN-PhD: Depth; CSEN-MS: Professional Development; CSEN-MSCPS: AIG; NTEN-MSNE: Not Applicable. NOTE: counts against non-CS course limit ; AINT-MSAI: Not Applicable*,Not Available*,,,,,
ATLS-5420*,Professional Seminar: Business Creativity*,"This course was designed specifically to prepare students to make the most of their time in the CTD Master's Program, and to prepare them for a career within the creative technology and design professional landscape. The course helps students identify career goals and mentors, and helps them position themselves for industry through course-selection, portfolio development, and projects. There is also a survey element to the course which exposes students to creative technology professionals who discuss their career paths, offer advice, and provide insight into their individual design process.*",3*,(FA26) None*,Requisites: Restricted to Atlas (ATLS) graduate students only.*,CSEN-PhD: Not Applicable; CSEN-MS: Not Applicable; CSEN-MSCPS: Not Applicable; NTEN-MSNE: Not Applicable. ; AINT-MSAI: Elective*,Not Available*,,,,,
ATLS-5650*,Introduction to Programming*,"Explores computation as a powerful tool for creative design and expression in a project-based studio environment. Students learn the fundamentals of creative coding, computational thinking, and object-oriented programming. Hands-on topics include generative art and design, interactivity, animation, and visualization. This class is a mix of technical instruction (both inside and outside the classroom), readings, viewings, lectures, workdays, and critiques. This is a projects-based class, but projects will vary.*",3*,"(FA26) This class will have its last meeting day on Friday, Dec. 4, 2026.*",Requisites: Restricted to Atlas (ATLS) graduate students only.*,CSEN-PhD: Not Applicable; CSEN-MS: Not Applicable; CSEN-MSCPS: Not Applicable; NTEN-MSNE: Not Applicable. ; AINT-MSAI: Elective*,Not Available*,,,,,
CSCA-5859*,Ideating and Prototyping Interfaces*,"User interfaces are a core part of everyday work, learning, and entertainment. To learn how to create a successful user interface is key behind the most successful products we use on our phones and the web. This course is the first in a series of three in this specialization on Human-Computer Interaction (HCI). It covers the fundamental methods in conducting HCI research and practice. During this course, you will practice core skills related to HCI work, such as brainstorming, sketching, prototyping. By examining prominent examples of past HCI successes and failures, you will identify design practices that help you create great user experiences. By the end of the course, you will know how to ideate, design and create user interfaces through practical examples and have started a portfolio of example designs for your future practice. Please note, to complete this course, you will need access to a computer or laptop, a camera or similar device (such as a webcam), and paper and pen/pencils.*",1*,The following courses are only available through CU Boulder on Coursera program offerings. Please refer to the Online Programs section of the catalog for more information.*,Only available through CU Boulder on Coursera program offerings. Please refer to the Online Programs section of the catalog for more information.*,CSEN-PhD: Not Applicable; CSEN-MS: Not Applicable; CSEN-MSCPS: Not Applicable; NTEN-MSNE: Not Applicable. ; AINT-MSAI: Not Applicable*,Not Available*,,,,,
ATLS-6910*,Social Impact Practicum*,"This practicum allows Social Impact MS students to synthesize what they have learned and test their readiness for a career in Social Impact. Practicum assignments are arranged under the supervision of the MS Program Director and involve work with a non-governmental organization, development agency or technology/policy entity. Successful completion is required for graduation from the Social Impact MS Program.*",3-6*,"(FA26) This class will be taught synchronously as a remote section, which means classes will be held virtually during the days and times listed.*",Requisites: Requires prerequisite courses of ATLS 5210 and ATLS 5220 and ATLS 5230 and ATLS 5240 and ATLS 5250 (all minimum grade D-).*,CSEN-PhD: Not Applicable; CSEN-MS: Not Applicable; CSEN-MSCPS: Not Applicable; NTEN-MSNE: Not Applicable. ; AINT-MSAI: Not Applicable*,Not Available*,,,,,
CSCA-5453*,Cybersecurity in Crisis: Information and Internet Security*,"This is the third of three courses exploring Internet Policy: Principles and Problems, which is part of CU Boulder’s Master of Science in Data Science and Master of Science in Computer Science programs on Coursera. This course examines policy approaches to real-world cybersecurity problems occurring on the Internet. Learners will develop a privacy brief on a cybersecurity government policy, law or regulation of their choice. Successful completion of the first course in this series is recommended. Equivalent - Duplicate Degree Credit Not Granted: DTSA 5738 *",1*,The following courses are only available through CU Boulder on Coursera program offerings. Please refer to the Online Programs section of the catalog for more information.*,Only available through CU Boulder on Coursera program offerings. Please refer to the Online Programs section of the catalog for more information.*,CSEN-PhD: Not Applicable; CSEN-MS: Not Applicable; CSEN-MSCPS: Not Applicable; NTEN-MSNE: Not Applicable. ; AINT-MSAI: Not Applicable*,Not Available*,,,,,
CSCA-5443*,Protecting Individual Privacy on the Internet*,"This is the second of three courses exploring Internet Policy: Principles and Problems, which is part of CU Boulder’s Master of Science in Data Science and Master of Science in Computer Science programs on Coursera. This course critiques and develops regulatory approaches to real-world privacy problems created by the Internet. Learners will create a privacy brief based upon the exposure of their own private information when surfing the web. Successful completion of the first course in this series is recommended. Equivalent - Duplicate Degree Credit Not Granted: DTSA 5737 *",1*,The following courses are only available through CU Boulder on Coursera program offerings. Please refer to the Online Programs section of the catalog for more information.*,Only available through CU Boulder on Coursera program offerings. Please refer to the Online Programs section of the catalog for more information.*,CSEN-PhD: Not Applicable; CSEN-MS: Not Applicable; CSEN-MSCPS: Not Applicable; NTEN-MSNE: Not Applicable. ; AINT-MSAI: Not Applicable*,Not Available*,,,,,
CSCA-5433*,When to Regulate? The Digital Divide and Net Neutrality*,"This is the first of three courses exploring Internet Policy: Principles and Problems, which is part of CU Boulder’s Masters of Science in Data Science and Master of Science in Computer Science programs on Coursera. This course builds an interdisciplinary policy framework to critique and develop regulatory approaches to real-world problems on the Internet. Learners then use the framework to develop a definition of broadband to improve the Digital Divide and to evaluate net neutrality regulations.Equivalent - Duplicate Degree Credit Not Granted: DTSA 5736*",1*,The following courses are only available through CU Boulder on Coursera program offerings. Please refer to the Online Programs section of the catalog for more information.*,Only available through CU Boulder on Coursera program offerings. Please refer to the Online Programs section of the catalog for more information.*,CSEN-PhD: Not Applicable; CSEN-MS: Not Applicable; CSEN-MSCPS: Not Applicable; NTEN-MSNE: Not Applicable. ; AINT-MSAI: Not Applicable*,Not Available*,,,,,
DTSC-5003*,Programming for Data Science - Python for Data Science*,"This introductory course will provide Python fundamentals, including data structures and data analysis, complete hands-on exercises throughout the course modules, and create a final project to demonstrate your new skills. This course will demonstrate and practice how to create basic programs, working with data, and solving real-world problems in Python. This course is part of CU Boulder’s Master’s of Science in Data Science and was collaboratively designed by both academics and industry professionals to provide learners with an insider’s perspective on this exciting, evolving, and increasingly vital discipline. This is a Bridge to Data Science Pathway course. Up to 3 hours of bridge courses which meet applicable standards can count toward the 9-credit elective requirement for graduation for students on the Bridge to Data Science Pathway.*",1*,None available (FA24-FA26)*,None*,CSEN-PhD: Not Applicable; CSEN-MS: Not Applicable; CSEN-MSCPS: Not Applicable; NTEN-MSNE: Not Applicable. ; AINT-MSAI: Not Applicable*,Not Available*,,,,,
DTSC-5001*,Math for Data Science*,This introductory course provides a general understanding of mathematics to be successful in Data Science. This course will cover a wide range of mathematical tools in Data Science. The course will provide an overview of Calculus and linear algebra along with selected topics from numerical analysis. This course is part of CU Boulder’s Master’s of Science in Data Science and was designed to provide a “bridge” for students without a STEM degree to be successful in the graduate program in Data Science.*,3*,None available (FA24-FA26)*,None*,CSEN-PhD: Not Applicable; CSEN-MS: Not Applicable; CSEN-MSCPS: Not Applicable; NTEN-MSNE: Not Applicable. ; AINT-MSAI: Not Applicable*,Not Available*,,,,,
DTSC-5002*,Programming for Data Science - R for Data Science*,"This introductory course covers foundational data science tools and techniques, including getting, cleaning, and exploring data, programming in R, and conducting reproducible research. The course will emphasize the use of tidyverse and will use the RStudio IDE. This course is part of CU Boulder’s Master’s of Science in Data Science and was designed to provide a background in R programming to students wishing to pursue graduate work in data science.*",3*,None available (FA24-FA26)*,None*,CSEN-PhD: Not Applicable; CSEN-MS: Not Applicable; CSEN-MSCPS: Not Applicable; NTEN-MSNE: Not Applicable. ; AINT-MSAI: Not Applicable*,Not Available*,,,,,
CSCA-5854*,Verification and Synthesis of Autonomous Systems*,"This course will provide different techniques on the verification of autonomous systems against stability, regular, or omega-regular properties. Such techniques include Lyapunov theories, reachability analysis, barrier certificates, and model checking. Finally, it will introduce several techniques on designing controllers enforcing properties of interest over the original autonomous systems.*",1*,The following courses are only available through CU Boulder on Coursera program offerings. Please refer to the Online Programs section of the catalog for more information.*,Only available through CU Boulder on Coursera program offerings. Please refer to the Online Programs section of the catalog for more information.*,CSEN-PhD: Not Applicable; CSEN-MS: Not Applicable; CSEN-MSCPS: Not Applicable; NTEN-MSNE: Not Applicable. ; AINT-MSAI: Not Applicable*,Not Available*,,,,,
CSCA-5834*,Modeling of Autonomous Systems*,"This course will explain the core structure in any autonomous system which includes sensors, actuators, and potentially communication networks. Then, it will cover different formal modeling frameworks used for autonomous systems including state-space representations (difference or differential equations), timed automata, hybrid automata, and in general transition systems. It will describe solutions and behaviors of systems and different interconnections between systems.*",1*,The following courses are only available through CU Boulder on Coursera program offerings. Please refer to the Online Programs section of the catalog for more information.*,Only available through CU Boulder on Coursera program offerings. Please refer to the Online Programs section of the catalog for more information.*,CSEN-PhD: Not Applicable; CSEN-MS: Not Applicable; CSEN-MSCPS: Not Applicable; NTEN-MSNE: Not Applicable. ; AINT-MSAI: Not Applicable*,Not Available*,,,,,
CSCA-5844*,Requirement Specifications for Autonomous Systems*,"This course will discuss different ways of formally modeling requirements of interest for autonomous systems. Examples of such requirements include stability, invariance, reachability, regular languages, omega-regular languages, and linear temporal logic properties. In addition, it will introduce non-deterministic finite and büchi automata for recognizing, respectively, regular languages and omega-regular languages.*",1*,The following courses are only available through CU Boulder on Coursera program offerings. Please refer to the Online Programs section of the catalog for more information.*,Only available through CU Boulder on Coursera program offerings. Please refer to the Online Programs section of the catalog for more information.*,CSEN-PhD: Not Applicable; CSEN-MS: Not Applicable; CSEN-MSCPS: Not Applicable; NTEN-MSNE: Not Applicable. ; AINT-MSAI: Not Applicable*,Not Available*,,,,,
DTSC-5501*,Data Structures and Algorithms*,"This course provides students with a fundamental introduction to data structures and the design and analysis of algorithms. It covers a range of data structures such as priority queues, hash functions, and trees alongside algorithmic design techniques such as divide and conquer, dynamic programming, and greedy algorithms. The course demonstrates applications of these concepts in a number of contexts such as the sorting of arrays, and the use of hash-tables for approximate counting. Some advanced topics, such as the data structures and algorithms used to represent and analyze spatial data, are also covered. The course ends with a brief introduction to intractability (NP-completeness) and using linear/integer programming solvers for solving optimization problems. This course cannot be applied for credit towards a graduate degree in Computer Science.*",3*,(FA26) This section is for MS- Data Science majors only. Please petition here if you are not a MS-DS major but would like to be considered for enrollment in this course. https://cuboulder.qualtrics.com/jfe/form/SV_cuvjZtMLSemsIUS*,Restricted to DTSC-MS only*,CSEN-PhD: Not Applicable; CSEN-MS: Not Applicable; CSEN-MSCPS: Not Applicable; NTEN-MSNE: Not Applicable. ; AINT-MSAI: Not Applicable*,Not Available*,,,,,
DTSC-5301*,Data Science as a Field*,"This course provides a general introduction to the field of Data Science. It has been designed for aspiring data scientists, content experts who work with data scientists, or anyone interested in learning about what Data Science is and what it’s used for. Weekly topics include the past, present, and future of the field; examination of the process and pitfalls of data science; the academic disciplines that both practice and make use of Data Science; collaboration between data scientists and content experts; and the practice of Data Science in the professional world. This course is part of CU Boulder’s Master’s of Science in Data Science and was collaboratively designed by both academics and industry professionals to provide learners with an insider’s perspective on this exciting, evolving, and increasingly vital discipline.*",1*,"(FA26) This is a special session class with start and end dates that differ from full-semester classes. The corresponding add, drop and withdrawal dates also differ from full-semester classes--please see the special session calendar for specific information: https://www.colorado.edu/registrar/students/cu-boulder-on-coursera. This is a special session class with start and end dates that differ from full-semester classes. The corresponding add, drop and withdrawal dates also differ from full-semester classes--please see the special session calendar for specific information: https://www.colorado.edu/registrar/students/registration/special-sessions. This section is for DTSC majors only. Please petition here if you are not a DTSC major but would like to be considered for enrollment in this course. https://cuboulder.qualtrics.com/jfe/form/SV_cuvjZtMLSemsIUS*",Restricted to DTSC-MS only*,CSEN-PhD: Not Applicable; CSEN-MS: Not Applicable; CSEN-MSCPS: Not Applicable; NTEN-MSNE: Not Applicable. ; AINT-MSAI: Not Applicable*,Not Available*,,,,,
CSCA-5522*,Data Mining Project*,"This course offers step-by-step guidance and hands-on experience of designing and implementing a real-world data mining project, including problem formulation, literature survey, proposed work, evaluation, discussion and future work. Equivalent - Duplicate Degree Credit Not Granted: DTSA 5506 *",1*,The following courses are only available through CU Boulder on Coursera program offerings. Please refer to the Online Programs section of the catalog for more information.*,Only available through CU Boulder on Coursera program offerings. Please refer to the Online Programs section of the catalog for more information.*,CSEN-PhD: Not Applicable; CSEN-MS: Not Applicable; CSEN-MSCPS: Not Applicable; NTEN-MSNE: Not Applicable. ; AINT-MSAI: Not Applicable*,Not Available*,,,,,
CSCA-5869*,User Interface Testing and Usability*,"This course is the second in a series of three in this specialization on Human-Computer Interaction (HCI). This course focuses on evaluating user interfaces to develop new user interface ideas or improve existing ones. You will learn how to understand the users’ needs, their abilities, the context that they operate in and their unique challenges through theory and practical methods. You will practice how to evaluate a user interface through standard industry practices and how to communicate the outcome to your peers. You will also compare between different low-cost methods to rapidly evaluate alternative user interface ideas as you iterate on your interface ideas. By the end of this course, you will be able to successfully assess a user interface and generate actionable insights through user testing. Please note, to complete this course, you will need access to a computer or laptop, a camera or similar device (such as a webcam), and paper and pen/pencils.*",1*,The following courses are only available through CU Boulder on Coursera program offerings. Please refer to the Online Programs section of the catalog for more information.*,Only available through CU Boulder on Coursera program offerings. Please refer to the Online Programs section of the catalog for more information.*,CSEN-PhD: Not Applicable; CSEN-MS: Not Applicable; CSEN-MSCPS: Not Applicable; NTEN-MSNE: Not Applicable. ; AINT-MSAI: Not Applicable*,Not Available*,,,,,
CYBR-6940*,Master's Candidate for Degree*,This course is for TCP Master's students who are approved candidates to receive their degree.*,1*,None available (FA24-FA26)*,Requisites: Restricted to CYBR/TLEN graduate students.*,CSEN-PhD: Not Applicable; CSEN-MS: Not Applicable; CSEN-MSCPS: Not Applicable; NTEN-MSNE: Not Applicable. ; AINT-MSAI: Not Applicable*,Not Available*,,,,,
ROBO-5008*,Introduction to Research*,"This course is an introductory course that helps new graduate students become research productive early in their graduate careers. Important topics related to scientific research that are often not covered in other courses are formally covered here, including: literature organization and review, technical writing, oral/poster presentations, data handling, visualization and analysis, scientific ethics, program requirements and student resources.*",1*,(FA26) Restricted to ROBO-MS and ROBO-PHD students only.*,Restricted to ROBO-MS and ROBO-PHD students only.*,CSEN-PhD: Not Applicable; CSEN-MS: Not Applicable; CSEN-MSCPS: Not Applicable; NTEN-MSNE: Not Applicable. ; AINT-MSAI: Not Applicable*,Not Available*,,,,,
CSCA-5622*,Introduction to Machine Learning: Supervised Learning*,"This course introduces various supervised ML algorithms and prediction tasks applied to different data. Specific topics include linear and logistic regression, KNN, Decision trees, ensemble methods such as Random Forest and Boosting, and kernel methods such as SVM. Formerly offered as a special topics course. Equivalent - Duplicate Degree Credit Not Granted: DTSA 5509 *",1*,The following courses are only available through CU Boulder on Coursera program offerings. Please refer to the Online Programs section of the catalog for more information.*,Only available through CU Boulder on Coursera program offerings. Please refer to the Online Programs section of the catalog for more information.*,CSEN-PhD: Not Applicable; CSEN-MS: Not Applicable; CSEN-MSCPS: Not Applicable; NTEN-MSNE: Not Applicable. ; AINT-MSAI: Not Applicable*,Not Available*,,,,,
CSCA-5502*,Data Mining Pipeline*,"This course introduces the key steps involved in the data mining pipeline, including data understanding, data preprocessing, data warehouse, data modeling, interpretation and evaluation, and real-world applications. Equivalent - Duplicate Degree Credit Not Granted: DTSA 5504 *",1*,The following courses are only available through CU Boulder on Coursera program offerings. Please refer to the Online Programs section of the catalog for more information.*,Only available through CU Boulder on Coursera program offerings. Please refer to the Online Programs section of the catalog for more information.*,CSEN-PhD: Not Applicable; CSEN-MS: Not Applicable; CSEN-MSCPS: Not Applicable; NTEN-MSNE: Not Applicable. ; AINT-MSAI: Not Applicable*,Not Available*,,,,,
CSCA-5902*,Mastering Classic Reinforcement Learning Algorithms*,"This course introduces the fundamentals of tabular reinforcement learning (RL), with a focus on finite Markov decision processes (MDPs) with scalar rewards. Students will delve into the theoretical foundations of RL, exploring MDP optimization techniques such as value iteration, policy iteration, and linear programming. Additionally, the course covers the optimization of unknown MDPs using tabular RL algorithms like Q-learning, along with their convergence guarantees.*",1*,The following courses are only available through CU Boulder on Coursera program offerings. Please refer to the Online Programs section of the catalog for more information.*,Only available through CU Boulder on Coursera program offerings. Please refer to the Online Programs section of the catalog for more information.*,CSEN-PhD: Not Applicable; CSEN-MS: Not Applicable; CSEN-MSCPS: Not Applicable; NTEN-MSNE: Not Applicable. ; AINT-MSAI: Not Applicable*,Not Available*,,,,,
CSCA-5912*,Deep Reinforcement Learning: From Theory to Practice*,"This course introduces the fundamental concepts of deep reinforcement learning (RL), combining sampling-based RL optimization with deep neural networks. Topics include function approximation using neural networks, value-function-based methods (e.g., Deep Q-Networks), policy-gradient methods (e.g., REINFORCE), and hybrid approaches such as actor-critic methods. The course covers advanced algorithms like Trust Region Policy Optimization (TRPO), Proximal Policy Optimization (PPO), Deep Deterministic Policy Gradient (DDPG), and Soft Actor-Critic (SAC).*",1*,The following courses are only available through CU Boulder on Coursera program offerings. Please refer to the Online Programs section of the catalog for more information.*,Only available through CU Boulder on Coursera program offerings. Please refer to the Online Programs section of the catalog for more information.*,CSEN-PhD: Not Applicable; CSEN-MS: Not Applicable; CSEN-MSCPS: Not Applicable; NTEN-MSNE: Not Applicable. ; AINT-MSAI: Not Applicable*,Not Available*,,,,,
CSCA-5112*,Introduction to Generative AI*,"This course introduces the core concepts and architectures behind generative AI, including GANs, VAEs, diffusion models, and transformers. Students will explore how generative models produce text, images, and other outputs, and will gain foundational understanding of prompt design, and common limitations such as hallucinations. The course also includes an overview of AI literacy to support responsible use and prepares learners for applied work in generative AI systems.*",1*,The following courses are only available through CU Boulder on Coursera program offerings. Please refer to the Online Programs section of the catalog for more information.*,Only available through CU Boulder on Coursera program offerings. Please refer to the Online Programs section of the catalog for more information.*,CSEN-PhD: Not Applicable; CSEN-MS: Not Applicable; CSEN-MSCPS: Not Applicable; NTEN-MSNE: Not Applicable. ; AINT-MSAI: Not Applicable*,Not Available*,,,,,
CSCA-5002*,Intelligent Agents and Search Algorithms*,"This course introduces the concepts of intelligent agents and search algorithms that are foundational in artificial intelligence. Students will explore agent architectures, environment types, and the design of rational behavior. Topics include uninformed and informed search strategies, such as breadth-first, depth-first, and A* search. Through assignments that include analysis and programming, students will compare algorithm performance and implement solutions to real-world problems.*",1*,The following courses are only available through CU Boulder on Coursera program offerings. Please refer to the Online Programs section of the catalog for more information.*,Only available through CU Boulder on Coursera program offerings. Please refer to the Online Programs section of the catalog for more information.*,CSEN-PhD: Not Applicable; CSEN-MS: Not Applicable; CSEN-MSCPS: Not Applicable; NTEN-MSNE: Not Applicable. ; AINT-MSAI: Not Applicable*,Not Available*,,,,,
CSCA-5022*,Introduction to Learning*,"This course introduces foundational concepts in learning, with emphasis on how intelligent agents learn from experience. Students will explore supervised and unsupervised learning methods, reinforcement learning, hidden Markov models (HMMs) for modeling sequential data, and population-based algorithms such as genetic algorithms. The course provides theoretical coverage of the algorithms, as well as hands-on practice implementing and evaluating the algorithms.*",1*,The following courses are only available through CU Boulder on Coursera program offerings. Please refer to the Online Programs section of the catalog for more information.*,Only available through CU Boulder on Coursera program offerings. Please refer to the Online Programs section of the catalog for more information.*,CSEN-PhD: Not Applicable; CSEN-MS: Not Applicable; CSEN-MSCPS: Not Applicable; NTEN-MSNE: Not Applicable. ; AINT-MSAI: Not Applicable*,Not Available*,,,,,
CSCA-5423*,Software Security*,"This course introduces core concepts in cybersecurity including confidentiality, integrity, authentication, risk management, and adversarial thinking. The concepts will be applied to both traditional information technology (IT) systems and cyber physical systems (CPS). The course provides a cyber security foundation that will allow practitioners in other fields to understand cyber security trade-offs and will also provide interested students with a basis for further study in cyber security. At the conclusion of the course, students will have a solid foundation in cybersecurity and hands-on experience.*",1*,The following courses are only available through CU Boulder on Coursera program offerings. Please refer to the Online Programs section of the catalog for more information.*,Only available through CU Boulder on Coursera program offerings. Please refer to the Online Programs section of the catalog for more information.*,CSEN-PhD: Not Applicable; CSEN-MS: Not Applicable; CSEN-MSCPS: Not Applicable; NTEN-MSNE: Not Applicable. ; AINT-MSAI: Not Applicable*,Not Available*,,,,,
CSCA-5403*,Basic Ideas in Computing Security*,"This course introduces core concepts in cybersecurity including confidentiality, integrity, authentication, risk management, and adversarial thinking, as well as important Security Control models such as the NIST Cybersecurity framework. The concepts will be applied to both traditional information technology (IT) systems and cyber physical systems (CPS). The course provides a cyber security foundation that will allow practitioners in other fields to understand cyber security trade-offs and will also provide interested students with a basis for further study in cyber security.*",1*,The following courses are only available through CU Boulder on Coursera program offerings. Please refer to the Online Programs section of the catalog for more information.*,Only available through CU Boulder on Coursera program offerings. Please refer to the Online Programs section of the catalog for more information.*,CSEN-PhD: Not Applicable; CSEN-MS: Not Applicable; CSEN-MSCPS: Not Applicable; NTEN-MSNE: Not Applicable. ; AINT-MSAI: Not Applicable*,Not Available*,,,,,
CSCA-5413*,Data Security and Cryptography*,"This course introduces basic cryptographic concepts from the ground up, including encryption, its history, symmetric and asymmetric methods, public key infrastructure, and how these algorithms apply to modern protocols in the transmission and storage of data. We will look at technical areas (like the key generation and message signing), as well as ethical concerns from a security engineering and compliance standpoint.*",1*,The following courses are only available through CU Boulder on Coursera program offerings. Please refer to the Online Programs section of the catalog for more information.*,Only available through CU Boulder on Coursera program offerings. Please refer to the Online Programs section of the catalog for more information.*,CSEN-PhD: Not Applicable; CSEN-MS: Not Applicable; CSEN-MSCPS: Not Applicable; NTEN-MSNE: Not Applicable. ; AINT-MSAI: Not Applicable*,Not Available*,,,,,
CSCA-5313*,Security and Ethical Hacking: Attacking Unix and Windows*,"This course in the sequence examines attacks on computer systems, with particular attention to Unix Security Model and Windows for memory corruption and binary exploitation. Students can expect to learn about, and apply offensive techniques against, Unix in general. We will demonstrate lateral movement and privilege escalation attacks, as well as buffer overflow and other memory exploitation primitives. Course assessments are through quizzes, hands-on exercises and an exam.*",1*,The following courses are only available through CU Boulder on Coursera program offerings. Please refer to the Online Programs section of the catalog for more information.*,Only available through CU Boulder on Coursera program offerings. Please refer to the Online Programs section of the catalog for more information.*,CSEN-PhD: Not Applicable; CSEN-MS: Not Applicable; CSEN-MSCPS: Not Applicable; NTEN-MSNE: Not Applicable. ; AINT-MSAI: Not Applicable*,Not Available*,,,,,
CSCA-5222*,Introduction to Computer Vision*,"This course guides students through the essential algorithms and methods to help computers 'see' and interpret visual data. Students learn the core concepts and techniques that have been traditionally used to analyze images. Then, students learn modern deep learning methods, such as neural networks and specific models designed for image recognition, can be used to perform more complex tasks like object detection and image segmentation. Additionally, students will learn the creation and impact of AI-generated images and videos, exploring the ethical considerations of such technology. Equivalent - Duplicate Degree Credit Not Granted: DTSA 5512 *",1*,The following courses are only available through CU Boulder on Coursera program offerings. Please refer to the Online Programs section of the catalog for more information.*,Only available through CU Boulder on Coursera program offerings. Please refer to the Online Programs section of the catalog for more information.*,CSEN-PhD: Not Applicable; CSEN-MS: Not Applicable; CSEN-MSCPS: Not Applicable; NTEN-MSNE: Not Applicable. ; AINT-MSAI: Not Applicable*,Not Available*,,,,,
CSCA-5012*,Knowledge Representation and Reasoning Under Uncertainty*,"This course explores how to represent, organize, and reason with knowledge in uncertain environments. Topics covered include logic-based representation (propositional and first-order logic), probabilistic reasoning, Bayesian networks, and decision-making under uncertainty. Students will learn to model intelligent behavior in dynamic domains using structured knowledge and inference techniques. Through theoretical analysis and practical implementation, students explore AI systems that can reason when there is incomplete or ambiguous information.*",1*,The following courses are only available through CU Boulder on Coursera program offerings. Please refer to the Online Programs section of the catalog for more information.*,Only available through CU Boulder on Coursera program offerings. Please refer to the Online Programs section of the catalog for more information.*,CSEN-PhD: Not Applicable; CSEN-MS: Not Applicable; CSEN-MSCPS: Not Applicable; NTEN-MSNE: Not Applicable. ; AINT-MSAI: Not Applicable*,Not Available*,,,,,
CSCA-5122*,Modern Applications of Generative AI*,"This course explores how generative AI is applied across domains including code generation, art and media, business innovation, and accessibility. Students will expand prompt engineering skills, examine advanced prompting techniques such as few-shot, chain-of-thought prompting, and explore tuning output parameters such as temperature, top-p, and top-k. The course also introduces retrieval-augmented generation (RAG) and discusses ethical considerations, including bias, misuse, and hallucinations. Learners will gain practical insights into the use of generative AI tools.*",1*,The following courses are only available through CU Boulder on Coursera program offerings. Please refer to the Online Programs section of the catalog for more information.*,Only available through CU Boulder on Coursera program offerings. Please refer to the Online Programs section of the catalog for more information.*,CSEN-PhD: Not Applicable; CSEN-MS: Not Applicable; CSEN-MSCPS: Not Applicable; NTEN-MSNE: Not Applicable. ; AINT-MSAI: Not Applicable*,Not Available*,,,,,
CSCA-5303*,Security and Ethical Hacking: Attacking the Network*,"This course explains the science and art behind offensive security techniques used in penetration testing of networks and systems. A review of networking concepts is given. Students will utilize low-level programming through network interfaces, in executing a variety of network attacks, while learning to use essential auxiliary tooling. An introduction to cryptogpahy for pentesters is provided. An understanding of python programming and networking basics is required. Course assessments are practical work and exams.*",1*,The following courses are only available through CU Boulder on Coursera program offerings. Please refer to the Online Programs section of the catalog for more information.*,Only available through CU Boulder on Coursera program offerings. Please refer to the Online Programs section of the catalog for more information.*,CSEN-PhD: Not Applicable; CSEN-MS: Not Applicable; CSEN-MSCPS: Not Applicable; NTEN-MSNE: Not Applicable. ; AINT-MSAI: Not Applicable*,Not Available*,,,,,
CSCA-5922*,Reward Programming: Optimizing RL Efficiency and Safety*,"This course examines the role of reward engineering in reinforcement learning (RL). Students will explore advanced techniques in reward specification, reward elicitation, and reward shaping. Key topics include formal methods such as logic and automata for reward specification, approaches for learning reward functions from demonstrations, and strategies for modifying rewards to enhance learning efficiency and ensure safety.*",1*,The following courses are only available through CU Boulder on Coursera program offerings. Please refer to the Online Programs section of the catalog for more information.*,Only available through CU Boulder on Coursera program offerings. Please refer to the Online Programs section of the catalog for more information.*,CSEN-PhD: Not Applicable; CSEN-MS: Not Applicable; CSEN-MSCPS: Not Applicable; NTEN-MSNE: Not Applicable. ; AINT-MSAI: Not Applicable*,Not Available*,,,,,
DTSC-5302*,Ethical Issues in Data Science*,"This course examines ethical issues related to data science, with the objective of making data science professionals aware of and sensitive to ethical considerations that may arise in their careers. It focuses on ethical frameworks, data science applications that lead to ethical considerations, professional ethics, current media and scholarly articles, and the perspectives and experiences of fellow students and computing professionals.*",1*,"(FA26) This is a special session class with start and end dates that differ from full-semester classes. The corresponding add, drop and withdrawal dates also differ from full-semester classes--please see the special session calendar for specific information: https://www.colorado.edu/registrar/students/cu-boulder-on-coursera. This is a special session class with start and end dates that differ from full-semester classes. The corresponding add, drop and withdrawal dates also differ from full-semester classes--please see the special session calendar for specific information: https://www.colorado.edu/registrar/students/registration/special-sessions. This section is for DTSC majors only. Please petition here if you are not a DTSC major but would like to be considered for enrollment in this course. https://cuboulder.qualtrics.com/jfe/form/SV_cuvjZtMLSemsIUS*",Restricted to DTSC-MS only*,CSEN-PhD: Not Applicable; CSEN-MS: Not Applicable; CSEN-MSCPS: Not Applicable; NTEN-MSNE: Not Applicable. ; AINT-MSAI: Not Applicable*,Not Available*,,,,,
CSCA-5132*,Advances in Generative AI*,"This course examines advanced topics and emerging trends in generative AI, including foundational model architectures, their use in scientific discovery, and expanding capabilities such as reinforcement learning, fine-tuning and agent-based systems. Students will explore concepts related to benchmarking, model evaluation, and societal impacts. The course equips learners to understand and interpret ongoing advancements in generative AI and potential applications.*",1*,The following courses are only available through CU Boulder on Coursera program offerings. Please refer to the Online Programs section of the catalog for more information.*,Only available through CU Boulder on Coursera program offerings. Please refer to the Online Programs section of the catalog for more information.*,CSEN-PhD: Not Applicable; CSEN-MS: Not Applicable; CSEN-MSCPS: Not Applicable; NTEN-MSNE: Not Applicable. ; AINT-MSAI: Not Applicable*,Not Available*,,,,,
CSCA-5422*,Modern AI Models for Vision and Multimodal Understanding*,"This course delves into the cutting-edge realm of generative models for images and videos, including GANs and Diffusion Models. It will teach about multimodal foundational models such as CLIP, as well as applications for text-to-image and text-to-video generation. The course also addresses the issue of DeepFakes. Through both practical exercises and theoretical discussion, students will explore the ethical considerations, privacy concerns, and future trends in computer vision. Equivalent - Duplicate Degree Credit Not Granted: DTSA 5514*",1*,The following courses are only available through CU Boulder on Coursera program offerings. Please refer to the Online Programs section of the catalog for more information.*,Only available through CU Boulder on Coursera program offerings. Please refer to the Online Programs section of the catalog for more information.*,CSEN-PhD: Not Applicable; CSEN-MS: Not Applicable; CSEN-MSCPS: Not Applicable; NTEN-MSNE: Not Applicable. ; AINT-MSAI: Not Applicable*,Not Available*,,,,,
CSCA-5512*,Data Mining Methods*,"This course covers core techniques used in data mining, including frequent pattern analysis, classification, clustering, outlier detection, as well as time-series mining and graph mining. Equivalent - Duplicate Degree Credit Not Granted: DTSA 5505 *",1*,The following courses are only available through CU Boulder on Coursera program offerings. Please refer to the Online Programs section of the catalog for more information.*,Only available through CU Boulder on Coursera program offerings. Please refer to the Online Programs section of the catalog for more information.*,CSEN-PhD: Not Applicable; CSEN-MS: Not Applicable; CSEN-MSCPS: Not Applicable; NTEN-MSNE: Not Applicable. ; AINT-MSAI: Not Applicable*,Not Available*,,,,,
CSCA-5414*,"Dynamic Programs, Greedy Algorithms*","This course covers basic algorithm design techniques such as divide and conquer, dynamic programming, and greedy algorithms. It concludes with a brief introduction to intractability (NP-completeness) and using linear/integer programming solvers for solving optimization problems. Equivalent - Duplicate Degree Credit Not Granted: DTSA 5503*",1*,The following courses are only available through CU Boulder on Coursera program offerings. Please refer to the Online Programs section of the catalog for more information.*,Only available through CU Boulder on Coursera program offerings. Please refer to the Online Programs section of the catalog for more information.*,CSEN-PhD: Not Applicable; CSEN-MS: Not Applicable; CSEN-MSCPS: Not Applicable; NTEN-MSNE: Not Applicable. ; AINT-MSAI: Not Applicable*,Not Available*,,,,,
ATLS-6920*,Creative Industries Final Project*,"This course allows MS-CTD students to synthesize what they have learned and test their readiness for a career in the creative technologies and design field. Through this class students work with an academic and/or industry mentor to create a capstone final project emblematic of their focus during their master degree studies. Students learn to propose and scope work, adhere to budget constraints and time schedules, communicate their work, and create a final end deliverable that is presented to the larger ATLAS community. This final project is meant to serve as a culminating portfolio project that helps position students for industry after graduation. Successful completion is required for graduation from the MS-CTD Program.*",3*,"(FA26) This class will have its last meeting day on Friday, Dec. 4, 2026.*",Requisites: Restricted to Creative Technology Design (ATLS) master's degree students only.*,CSEN-PhD: Not Applicable; CSEN-MS: Not Applicable; CSEN-MSCPS: Not Applicable; NTEN-MSNE: Not Applicable. ; AINT-MSAI: Not Applicable*,Not Available*,,,,,
DTSC-5303*,Cybersecurity for Data Science*,"This course aims to help anyone interested in data science understand the cybersecurity risks and the tools/techniques that can be used to mitigate those risks. We will cover the distinctions between confidentiality, integrity, and availability, introduce learners to relevant cybersecurity tools and techniques including cryptographic tools, software resources, and policies that will be essential to data science. We will explore key tools and techniques for authentication and access control so producers, curators, and users of data can help ensure the security and privacy of the data.*",1*,"(FA26) This is a special session class with start and end dates that differ from full-semester classes. The corresponding add, drop and withdrawal dates also differ from full-semester classes--please see the special session calendar for specific information: https://www.colorado.edu/registrar/students/cu-boulder-on-coursera. This is a special session class with start and end dates that differ from full-semester classes. The corresponding add, drop and withdrawal dates also differ from full-semester classes--please see the special session calendar for specific information: https://www.colorado.edu/registrar/students/registration/special-sessions. This section is for DTSC majors only. Please petition here if you are not a DTSC major but would like to be considered for enrollment in this course. https://cuboulder.qualtrics.com/jfe/form/SV_cuvjZtMLSemsIUS*",None*,CSEN-PhD: Not Applicable; CSEN-MS: Not Applicable; CSEN-MSCPS: Not Applicable; NTEN-MSNE: Not Applicable. ; AINT-MSAI: Not Applicable*,Not Available*,,,,,
DTSC-5930*,Professional Internship*,This class provides a structure for DS graduate students to receive academic credit for internships with industry partners that have an academic component to them suitable for graduate-level work. Participation in the program will consist of an internship agreement between a student and an industry partner who will employ the student in a role that supports the academic goals of the internship. Instructor participation will include facilitation of mid-term and final assessments of student performance as well as support for any academic-related issues that may arise during the internship period. Repeatable: Repeatable for up to 6.0 total credit hours. *,1-3*,(FA26) Please consult with Graduate Advisor prior to enrolling. This class will be taught online and delivered asynchronously which means there are not scheduled days and times. Instructor may determine pacing and deadlines for coursework completion. See course syllabus for more information.*,None*,CSEN-PhD: Not Applicable; CSEN-MS: Not Applicable; CSEN-MSCPS: Not Applicable; NTEN-MSNE: Not Applicable. ; AINT-MSAI: Not Applicable*,Not Available*,,,,,
DTSC-5900-2261-001*,[Climate Anomalies]*,"The climate anomalies course provides an interdisciplinary exploration of climate policy, data analysis, and machine learning applications in understanding and predicting extreme climate behavior. Students will begin by examining historical and contemporary global climate agreements—such as the Kyoto Protocol and the Paris Agreement—and the political and economic challenges shaping energy and environmental policy, with particular attention to impacts on low-income and developing regions. Building on this policy foundation, the course introduces students to the use of Python programming for statistical and predictive climate data analysis. Through hands-on projects using SciPy, NumPy, and related libraries, students will learn techniques in data visualization, simple and multivariate regression, and logistic regression to model real-world climate phenomena. The latter part of the course extends into modern machine learning methods used to analyze and forecast extreme climate behavior. Students will explore both supervised and unsupervised learning algorithms—including clustering, dimensionality reduction, decision trees, logistic regression, and neural networks—and apply these tools to real climate datasets. This class will be taught online and delivered asynchronously which means there are not scheduled days and times. Instructor may determine pacing and deadlines for coursework completion. See course syllabus for more information.*",3*,(SP26) This class will be taught online and delivered asynchronously which means there are not scheduled days and times. Instructor may determine pacing and deadlines for coursework completion. See course syllabus for more information.*,None*,CSEN-PhD: Not Applicable; CSEN-MS: Not Applicable; CSEN-MSCPS: Not Applicable; NTEN-MSNE: Not Applicable. ; AINT-MSAI: Not Applicable*,Not Available*,,,,,
CSCA-5632*,Unsupervised Algorithms in Machine Learning*,"Students will learn selected unsupervised learning methods for dimensionality reduction, clustering, finding latent features, and application cases such as recommender systems with hands-on examples of product recommendation algorithms. Formerly offered as a special topics course. Equivalent - Duplicate Degree Credit Not Granted: DTSA 5510*",1*,The following courses are only available through CU Boulder on Coursera program offerings. Please refer to the Online Programs section of the catalog for more information.*,Only available through CU Boulder on Coursera program offerings. Please refer to the Online Programs section of the catalog for more information.*,CSEN-PhD: Not Applicable; CSEN-MS: Not Applicable; CSEN-MSCPS: Not Applicable; NTEN-MSNE: Not Applicable. ; AINT-MSAI: Not Applicable*,Not Available*,,,,,
DTSC-5810*,Capstone*,"Students conduct agreed-upon research, critical review, business proposal, or project and present their work to the capstone committee for evaluation.*",3*,(FA26) Restricted to MS- Data Science degree students only.*,Restricted to Data Science degree students only.*,CSEN-PhD: Not Applicable; CSEN-MS: Not Applicable; CSEN-MSCPS: Not Applicable; NTEN-MSNE: Not Applicable. ; AINT-MSAI: Not Applicable*,Not Available*,,,,,
CYBR-5910*,Independent Study*,Special projects agreed upon by student and instructor. Department consent required. Formerly TLEN 5920. Repeatable: Repeatable for up to 6.0 total credit hours. Allows multiple enrollment in term. *,1-6*,None available (FA24-FA26)*,Requisites: Restricted to CYBR/TLEN graduate students.*,CSEN-PhD: Not Applicable; CSEN-MS: Not Applicable; CSEN-MSCPS: Not Applicable; NTEN-MSNE: Not Applicable. ; AINT-MSAI: Not Applicable*,Not Available*,,,,,
CSCA-5123*,Installing and Maintaining Software and Hardware*,"Selecting, installing and maintaining system software and storage subsystems. Troubleshooting configurations and reading system logs.*",1*,The following courses are only available through CU Boulder on Coursera program offerings. Please refer to the Online Programs section of the catalog for more information.*,Only available through CU Boulder on Coursera program offerings. Please refer to the Online Programs section of the catalog for more information.*,CSEN-PhD: Not Applicable; CSEN-MS: Not Applicable; CSEN-MSCPS: Not Applicable; NTEN-MSNE: Not Applicable. ; AINT-MSAI: Not Applicable*,Not Available*,,,,,
ROBO-6950*,Master's Thesis*,Research conducted on a specialized topic in robotics and overseen by robotics faculty. Repeatable: Repeatable for up to 6.00 total credit hours. Allows multiple enrollment in term. *,1-6*,"Department-controlled enrollment course, does not appear on Class Search*",Restricted to ROBO-MS students only.*,CSEN-PhD: Not Applicable; CSEN-MS: Not Applicable; CSEN-MSCPS: Not Applicable; NTEN-MSNE: Not Applicable. ; AINT-MSAI: Not Applicable*,Not Available*,,,,,
ROBO-6940*,Master's Candidate for Degree*,Registration intended for students preparing for a thesis defense final examination culminating activity  or completion of degree. Repeatable: Repeatable for up to 3.00 total credit hours. *,1*,"Department-controlled enrollment course, does not appear on Class Search*",Restricted to ROBO-MS and ROBO-PHD students only.*,CSEN-PhD: Not Applicable; CSEN-MS: Not Applicable; CSEN-MSCPS: Not Applicable; NTEN-MSNE: Not Applicable. ; AINT-MSAI: Not Applicable*,Not Available*,,,,,
ROBO-6900*,Robotics Independent Study*,Provides credit for independent study for ROBO-MS and ROBO-PHD students. Repeatable for up to 6 total credit hours. Allows multiple enrollment in term.*,1-6*,"Department-controlled enrollment course, does not appear on Class Search*",Restricted to ROBO-MS and ROBO-PHD students only.*,CSEN-PhD: Not Applicable; CSEN-MS: Not Applicable; CSEN-MSCPS: Not Applicable; NTEN-MSNE: Not Applicable. ; AINT-MSAI: Not Applicable*,Not Available*,,,,,
ATLS-5610*,Startup Practicum*,"Presumes that entrepreneurism can be learned through the conception, build, and launch of an original product or service by student teams within a single semester. Immerses students in the daily leadership and innovation challenges of the startup environment and serves as a clinic in thinking, decision making and mental agility that will benefit any area of business--not just startups.*",6*,None available (FA24-FA26)*,Requisites: Restricted to graduate students only.*,CSEN-PhD: Not Applicable; CSEN-MS: Not Applicable; CSEN-MSCPS: Not Applicable; NTEN-MSNE: Not Applicable. ; AINT-MSAI: Not Applicable*,Not Available*,,,,,
CYBR-6950*,Master's Thesis*,Original and independent research conducted by a graduate student under the supervision of a faculty advisor. Formerly TLEN 6950.*,1-6*,None available (FA24-FA26)*,Requisites: Restricted to CYBR/TLEN graduate students.*,CSEN-PhD: Not Applicable; CSEN-MS: Not Applicable; CSEN-MSCPS: Not Applicable; NTEN-MSNE: Not Applicable. ; AINT-MSAI: Not Applicable*,Not Available*,,,,,
CYBR-8990*,Doctoral Dissertation*,Investigates specialized topic or field in the area of telecommunications. Approved and supervised by faculty members. Formerly TLEN 8990.*,1-10*,None available (FA24-FA26)*,Requisites: Restricted to CYBR/TLEN PhD students.*,CSEN-PhD: Not Applicable; CSEN-MS: Not Applicable; CSEN-MSCPS: Not Applicable; NTEN-MSNE: Not Applicable. ; AINT-MSAI: Not Applicable*,Not Available*,,,,,
DTSC-5020*,Introduction to Statistical Learning for Data Science*,"Introduction to statistical concepts, models, and algorithms of machine learning. Reviews supervised learning for regression, and introduces classification methods, discriminant analysis, resampling methods, classification and regression trees, random forests and associated tuning, diagnostics, and performance evaluation; also covers unsupervised learning for clustering and principal components analysis. Course uses R as the primary programming language.*",3*,None available (FA24-FA26)*,None*,CSEN-PhD: Not Applicable; CSEN-MS: Not Applicable; CSEN-MSCPS: Not Applicable; NTEN-MSNE: Not Applicable. ; AINT-MSAI: Not Applicable*,Not Available*,,,,,
CSCA-5113*,"Users, Permissions and Command Line Use*","Introduction to Linux/Unix system administration. Effectively using commands, shells and scripting. Managing local and remote user access to systems and file permissions.*",1*,The following courses are only available through CU Boulder on Coursera program offerings. Please refer to the Online Programs section of the catalog for more information.*,Only available through CU Boulder on Coursera program offerings. Please refer to the Online Programs section of the catalog for more information.*,CSEN-PhD: Not Applicable; CSEN-MS: Not Applicable; CSEN-MSCPS: Not Applicable; NTEN-MSNE: Not Applicable. ; AINT-MSAI: Not Applicable*,Not Available*,,,,,
CSCA-5028*,Applications of Software Architecture for Big Data*,"Intended for individuals who want to build a production-quality software system that leverages big data. Students will apply the basics of software engineering and architecture to create a production-ready distributed system that handles big data. Students will build and scale a large, data intensive, distributed system, composed of loosely coupled, highly cohesive data microservices. Equivalent - Duplicate Degree Credit Not Granted: DTSA 5714 *",1*,The following courses are only available through CU Boulder on Coursera program offerings. Please refer to the Online Programs section of the catalog for more information.*,Only available through CU Boulder on Coursera program offerings. Please refer to the Online Programs section of the catalog for more information.*,CSEN-PhD: Not Applicable; CSEN-MS: Not Applicable; CSEN-MSCPS: Not Applicable; NTEN-MSNE: Not Applicable. ; AINT-MSAI: Not Applicable*,Not Available*,,,,,
CSCA-5063*,Network Systems Foundation*,"In this course, students will learn the most important principles in network systems. This will center on the layered design of networks, and cover the link layer (Ethernet), network layer (IP), transport layer (TCP, UDP), and application layer (HTTP, gRPC). With those as a foundation, student will learn about network security problems and how some current solutions work at different layers. Equivalent - Duplicate Degree Credit Not Granted: ECEA 5370*",1*,The following courses are only available through CU Boulder on Coursera program offerings. Please refer to the Online Programs section of the catalog for more information.*,Only available through CU Boulder on Coursera program offerings. Please refer to the Online Programs section of the catalog for more information.*,CSEN-PhD: Not Applicable; CSEN-MS: Not Applicable; CSEN-MSCPS: Not Applicable; NTEN-MSNE: Not Applicable. ; AINT-MSAI: Not Applicable*,Not Available*,,,,,
CSCA-5073*,Network Principles in Practice: Linux Networking*,In this course students will learn how networking is designed and used in the Linux operating system. This will be learned in the context of networking principles and the application to real modern uses – building network operating systems (that power network appliances) and using Linux to support connectivity in modern containerized and virtualized applications (such as a Kubernetes network plugin). Equivalent - Duplicate Degree Credit Not Granted: ECEA 5371*,1*,The following courses are only available through CU Boulder on Coursera program offerings. Please refer to the Online Programs section of the catalog for more information.*,Only available through CU Boulder on Coursera program offerings. Please refer to the Online Programs section of the catalog for more information.*,CSEN-PhD: Not Applicable; CSEN-MS: Not Applicable; CSEN-MSCPS: Not Applicable; NTEN-MSNE: Not Applicable. ; AINT-MSAI: Not Applicable*,Not Available*,,,,,
CSCA-5083*,Network Principles in Practice: Cloud Networking*,"In this class, students will learn about the networking abstractions and services for building applications in the cloud, and the technology underlying cloud networking. Students will be able to architect complex applications in the cloud. In understanding how the cloud providers created their networks, students will be in a better position to troubleshoot applications and analyze different possible ways of architecting applications, and even help design the next generation of networking for cloud providers. Equivalent - Duplicate Degree Credit Not Granted: ECEA 5372*",1*,The following courses are only available through CU Boulder on Coursera program offerings. Please refer to the Online Programs section of the catalog for more information.*,Only available through CU Boulder on Coursera program offerings. Please refer to the Online Programs section of the catalog for more information.*,CSEN-PhD: Not Applicable; CSEN-MS: Not Applicable; CSEN-MSCPS: Not Applicable; NTEN-MSNE: Not Applicable. ; AINT-MSAI: Not Applicable*,Not Available*,,,,,
CSCA-5879*,"Emerging Topics in HCI: Designing for VR, AR, AI","Human-Computer Interaction (HCI) is rapidly moving beyond the standard graphical user interface that has long dominated how we engage with computers. In this final course in the specialization on Human-Computer Interaction (HCI), you will be introduced to emerging HCI topics like voice assistants, virtual and augmented reality, and embodied computing interfaces. Throughout the course, you will learn how to prototype and user test these emerging interfaces. Please note, to complete this course, you will need access to a computer or laptop, a camera or similar device (such as a webcam), and paper and pen/pencils.*",1*,The following courses are only available through CU Boulder on Coursera program offerings. Please refer to the Online Programs section of the catalog for more information.*,Only available through CU Boulder on Coursera program offerings. Please refer to the Online Programs section of the catalog for more information.*,CSEN-PhD: Not Applicable; CSEN-MS: Not Applicable; CSEN-MSCPS: Not Applicable; NTEN-MSNE: Not Applicable. ; AINT-MSAI: Not Applicable*,Not Available*,,,,,
CSCA-5702*,Fundamentals of Data Visualization*,"Explores the design, development, and evaluation of information visualizations. Combine aspects of design, computer graphics, HCI, and data science, to gain hands-on experience with creating visualizations, using exploratory tools, and architecting data narratives. Topics include user-centered design, web-based visualization, data cognition and perception, and design evaluation. Equivalent - Duplicate Degree Credit Not Granted: DTSA 5304*",1*,The following courses are only available through CU Boulder on Coursera program offerings. Please refer to the Online Programs section of the catalog for more information.*,Only available through CU Boulder on Coursera program offerings. Please refer to the Online Programs section of the catalog for more information.*,CSEN-PhD: Not Applicable; CSEN-MS: Not Applicable; CSEN-MSCPS: Not Applicable; NTEN-MSNE: Not Applicable. ; AINT-MSAI: Not Applicable*,Not Available*,,,,,
DTSC-5900*,Special Topics*,Examines a special topic in Data Science. May be repeated up to 21 total credit hours.*,3*,Use Search by Special Topics section for details*,Use Search by Special Topics section for details*,CSEN-PhD: Not Applicable; CSEN-MS: Not Applicable; CSEN-MSCPS: Not Applicable; NTEN-MSNE: Not Applicable. ; AINT-MSAI: Not Applicable*,Not Available*,,,,,
ROBO-8990*,Doctoral Dissertation*,Doctoral-level research conducted on a specialized topic in robotics and overseen by robotics faculty. Repeatable: Repeatable for up to 60.00 total credit hours. Allows multiple enrollment in term. *,1-10*,"Department-controlled enrollment course, does not appear on Class Search*",Restricted to ROBO-PHD students only.*,CSEN-PhD: Not Applicable; CSEN-MS: Not Applicable; CSEN-MSCPS: Not Applicable; NTEN-MSNE: Not Applicable. ; AINT-MSAI: Not Applicable*,Not Available*,,,,,
CSCA-5842*,Deep Learning for Natural Language Processing*,"Deep learning has revolutionized the field of natural language processing and led to many state-of-the-art results. This course introduces students to neural network models and training algorithms frequently used in natural language processing. At the end of this course, learners will be able to explain and implement feedforward networks, recurrent neural networks, convolutional neural networks, and transformers. They will also have an understanding of transfer learning, the paradigm behind popular models such as BERT and GPT-3. Equivalent - Duplicate Degree Credit Not Granted: DTSA 5748 *",1*,The following courses are only available through CU Boulder on Coursera program offerings. Please refer to the Online Programs section of the catalog for more information.*,Only available through CU Boulder on Coursera program offerings. Please refer to the Online Programs section of the catalog for more information.*,CSEN-PhD: Not Applicable; CSEN-MS: Not Applicable; CSEN-MSCPS: Not Applicable; NTEN-MSNE: Not Applicable. ; AINT-MSAI: Not Applicable*,Not Available*,,,,,
CSCA-5424*,Approximation Algorithms and Linear Programming*,Covers ideas surrounding approximation algorithms including a rigorous mathematical analysis of the approximation guarantees provided by these algorithms. Teaches the use of linear/integer programming formulations for common algorithmic problems and the relation between integer optimization problems and their linear programming relaxations. Introduces key mathematical concepts needed to analyze these algorithms and explores the application of algorithmic concepts to real-world problems.*,1*,The following courses are only available through CU Boulder on Coursera program offerings. Please refer to the Online Programs section of the catalog for more information.*,Only available through CU Boulder on Coursera program offerings. Please refer to the Online Programs section of the catalog for more information.*,CSEN-PhD: Not Applicable; CSEN-MS: Not Applicable; CSEN-MSCPS: Not Applicable; NTEN-MSNE: Not Applicable. ; AINT-MSAI: Not Applicable*,Not Available*,,,,,
CSCA-5454*,"Advanced Data Structures, RSA and Quantum Algorithms*",Covers advanced ideas in data structures such as B-Trees and Fibonacci heaps while presenting further applications of amortized analyses. Introduces number theoretic algorithms that form the basis of RSA public-key cryptography. Provides a brief introduction to quantum computing/algorithms by teaching the basics of quantum computation and two important examples of efficient quantum algorithms. Introduces key mathematical concepts needed to analyze these algorithms and explores the application of algorithmic concepts to real-world problems.*,1*,The following courses are only available through CU Boulder on Coursera program offerings. Please refer to the Online Programs section of the catalog for more information.*,Only available through CU Boulder on Coursera program offerings. Please refer to the Online Programs section of the catalog for more information.*,CSEN-PhD: Not Applicable; CSEN-MS: Not Applicable; CSEN-MSCPS: Not Applicable; NTEN-MSNE: Not Applicable. ; AINT-MSAI: Not Applicable*,Not Available*,,,,,
CSCA-5642*,Introduction to Deep Learning*,"Course will cover the basics of deep learning, such as multilayer perceptron, convolutional neural network, recurrent neural network, how to build and train neural network models, optimization methods, and application examples. Formerly offered as a special topics course. Equivalent - Duplicate Degree Credit Not Granted: DTSA 5511 *",1*,The following courses are only available through CU Boulder on Coursera program offerings. Please refer to the Online Programs section of the catalog for more information.*,Only available through CU Boulder on Coursera program offerings. Please refer to the Online Programs section of the catalog for more information.*,CSEN-PhD: Not Applicable; CSEN-MS: Not Applicable; CSEN-MSCPS: Not Applicable; NTEN-MSNE: Not Applicable. ; AINT-MSAI: Not Applicable*,Not Available*,,,,,
CSCA-5133*,Networking and Security*,"Configuring Linux/Unix networking, routing, network services and firewalls. Troubleshooting connectivity, analyzing and countering threat vectors, security in depth.*",1*,The following courses are only available through CU Boulder on Coursera program offerings. Please refer to the Online Programs section of the catalog for more information.*,Only available through CU Boulder on Coursera program offerings. Please refer to the Online Programs section of the catalog for more information.*,CSEN-PhD: Not Applicable; CSEN-MS: Not Applicable; CSEN-MSCPS: Not Applicable; NTEN-MSNE: Not Applicable. ; AINT-MSAI: Not Applicable*,Not Available*,,,,,
CSCA-5234*,Ethical Issues in Computing Applications*,"Computing systems and technologies fundamentally impact the lives of most people in the world, including how we communicate, get information, socialize, and receive healthcare. This course is the third of a three course sequence that examines ethical issues in the design and implementation of computing systems and technologies, and reflects upon the broad implication of computing on our society. It covers medical applications, uses of robotics, autonomous vehicles, and the future of work.*",1*,The following courses are only available through CU Boulder on Coursera program offerings. Please refer to the Online Programs section of the catalog for more information.*,Only available through CU Boulder on Coursera program offerings. Please refer to the Online Programs section of the catalog for more information.*,CSEN-PhD: Not Applicable; CSEN-MS: Not Applicable; CSEN-MSCPS: Not Applicable; NTEN-MSNE: Not Applicable. ; AINT-MSAI: Not Applicable*,Not Available*,,,,,
CSCA-5224*,Ethical Issues in AI and Professional Ethics*,"Computing systems and technologies fundamentally impact the lives of most people in the world, including how we communicate, get information, socialize, and receive healthcare. This course is the second of a three course sequence that examines ethical issues in the design and implementation of computing systems and technologies, and reflects upon the broad implication of computing on our society. It covers algorithmic bias in machine learning methods, professional ethics, and issues in the tech workplace.*",1*,The following courses are only available through CU Boulder on Coursera program offerings. Please refer to the Online Programs section of the catalog for more information.*,Only available through CU Boulder on Coursera program offerings. Please refer to the Online Programs section of the catalog for more information.*,CSEN-PhD: Not Applicable; CSEN-MS: Not Applicable; CSEN-MSCPS: Not Applicable; NTEN-MSNE: Not Applicable. ; AINT-MSAI: Not Applicable*,Not Available*,,,,,
CSCA-5214*,"Computing, Ethics, and Society Foundations*","Computing systems and technologies fundamentally impact the lives of most people in the world, including how we communicate, get information, socialize, and receive healthcare. This course is the first of a three course sequence that examines ethical issues in the design and implementation of computing systems and technologies, and reflects upon the broad implication of computing on our society. It covers ethical theories, privacy, security, social media, and misinformation.*",1*,The following courses are only available through CU Boulder on Coursera program offerings. Please refer to the Online Programs section of the catalog for more information.*,Only available through CU Boulder on Coursera program offerings. Please refer to the Online Programs section of the catalog for more information.*,CSEN-PhD: Not Applicable; CSEN-MS: Not Applicable; CSEN-MSCPS: Not Applicable; NTEN-MSNE: Not Applicable. ; AINT-MSAI: Not Applicable*,Not Available*,,,,,
CSCA-5342*,Robotic Path Planning and Task Execution*,"Building upon the courses “Basic Robotic Behaviors and Odometry” and “Robotic Mapping and Trajectory Generation”, students will learn how implement high-level reasoning for generating trajectories (path planning) and sequencing tasks under uncertainty of sensing and actuation. As a first cap stone in the robotics specialization, this course will also lead toward the implementation of a complex mobile manipulation system, combining behaviors, sensing, control and planning developed in previous modules.*",1*,The following courses are only available through CU Boulder on Coursera program offerings. Please refer to the Online Programs section of the catalog for more information.*,Only available through CU Boulder on Coursera program offerings. Please refer to the Online Programs section of the catalog for more information.*,CSEN-PhD: Not Applicable; CSEN-MS: Not Applicable; CSEN-MSCPS: Not Applicable; NTEN-MSNE: Not Applicable. ; AINT-MSAI: Not Applicable*,Not Available*,,,,,
CSCA-5332*,Robotic Mapping and Trajectory Generation*,"Building upon the course “Basic Robotic Behaviors and Odometry”, students will learn how to perform basic inverse kinematics of (non-)holonomic systems using a feedback control approach and how to process multi-dimensional sensor signals such as laser range scanners to create discrete representations of the environment (mapping). Also in this course, the overarching focus is mechanisms and sensors as sources of uncertainty and techniques to model and control for them.*",1*,The following courses are only available through CU Boulder on Coursera program offerings. Please refer to the Online Programs section of the catalog for more information.*,Only available through CU Boulder on Coursera program offerings. Please refer to the Online Programs section of the catalog for more information.*,CSEN-PhD: Not Applicable; CSEN-MS: Not Applicable; CSEN-MSCPS: Not Applicable; NTEN-MSNE: Not Applicable. ; AINT-MSAI: Not Applicable*,Not Available*,,,,,
DTSC-5840*,Independent Study*,Available only through approval of graduate advisor and faculty. Subjects arranged to fit the needs of the particular student. Repeatable: Repeatable for up to 6.0 total credit hours.*,1-3*,"(FA26) Steps for Registering for DTSC 5840: Independent Study: 1.) Find a Faculty Mentor-- Identify a research opportunity with a faculty member, either within or outside the Data Science program. 2.) Develop an Independent Study Plan-- Work with your faculty member to complete the independent study agreement form, outlining the goals and structure of your project. Both you and your faculty mentor must sign the form. 3.) Submit for Approval-- Email the signed agreement to your academic advisor for final approval and registration.*",None*,CSEN-PhD: Not Applicable; CSEN-MS: Not Applicable; CSEN-MSCPS: Not Applicable; NTEN-MSNE: Not Applicable. ; AINT-MSAI: Not Applicable*,Not Available*,,,,,
CSCA-5284*,AI Ethics and Policy*,"As artificial intelligence becomes more integrated into society, it is increasingly shaped by forms of regulation, including law, standards bodies, social norms, and even technical architecture. This course equips students to navigate the complex regulatory ecosystem with a focus on public policy. The course covers broad categories of legal frameworks worldwide, deep dives into specific legal obligations and complications such as data privacy and intellectual property, and examines emerging mandates aimed at societal protections for AI such as civil rights safeguards, safety standards, and labor and environmental concerns. Students will also learn to consider the role of regulation beyond law, including how market forces, architecture, and norms can steer the direction of technology. Through analyzing research and policy documents as well as current events, students will learn to identify emerging governance issues, critique proposed solutions, and design strategies for responsible AI development.*",1*,The following courses are only available through CU Boulder on Coursera program offerings. Please refer to the Online Programs section of the catalog for more information.*,Only available through CU Boulder on Coursera program offerings. Please refer to the Online Programs section of the catalog for more information.*,CSEN-PhD: Not Applicable; CSEN-MS: Not Applicable; CSEN-MSCPS: Not Applicable; NTEN-MSNE: Not Applicable. ; AINT-MSAI: Not Applicable*,Not Available*,,,,,
CSCA-5204*,Current Issues in Ethics and AI*,"Artificial intelligence, particularly with the introduction of generative AI, is fundamentally impacting a huge spectrum of human experience. This ranges from education to the vast majority of jobs and professions, to healthcare, media and entertainment, and much more. These rapid advances have been accompanied by a huge array of fundamental and greatly impactful ethical challenges, including bias and even hallucination in AI systems, where AI systems should and shouldn’t replace humans, and potential benefits and harms from various types of autonomous systems, and existential issues including the future of human work and the possibility of AI systems whose intelligence exceeds that of humans. This course provides students with a broad exposure to the ethical issues arising from AI, along with the experience and ethical tools to analyze them. It is intended to help students recognize and deal with these issues in their professional careers and their lives. It is based in good part on current research papers and is designed in a way that it can be kept current by refreshing the references it is based on. It can be taken as a standalone course or in conjunction with existing CU Boulder Coursera courses on ethics and computing and/or ethical issues in data science.*",1*,The following courses are only available through CU Boulder on Coursera program offerings. Please refer to the Online Programs section of the catalog for more information.*,Only available through CU Boulder on Coursera program offerings. Please refer to the Online Programs section of the catalog for more information.*,CSEN-PhD: Not Applicable; CSEN-MS: Not Applicable; CSEN-MSCPS: Not Applicable; NTEN-MSNE: Not Applicable. ; AINT-MSAI: Not Applicable*,Not Available*,,,,,
CSCA-5274*,AI Ethics and Society's Future*,"Artificial intelligence has the potential to rewrite many aspects of society, including what it means to work, create, learn, and connect. This course prepares learners to analyze the implications of these changes, anticipate future moves, and craft thoughtful responses. The course will cover topics around labor, including a historical perspective on how technology reshapes industries and what AI might mean for the future of work; the impact of AI on human creativity and notions of authorship; how AI could transform learning and education, and what risks those transformations might pose; companionship and social connection in the context of AI systems such as chatbots and social robots; and AI’s potential impacts on the environment. Learners will also engage with speculative methods, envisioning both near- and long-term AI trajectories and how we might design value-aligned pathways.*",1*,The following courses are only available through CU Boulder on Coursera program offerings. Please refer to the Online Programs section of the catalog for more information.*,Only available through CU Boulder on Coursera program offerings. Please refer to the Online Programs section of the catalog for more information.*,CSEN-PhD: Not Applicable; CSEN-MS: Not Applicable; CSEN-MSCPS: Not Applicable; NTEN-MSNE: Not Applicable. ; AINT-MSAI: Not Applicable*,Not Available*,,,,,
CSCA-5428*,Object-Oriented Analysis and Design: Foundations and Concepts*,"An applied analysis and design class that addresses the use of object-oriented techniques. Topics include domain modeling, use cases, architectural design and modeling notations. Students apply techniques in analysis and design projects. Focus is on key object-oriented elements and concepts.*",1*,The following courses are only available through CU Boulder on Coursera program offerings. Please refer to the Online Programs section of the catalog for more information.*,Only available through CU Boulder on Coursera program offerings. Please refer to the Online Programs section of the catalog for more information.*,CSEN-PhD: Not Applicable; CSEN-MS: Not Applicable; CSEN-MSCPS: Not Applicable; NTEN-MSNE: Not Applicable. ; AINT-MSAI: Not Applicable*,Not Available*,,,,,
CSCA-5438*,Object-Oriented Analysis and Design: Patterns and Principles*,"An applied analysis and design class that addresses the use of object-oriented techniques. Topics include domain modeling, use cases, architectural design and modeling notations. Students apply techniques in analysis and design projects. Focus is on key object-oriented design patterns and principles.*",1*,The following courses are only available through CU Boulder on Coursera program offerings. Please refer to the Online Programs section of the catalog for more information.*,Only available through CU Boulder on Coursera program offerings. Please refer to the Online Programs section of the catalog for more information.*,CSEN-PhD: Not Applicable; CSEN-MS: Not Applicable; CSEN-MSCPS: Not Applicable; NTEN-MSNE: Not Applicable. ; AINT-MSAI: Not Applicable*,Not Available*,,,,,
CSCA-5448*,Object-Oriented Analysis and Design: Practice and Architecture*,"An applied analysis and design class that addresses the use of object-oriented techniques. Topics include domain modeling, use cases, architectural design and modeling notations. Students apply techniques in analysis and design projects. Focus is on key object-oriented practices and architectural design.*",1*,The following courses are only available through CU Boulder on Coursera program offerings. Please refer to the Online Programs section of the catalog for more information.*,Only available through CU Boulder on Coursera program offerings. Please refer to the Online Programs section of the catalog for more information.*,CSEN-PhD: Not Applicable; CSEN-MS: Not Applicable; CSEN-MSCPS: Not Applicable; NTEN-MSNE: Not Applicable. ; AINT-MSAI: Not Applicable*,Not Available*,,,,,
ROBO-6930*,Robotics Internship*,Allows graduate students to receive academic credit for an internship experience in the field of robotics and adjacent disciplines. Students extensively document their internship and will be assessed over and above their basic internship responsibilities as appropriate for the learning outcomes of this course. Prior approval from the Robotics Program is required before students may enroll in this course.*,1-3*,"Department-controlled enrollment course, does not appear on Class Search*",Restricted to ROBO-MS and ROBO-PHD students only.*,CSEN-PhD: Not Applicable; CSEN-MS: Not Applicable; CSEN-MSCPS: Not Applicable; NTEN-MSNE: Not Applicable. ; AINT-MSAI: Not Applicable*,Not Available*,,,,,
CSCA-5852*,Model and Error Analysis for Natural Language Processing*," Understanding the performance of natural language processing models goes beyond simply computing measures like accuracy. In this course we will learn methods for analyzing the strengths and weaknesses of NLP systems, both neural and non-neural. We will also learn about problematic biases in NLP data and systems. Methods covered include standard benchmarks, qualitative error analysis, confusion matrices, contrastive and diagnostic evaluation, and probing experiments. Equivalent - Duplicate Degree Credit Not Granted: DTSA 5749 *",1*,The following courses are only available through CU Boulder on Coursera program offerings. Please refer to the Online Programs section of the catalog for more information.*,Only available through CU Boulder on Coursera program offerings. Please refer to the Online Programs section of the catalog for more information.*,CSEN-PhD: Not Applicable; CSEN-MS: Not Applicable; CSEN-MSCPS: Not Applicable; NTEN-MSNE: Not Applicable. ; AINT-MSAI: Not Applicable*,Not Available*,,,,,
CSCA-5322*,Deep Learning for Computer Vision*," This course introduces students to the core principles of neural networks and deep learning, focusing on their application in computer vision. Covering advanced CNN architectures like ResNet, Inception, and DenseNet, along with techniques in object detection (R-CNN, SSD, YOLO) and semantic segmentation (FCN, SegNet, U-Net), this course offers a comprehensive overview of theory and practical skills. Equivalent - Duplicate Degree Credit Not Granted: DTSA 5513*",1*,The following courses are only available through CU Boulder on Coursera program offerings. Please refer to the Online Programs section of the catalog for more information.*,Only available through CU Boulder on Coursera program offerings. Please refer to the Online Programs section of the catalog for more information.*,CSEN-PhD: Not Applicable; CSEN-MS: Not Applicable; CSEN-MSCPS: Not Applicable; NTEN-MSNE: Not Applicable. ; AINT-MSAI: Not Applicable*,Not Available*,,,,,
ATLS-7500*,ATLAS Graduate Research Methods*," The objective of this course is to provide a primer for key methodological approaches used in the field. Students will investigate a broad set of techniques for conducting theoretical, design, and experimental research. They will explore how to formulate and investigate research questions using these methods. Topics covered will include basic research ethics, research project design, approaches to constructing theory, research through design techniques, and methods for experimental study. Repeatable: Repeatable for up to 6.0 total credit hours. *",3*,(FA26) None*,None*,CSEN-PhD: Not Applicable; CSEN-MS: Not Applicable; CSEN-MSCPS: Not Applicable; NTEN-MSNE: Not Applicable. ; AINT-MSAI: Not Applicable*,Not Available*,,,,,
ATLS-6900*,Professional Internship*, The objective of this course is for students to receive academic credit for internships with industry partners that have an academic component to them suitable for graduate-level work. Participation in the program will consist of an internship agreement between a student and an industry partner who will employ the student in a role that supports the academic goals of the internship. Instructor participation will include facilitation of mid-term and final assessments of student performance as well as support for any academic-related issues that may arise during the internship period. Repeatable: Repeatable for up to 3.0 total credit hours. *,1-3*,(FA26) This class will be taught online and delivered asynchronously which means there are not scheduled days and times. Instructor may determine pacing and deadlines for coursework completion. See course syllabus for more information.*,None*,CSEN-PhD: Not Applicable; CSEN-MS: Not Applicable; CSEN-MSCPS: Not Applicable; NTEN-MSNE: Not Applicable. ; AINT-MSAI: Not Applicable*,Not Available*,,,,,
CSCA-5832*,Fundamentals of Natural Language Processing*," The field of natural language processing aims at getting computers to perform useful and interesting tasks with human language. This course introduces students to the fundamental problems in NLP, the fundamental techniques that are used to solve those problems and lays the foundation for understanding state-of-art methods. At the end of the course, students will be able to implement and analyze text classifiers, sequence labelers, discrete probabilistic models, and vector-based approaches to word meaning. Equivalent - Duplicate Degree Credit Not Granted: DTSA 5747 *",1*,The following courses are only available through CU Boulder on Coursera program offerings. Please refer to the Online Programs section of the catalog for more information.*,Only available through CU Boulder on Coursera program offerings. Please refer to the Online Programs section of the catalog for more information.*,CSEN-PhD: Not Applicable; CSEN-MS: Not Applicable; CSEN-MSCPS: Not Applicable; NTEN-MSNE: Not Applicable. ; AINT-MSAI: Not Applicable*,Not Available*,,,,,
ATLS-5900*,Masters Level Independent Study*, Provides opportunities for independent study and research at the Masters level. Students work on research project guided by faculty. Repeatable: Repeatable for up to 6.0 total credit hours. Allows multiple enrollment in term. *,1-6*,(FA26) None*,Requisites: Restricted to graduate students only.*,CSEN-PhD: Not Applicable; CSEN-MS: Not Applicable; CSEN-MSCPS: Not Applicable; NTEN-MSNE: Not Applicable. ; AINT-MSAI: Not Applicable*,Not Available*,,,,,
ATLS-7900*,Doctoral Level Independent Study*, Provides opportunities for independent study and research at the Doctoral level. Students perform independent research under faculty supervision. Repeatable: Repeatable for up to 6.0 total credit hours. Allows multiple enrollment in term. *,1-6*,(FA26) None*,Requisites: Restricted to Atlas (ATLS) graduate students only.*,CSEN-PhD: Not Applicable; CSEN-MS: Not Applicable; CSEN-MSCPS: Not Applicable; NTEN-MSNE: Not Applicable. ; AINT-MSAI: Not Applicable*,Not Available*,,,,,
CSCA-5312*,Basic Robotic Behaviors and Odometry*," Introduction to autonomous mobile robots, including forward kinematics (“odometry”), basic sensors and actuator, and simple reactive behavior. The course is centered around two laboratory exercises in the realistic, physics-based simulator “Webots” in which students will experiment with simple reactive behaviors for collision avoidance and line following, state machines, and basic forward kinematics of non-holonomic systems. An overarching objective of this course is to understand the role of the physical system on algorithm design and its role as source of uncertainty that makes robots non-deterministic.*",1*,The following courses are only available through CU Boulder on Coursera program offerings. Please refer to the Online Programs section of the catalog for more information.*,Only available through CU Boulder on Coursera program offerings. Please refer to the Online Programs section of the catalog for more information.*,CSEN-PhD: Not Applicable; CSEN-MS: Not Applicable; CSEN-MSCPS: Not Applicable; NTEN-MSNE: Not Applicable. ; AINT-MSAI: Not Applicable*,Not Available*,,,,,
CSCA-5008*,Fundamentals of Software Architecture for Big Data*," Intended for individuals looking to understand the basics of software engineering as they relate to building large software systems that leverage big data. Students will be introduced to software engineering concepts necessary to build and scale large, data intensive, distributed systems. Starting with software engineering best practices and loosely coupled, highly cohesive data microservices, the course takes students through the evolution of a distributed system over time. Formerly offered as a special topics course. Equivalent - Duplicate Degree Credit Not Granted: DTSA 5507 *",1*,The following courses are only available through CU Boulder on Coursera program offerings. Please refer to the Online Programs section of the catalog for more information.*,Only available through CU Boulder on Coursera program offerings. Please refer to the Online Programs section of the catalog for more information.*,CSEN-PhD: Not Applicable; CSEN-MS: Not Applicable; CSEN-MSCPS: Not Applicable; NTEN-MSNE: Not Applicable. ; AINT-MSAI: Not Applicable*,Not Available*,,,,,
CSCA-5018*,Software Architecture Patterns for Big Data*," Intended for individuals looking to understand the architecture patterns necessary to take large software systems that leverage big data to production. Students will transform big data prototypes into high quality tested production software. After measuring the performance characteristics of distributed systems, they will identify trouble areas and implement scalable solutions to improve performance. Upon completion of the course they will know how to scale production datastores to perform under load, designing load tests to ensure applications meet performance requirements. Formerly offered as a special topics course. Equivalent - Duplicate Degree Credit Not Granted: DTSA 5508 *",1*,The following courses are only available through CU Boulder on Coursera program offerings. Please refer to the Online Programs section of the catalog for more information.*,Only available through CU Boulder on Coursera program offerings. Please refer to the Online Programs section of the catalog for more information.*,CSEN-PhD: Not Applicable; CSEN-MS: Not Applicable; CSEN-MSCPS: Not Applicable; NTEN-MSNE: Not Applicable. ; AINT-MSAI: Not Applicable*,Not Available*,,,,,
CSCA-5323*,Security and Ethical Hacking: Attacking Web and AI Systems*," In this last course of the sequence, students will learn how web application and server attacks are conducted against a variety of web technologies and frameworks. In addition, we will introduce the topic of Adversarial Machine Learning and attacks in the Artifical Intelligence domain, including Language Model systems. Students will gain an elementary understanding of the science and techniques behind these attacks, with an appropriate introduction to the AI world. Course assessments are through quizzes, hands-on exercises and an exam. Equivalent - Duplicate Degree Credit Not Granted: DTSA 5739*",1*,The following courses are only available through CU Boulder on Coursera program offerings. Please refer to the Online Programs section of the catalog for more information.*,Only available through CU Boulder on Coursera program offerings. Please refer to the Online Programs section of the catalog for more information.*,CSEN-PhD: Not Applicable; CSEN-MS: Not Applicable; CSEN-MSCPS: Not Applicable; NTEN-MSNE: Not Applicable. ; AINT-MSAI: Not Applicable*,Not Available*,,,,,
ATLS-8990*,Doctoral Dissertation*, Approved research conducted under the supervision of members of the graduate faculty. Investigates some specialized topic or field in the area of interdisciplinary information and communication technology. All doctoral students must register for at least 30 hours of dissertation credit as part of the requirement for the ATLAS doctoral degree. Repeatable: Repeatable for up to 30.0 total credit hours.*,1-10*,(FA26) None*,Requisites: Restricted to Atlas (ATLS) graduate students only.*,CSEN-PhD: Not Applicable; CSEN-MS: Not Applicable; CSEN-MSCPS: Not Applicable; NTEN-MSNE: Not Applicable. ; AINT-MSAI: Not Applicable*,Not Available*,,,,,
ROBO-5009*,Robotics Seminar*,"Covers new and innovative topics in the robotics field through presentations by leading researchers, faculty, and current graduate students. Students will practice professional presentation skills and learn proper etiquette for participation in scientific research talks. Repeatable: Repeatable for up to 3.0 total credit hours. *",1*,(FA26) None*,Restricted to graduate students only.*,CSEN-PhD: Not Applicable; CSEN-MS: Professional Development Requirement; CSEN-MSCPS: Not Applicable; NTEN-MSNE: Not Applicable. ; AINT-MSAI: Not Applicable*,Not Available*,,,,,
CSCI-5100*,Computer Science Colloquium*,Learn about innovative research and teaching in computer science by attending talks and discussions by leading researchers and educators. Learn professional presentation skills and etiquette of participating in scientific research presentations. Students can attend during any term even if they are not enrolled.Repeatable: Repeatable for up to 2.0 total credit hours. *,1*,"(SP26) This class will be held in the Computer Science Colloquium room, ECCR 265. Can be taken 2 times for credit. Students can attend any term even if they are not enrolled*",Restricted to Computer Science (CSCI) MS students only*,CSEN-PhD: Not Applicable; CSEN-MS: Professional Development sequence; CSEN-MSCPS: Not Applicable; NTEN-MSNE: Not Applicable ; AINT-MSAI: Not Applicable*,Not Available*,,,,,
CSCI-7000-2261-801*,[Intro to Research Based MS]*,This course is the second course in the Intro to Research Based MS series.*,1*,(SP26): None*,Restricted to graduate students only. CSCI 5000 is a pre-requisite for this course. Please submit a petition found on https://www.colorado.edu/cs/students/graduate-students/forms-policies for enrollment into this course*,CSEN-PhD: Not Applicable; CSEN-MS: Professional Development; CSEN-MSCPS: Not Applicable; NTEN-MSNE: Not Applicable ; AINT-MSAI: Not Applicable*,Not Available*,,,,,
CSCI-5000*,Introduction to the Computer Science Research-Based MS Program*,"Instructs new research-based MS students in Computer Science how to become an effective member in terms of research, teaching, and presentation, and potentially advancing to the PhD program. Makes students aware of formal requirements, educational objectives, and research themes. Provides evaluative criteria and guidelines for all objectives to be achieved.*",1*,"(FA26) Restricted to CS MS students. This class will not meet on Friday, Dec 4, 2026.*",Restricted to Computer Science (CSCI) MS students only.*,CSEN-PhD: Not Applicable; CSEN-MS: Professional Development; CSEN-MSCPS: Not Applicable; NTEN-MSNE: Not Applicable ; AINT-MSAI: Not Applicable*,Not Available*,,,,,
CSCI-6940*,Master's Candidate for Degree*,"Registration intended for students preparing for a thesis defense, final examination, culminating activity, or completion of degree.*",1*,"Department-controlled enrollment course, does not appear on Class Search*",Restricted to Computer Science (CSEN) graduate students or Computer Science Concurrent Degree majors only.*,CSEN-PhD: Not Applicable; CSEN-MS: Research requirement; CSEN-MSCPS: Not Applicable; NTEN-MSNE: Not Applicable ; AINT-MSAI: Not Applicable*,Not Available*,,,,,
CSCI-6950*,Master's Thesis*,Registration intended for Master's students preparing a thesis. Repeatable: Repeatable for up to 50.0 total credit hours. *,1-6*,"Department-controlled enrollment course, does not appear on Class Search*",Restricted to Computer Science (CSEN) graduate students or Computer Science Concurrent Degree majors only.*,CSEN-PhD: Not Applicable; CSEN-MS: Research requirement; CSEN-MSCPS: Not Applicable; NTEN-MSNE: Not Applicable ; AINT-MSAI: Not Applicable*,Not Available*,,,,,
CSCI-5900*,Master's Level Independent Study*,Provides opportunities for independent study at the master's level. Repeatable: Repeatable for up to 6.0 total credit hours. Allows multiple enrollment in term.*,1-6*,"Department-controlled enrollment course, does not appear on Class Search*",Restricted to Computer Science (CSEN) graduate students or Computer Science Concurrent Degree majors only*,CSEN-PhD: Not Applicable; CSEN-MS: Research requirement; CSEN-MSCPS: Not Applicable; NTEN-MSNE: Not Applicable ; AINT-MSAI: Not Applicable*,Not Available*,,,,,
ATLS-5519-2261-040*,[B2 Collaboratory]*,"B2 Collaboratory engages students in hands-on, practice-based experiences with the art and technology of the BlackBox Experimental Theater, Studio Lab 1, and other studio spaces. The course follows a bi-weekly meeting schedule that introduces students to four intersecting technological domains: interactive lighting, spatial sound, projection mapping, and motion capture. Through collaboration with classes within ATLAS, other departments, and the artistic residency program, students will learn and develop the skills to activate the hardware, software, and programming techniques to actualize concrete projects that explore the multimodal, interactive, and immersive potential of the B2 studios. Leveraging this practical experience, students will have the opportunity to create and present a short final intermedia project within the B2 Center for Media, Art, and Performance.*",0*,"This class has a required LAB section. LEC (040): Class location: SL1 of B2. Please contact Brad Gallagher (jonathan.gallagher@colorado.edu) if you wish to enroll.  This class will have its last meeting day on Friday, April 24, 2026. LAB (041): This class will not meet on Friday, April 24, 2026.*",Restricted to graduate students only.*,CSEN-PhD: Not Applicable; CSEN-MS: Research requirement; CSEN-MSCPS: Not Applicable; NTEN-MSNE: Not Applicable ; AINT-MSAI: Not Applicable*,Not Available*,,,,,
ATLS-5519-2251-024*,[Become Job Ready]*,"This 5-week class will help you understand what drives you (e.g., values), what you are good at (e.g., your strengths), and how those translate into a job that will be fulfilling to you. This class will focus on practical skills like identifying target roles, building a resume, approaching networking conversations, and succeeding in interviewing.*",1-3*,"This is a special session class with start and end dates that differ from full-semester classes. The corresponding add, drop and withdrawal dates also differ from full-semester classes--please see the special session calendar for specific information: https://www.colorado.edu/registrar/students/registration/special-sessions*",Restricted to graduate students only.,"CSEN-PhD: Professional Development [1-2hr], Depth [3hr]; CSEN-MS: Professional Development [1hr],  Elective [3hr]; CSEN-MSCPS: Not Applicable [1hr],  Elective [3hr]; NTEN-MSNE: Not Applicable [1hr],  Elective [3hr] ; AINT-MSAI: Elective [3hr], Not Applicable [1-2hr]*",Not Available*,,,,,
ATLS-5519-2267-002*,[Whaaat!? Lab Studio]*,"The Whaaat!? Lab is an ATLAS Institute studio dedicated to the exploration of experimental games and playful interactions. Members of the lab develop award-winning alternative control games, explore novel forms of interactivity, and host the eponymous Whaaat!? Festival, which will celebrate its 8th year this Fall. In this weekly studio course, students will join lab director Danny Rankin to plan and execute the 2025 Whaaat!? Festival, as well as carry out a host of experiments in the world of weird games, alternative controls, interactive environments, and artistic fabrication. Students will be asked to identify their own strengths and interests, and to pitch projects to the studio team for potential development. *",1*,"This is a special session class with start and end dates that differ from full-semester classes. The corresponding add, drop and withdrawal dates also differ from full-semester classes--please see the special session calendar for specific information: https://www.colorado.edu/registrar/students/registration/special-sessions*","Restricted to graduate students only. Recommended: There are no prerequisites aside from motivation and curiosity, although some background with design software, programming, and/or fabrication will likely prove helpful.*","CSEN-PhD: Professional Development [1-2hr], Depth [3hr]; CSEN-MS: Professional Development [1hr],  Elective [3hr]; CSEN-MSCPS: Not Applicable; NTEN-MSNE: Not Applicable ; AINT-MSAI: Not Applicable*",Not Available*,,,,,
ATLS-5519-2267-801*,[Brain-Body Music Interfaces]*,None*,1*,Brain Music Lab. Please email grace@colorado.edu to request enrollment. Class location: Brain Music Lab.*,"Restricted to graduate students only. Recommended: There are no prerequisites aside from motivation and curiosity, although some background with design software, programming, and/or fabrication will likely prove helpful.*","CSEN-PhD: Professional Development [1-2hr], Depth [3hr]; CSEN-MS: Professional Development [1hr],  Elective [3hr]; CSEN-MSCPS: Not Applicable; NTEN-MSNE: Not Applicable ; AINT-MSAI: Not Applicable*",Not Available*,,,,,
CSCI-6644*,Theory of Computing Reading Group*,"Exposition of key results in major areas of Theory of Computing presented by graduate students. The topics are selected every semester by voting. Examples of topics from previous semesters include: Hardness of Approximation and PCPs, Unique Games Conjecture, and Optimal Inapproximability Results for Max Cut. Previously offered as a special topics course. Repeatable: Repeatable for up to 3.0 total credit hours. *",1*,None available (FA24-FA26)*,Restricted to graduate students only. Recommended: Prerequisites Graduate-level courses in Algorithms and Complexity Theory.*,"CSEN-PhD: Professional Development [1-2hr], Depth [3hr]; CSEN-MS: Professional Development [1hr],  Elective [3hr]; CSEN-MSCPS: Not Applicable; NTEN-MSNE: Not Applicable ; AINT-MSAI: Not Applicable*",Not Available*,,,,,
CSCI-7772*,Topics in Cognitive Science*,Reading of interdisciplinary innovative theories and methodologies of cognitive science. Students participate in the ICS Distinguished Speakers series that hosts internationally recognized cognitive scientists who share and discuss their current research. Session discussions include analysis of leading edge and controversial new approaches in cognitive science. Equivalent - Duplicate Degree Credit Not Granted: EDUC 7775 and LING 7775 and PHIL 7810 and PSYC 7775 and SLHS 7775. Repeatable: Repeatable for up to 4.0 total credit hours.*,1*,"(FA26) Until open enrollment date, registration is restricted to Computer Science graduate students only. Non-CS students can waitlist before that date. The waitlist for this class is automatically re-sequenced to allow first priority to CS PhD students and second priority to CS masters students. Student may be dropped from course for non-attendance. This class will not meet on Friday, Dec 4, 2026.*",Restricted to graduate student only.*,CSEN-PhD: Professional Development [1-2hr]; CSEN-MS: Professional Development [1hr]; CSEN-MSCPS: Not Applicable; NTEN-MSNE: Not Applicable ; AINT-MSAI: Not Applicable*,Not Available*,,,,,
ROBO-7000*,Special Topics in Robotics*,Course material will cover current topics of interest in robotics. Repeatable: Repeatable for up to 18.00 total credit hours. Allows multiple enrollment in term.*,1-4*,Depends on section*,Restricted to graduate students in the College of Engineering*,"CSEN-PhD: Professional Development [1-2hr]; Depth [3-4hr]; CSEN-MS: Professional Development [1hr]; Elective [3-4hr]; CSEN-MSCPS: Not Applicable [1-2hr];  Elective [3-4hr]; NTEN-MSNE: Not Applicable [1-2hr]; Elective [3-4hr]. Unless there is a cross-listed section of CSCI 7000 that meets with the relevant ROBO 7000 section, the course will count against the non-CS course limit for CS degree programs. ; AINT-MSAI: Elective [3-4hr], Not Applicable [1-2hr]*",Not Available*,,,,,
ATLS-5519*,Advanced Topics*,Analyzes special interest areas of multidisciplinary creative technologies and design research and practice. Repeatable: Repeatable for up to 9.00 total credit hours. Allows multiple enrollment in term*,1-3*,Depends on section*,Requisites: Restricted to graduate students only.*,"CSEN-PhD: Professional Development [1hr], Depth [3hr]; CSEN-MS: Professional Development [1hr], Elective [3hr];  CSEN-MSCPS: Elective [3hr], Not Applicable [1hr]; NTEN-MSNE: Elective [3hr], Not Applicable [1hr] ; AINT-MSAI: Elective [3hr], Not Applicable [1hr]*",Not Available*,,,,,
ATLS-5529*,Advanced Critical Topics*,"Analyzes critical perspectives in technology, art and media. Within these courses, students will develop vocabularies, theoretical perspectives and critical approaches relevant to technology and its effects on culture and society. Equivalent - Duplicate Degree Credit Not Granted: ATLS 4529. Repeatable: Repeatable for up to 9.00 total credit hours. Allows multiple enrollment in term.*",1-3*,Depends on section*,Requisites: Restricted to graduate students only.*,"CSEN-PhD: Professional Development [1hr], Depth [3hr]; CSEN-MS: Professional Development [1hr], Elective [3hr];  CSEN-MSCPS: Elective [3hr], Not Applicable [1hr]; NTEN-MSNE: Elective [3hr], Not Applicable [1hr] ; AINT-MSAI: Elective [3hr], Not Applicable [1hr]*",Not Available*,,,,,
ATLS-6519*,Advanced Special Topics in Creative Technology and Design*, Analyzes special interest areas of multidisciplinary in creative technology and design research and practice. Repeatable: Repeatable for up to 9.0 total credit hours. Allows multiple enrollment in term.*,1-3*,Depends on section*,Requisites: Restricted to graduate students only.*,"CSEN-PhD: Professional Development [1hr], Depth [3hr]; CSEN-MS: Professional Development [1hr], Elective [3hr];  CSEN-MSCPS: Elective [3hr], Not Applicable [1hr]; NTEN-MSNE: Elective [3hr], Not Applicable [1hr] ; AINT-MSAI: Elective [3hr], Not Applicable [1hr]*",Not Available*,,,,,
CSCI-7135*,Topics in Programming Languages*,"Topics selected by instructor. Possible topics are syntax, semantics, metacompilers, compiler design, and translator writing systems. Department consent required. Repeatable: Repeatable for up to 6.0 total credit hours. Allows multiple enrollment in term. *",1-3*,(FA25) The waitlist for this class is automatically re-sequenced to allow first priority to CS PhD students and second priority to CS masters students. Student may be dropped from course for non-attendance.*,Restricted to graduate students only. Department consent required.*,"CSEN-PhD: Professional Development [1hr], Depth [3hr]; CSEN-MS: Professional Development [1hr], Elective [3hr]; CSEN-MSCPS: Not Applicable [1-2hr], Elective [3hr]; NTEN-MSNE: Not Applicable [1-2hr], Elective [3hr] ; AINT-MSAI: Elective [3hr], Not Applicable [1-2hr]*",Not Available*,,,,,
CSCI-5802*,Data Science Team Companion Course*," Gives students hands-on experience applying data science techniques and machine learning algorithms to real-world problems. Students work in small teams on internal challenges, many of which will be sponsored by local companies and organizations and will represent the university in larger teams for external challenges at the national and global level, such as those hosted by Kaggle. Students will be expected to participate in both internal and external challenges, attend meetings and present short presentations to the group when appropriate. Instructor consent required. Equivalent - Duplicate Degree Credit Not Granted: CSCI 4802. Repeatable: Repeatable for up to 4.0 total credit hours.*","1, 3*","(SP26-001) Until open enrollment date, registration is restricted to Computer Science graduate students only. Non-CS students can waitlist before that date. The waitlist for this class is automatically re-sequenced to allow first priority to CS PhD students and second priority to CS masters students. Student may be dropped from course for non-attendance. (SP26-003) This section is for students who want to take the three-credit version of CSCI 5802 this spring. Three-credits requires attendance on both Tuesday and Thursday each week.Until open enrollment date, registration is restricted to Computer Science graduate students only. Non-CS students can waitlist before that date. The waitlist for this class is automatically re-sequenced to allow first priority to CS PhD students and second priority to CS masters students. Student may be dropped from course for non-attendance.*",Restricted to graduate students only. Instructor consent required.*,"CSEN-PhD: Professional Development [1hr], Elective [3hr]; CSEN-MS: Professional Development [1hr], Elective [3hr];  CSEN-MSCPS: Elective [3hr], Not Applicable [1hr]; NTEN-MSNE: Elective [3hr], Not Applicable [1hr] ; AINT-MSAI: Elective [3hr], Not Applicable [1hr]*",Not Available*,,,,,
CSCI-7314*,Seminar on Algorithmic Economics and Machine Learning*,"Current research topics in algorithms economics, algorithmic game theory, and theoretical machine learning. Repeatable: Repeatable for up to 40.0 total credit hours.*",1*,"(FA26) Student may be dropped from course for non-attendance. This class will not meet on Friday, Dec 4, 2026.*",Restricted to graduate students only.*,CSEN-PhD: Professional Development [1hr]; CSEN-MS: Professional Development [1hr]; CSEN-MSCPS: Not Applicable [1hr]; NTEN-MSNE: Not Applicable [1hr] ; AINT-MSAI: Depth*,Not Available*,,,,,
ATLS-5519-2257-021*,[Spatial Sound]*,"This one-credit course introduces students to the hardware, software, and networking infrastructure underlying B2’s multi-channel sound capabilities. Students will learn about the 40.4 speaker system and the 5.1 Myers system in the Black Box, and the 7.1 speaker system in SL1. Students will gain experience using and understanding Dante networked audio and how to route audio inputs and outputs over the network. Students will also gain an understanding of encoded spatial audio models such as Ambisonics and Binaural audio. This course will cover using Max/MSP, Ableton, and Reaper as platforms to develop multi-channel audio compositions*",1*,"Class location: 2B25 in B2 Studios. This is a special session class with start and end dates that differ from full-semester classes. The corresponding add, drop and withdrawal dates also differ from full-semester classes--please see the special session calendar for specific information: https://www.colorado.edu/registrar/students/cu-boulder-on-coursera. This course will include an additional 70 minutes of instructional time outside of the listed class time*",Restricted to graduate students only.*,CSEN-PhD: Professional Development [1hr]; CSEN-MS: Professional Development [1hr]; CSEN-MSCPS: Not Applicable [1hr]; NTEN-MSNE: Not Applicable [1hr] ; AINT-MSAI: Not Applicable*,Not Available*,,,,,
ATLS-5519-2257-022*,[Projection Mapping]*,"This one-credit course introduces students to the hardware, software, and networking infrastructure underlying B2’s Large-Format Projection. Students will learn how to use Resolume Arena and Mad Mapper to create large multi-projector surfaces and map projections to more complex geometries. They will also learn how graphics cards (GPUs), stand-alone display controllers, and multiple projectors work together to create complex large-format projections and projection mappings*",1*,"Class location: 2B25 in B2 Studios.This is a special session class with start and end dates that differ from full-semester classes. The corresponding add, drop and withdrawal dates also differ from full-semester classes--please see the special session calendar for specific information: https://www.colorado.edu/registrar/students/cu-boulder-on-coursera*",Restricted to graduate students only.*,CSEN-PhD: Professional Development [1hr]; CSEN-MS: Professional Development [1hr]; CSEN-MSCPS: Not Applicable [1hr]; NTEN-MSNE: Not Applicable [1hr] ; AINT-MSAI: Not Applicable*,Not Available*,,,,,
ATLS-5519-2257-008*,[Become Job Ready]*,"This 7-week class will help you understand what drives you (e.g., values), what you are good at (e.g., your strengths), and how those translate into a job that will be fulfilling to you. This class will focus on practical skills like identifying target roles, building a resume, approaching networking conversations, and succeeding in interviewing.*",1*,"This is a special session class with start and end dates that differ from full-semester classes. The corresponding add, drop and withdrawal dates also differ from full-semester classes--please see the special session calendar for specific information: https://www.colorado.edu/registrar/students/registration/special-sessions*",Restricted to graduate students only.*,CSEN-PhD: Professional Development [1hr]; CSEN-MS: Professional Development [1hr]; CSEN-MSCPS: Not Applicable [1hr]; NTEN-MSNE: Not Applicable [1hr] ; AINT-MSAI: Not Applicable*,Not Available*,,,,,
ATLS-5519-2257-010*,[Become Job Ready]*,"This 7-week class will help you understand what drives you (e.g., values), what you are good at (e.g., your strengths), and how those translate into a job that will be fulfilling to you. This class will focus on practical skills like identifying target roles, building a resume, approaching networking conversations, and succeeding in interviewing.*",1*,"This is a special session class with start and end dates that differ from full-semester classes. The corresponding add, drop and withdrawal dates also differ from full-semester classes--please see the special session calendar for specific information: https://www.colorado.edu/registrar/students/registration/special-sessions*",Restricted to graduate students only.*,CSEN-PhD: Professional Development [1hr]; CSEN-MS: Professional Development [1hr]; CSEN-MSCPS: Not Applicable [1hr]; NTEN-MSNE: Not Applicable [1hr] ; AINT-MSAI: Not Applicable*,Not Available*,,,,,
ATLS-5519-2261-004*,[Become Job Ready]*,"This 7-week class will help you understand what drives you (e.g., values), what you are good at (e.g., your strengths), and how those translate into a job that will be fulfilling to you. This class will focus on practical skills like identifying target roles, building a resume, approaching networking conversations, and succeeding in interviewing.*",1*,"This is a special session class with start and end dates that differ from full-semester classes. The corresponding add, drop and withdrawal dates also differ from full-semester classes--please see the special session calendar for specific information: https://www.colorado.edu/registrar/students/registration/special-sessions*",Restricted to graduate students only.*,CSEN-PhD: Professional Development [1hr]; CSEN-MS: Professional Development [1hr]; CSEN-MSCPS: Not Applicable [1hr]; NTEN-MSNE: Not Applicable [1hr] ; AINT-MSAI: Not Applicable*,Not Available*,,,,,
ATLS-5519-2261-008*,[Become Job Ready]*,"This 7-week class will help you understand what drives you (e.g., values), what you are good at (e.g., your strengths), and how those translate into a job that will be fulfilling to you. This class will focus on practical skills like identifying target roles, building a resume, approaching networking conversations, and succeeding in interviewing.*",1*,"This is a special session class with start and end dates that differ from full-semester classes. The corresponding add, drop and withdrawal dates also differ from full-semester classes--please see the special session calendar for specific information: https://www.colorado.edu/registrar/students/registration/special-sessions*",Restricted to graduate students only.*,CSEN-PhD: Professional Development [1hr]; CSEN-MS: Professional Development [1hr]; CSEN-MSCPS: Not Applicable [1hr]; NTEN-MSNE: Not Applicable [1hr] ; AINT-MSAI: Not Applicable*,Not Available*,,,,,
CSCI-6810*,Seminar in Computational Biology*,"Provides an overview of current research topics in computational biology and health informatics, with a focus on research conducted on campus. Each week students will attend an on-campus seminar or a presentation by an on-campus research group. Prepares students to participate in a research project. Equivalent - Duplicate Degree Credit Not Granted: CSCI 4810 *",1*,None available (FA24-FA26)*,None*,CSEN-PhD: Professional Development [1hr]; CSEN-MS: Professional Development [1hr]; CSEN-MSCPS: Not Applicable [1hr]; NTEN-MSNE: Not Applicable [1hr] ; AINT-MSAI: Not Applicable*,Not Available*,,,,,
ATLS-5519-2257-011*,[How To: Pedagogy 1]*,"A seminar course for first-time and returning LAs and TAs. Helps prepare students for a leadership role in an “active learning” classroom. The more you know about learning, the better prepared you will be to diagnose and solve teaching/learning problems. This class will introduce you to teaching and learning principles that will be valuable when assisting instructors and students as an LA/TA. This class will also address skills such as coaching learners, facilitating discussion, providing feedback, and evaluating work; issues of academic integrity and supportive environments for learning; and information technologies used for both managing courses and increasing engagement and learning. Students will engage in peer mentorship and observation to deepen their teaching acumen and apply course concepts in real-world classroom settings.*",1*,"This is a special session class with start and end dates that differ from full-semester classes. The corresponding add, drop and withdrawal dates also differ from full-semester classes--please see the special session calendar for specific information: https://www.colorado.edu/registrar/students/cu-boulder-on-coursera*",Restricted to graduate students only.*,CSEN-PhD: Professional Development [1hr]; CSEN-MS: Professional Development [1hr]; CSEN-MSCPS: Not Applicable [1hr]; NTEN-MSNE: Not Applicable [1hr] ; AINT-MSAI: Not Applicable*,Not Available*,,,,,
CSCI-7114*,Seminar in Algorithms and Computational Complexity*,Research-level topics in algorithms and computational complexity that are not covered in standard courses and often not covered in textbooks. Repeatable: Repeatable for up to 40.0 total credit hours. *,1*,"(SP26) This class will be taught synchronously as a remote section, which means classes will be held virtually during the days and times listed. The waitlist for this class is automatically re-sequenced to allow first priority to CS PhD students and second priority to CS masters students.*","Restricted to graduate students only. Recommended: Prerequisite Algorithms (or Advanced Algorithms or similar) and one course in complexity theory (Theory of Computation, Computational Complexity, or Practical Algorithmic Complexity).*",CSEN-PhD: Professional Development [1hr];CSEN-MS: Professional Development [1hr];  CSEN-MSCPS: Not Applicable [1hr]; NTEN-MSNE: Not Applicable [1hr] ; AINT-MSAI: Not Applicable*,Not Available*,,,,,
CSCI-6000*,Introduction to the Computer Science PhD Program*,"Instructs new Ph.D students in Computer Science how to obtain a Ph.D and how to become an effective member of the computer science research community. Makes students aware of formal requirements, educational objectives, and research themes. Provides evaluative criteria and guidelines for all objectives to be achieved.*",1*,"(FA26) Restricted to CS PhD students. This class will not meet on Friday, Dec. 4, 2026*",Restricted to Computer Science (CSCI) PhD students only.*,CSEN-PhD: Professional Development; CSEN-MS: Not Applicable; CSEN-MSCPS: Not Applicable; NTEN-MSNE: Not Applicable ; AINT-MSAI: Not Applicable*,Not Available*,,,,,
ATLS-7000*,ATLAS Colloquium*," Each week during the fall and spring semesters, the ATLAS Colloquium features dynamic speakers from academia and industry who work in fields of interest to the creative technology and design community. Whether artists, creatives, scientists, researchers, entrepreneurs or free spirits, these speakers share their interdisciplinary experience and knowledge in an intimate, small-group setting. Topics may include programmable matters, do-it-yourself technologies, new design medium, robotic teleoperations, virtual/augmented/mixed reality, information visualization, games, design computation, creativity and cognition, personal health informatics, addictive fabrication, cyber security, ethics, education, human computer interaction and others. The ATLAS Colloquium promotes rigorous, curiosity-driven investigation in a thriving academic community that is supportive, energetic and playful. Repeatable: Repeatable for up to 8.0 total credit hours. *",1*,Depends on section*,Restricted to graduate students only.*,CSEN-PhD: Professional Development; CSEN-MS: Professional Development; ; AINT-MSAI: Not Applicable*,Not Available*,,,,,
CSCI-7000-2267-800*,[Tpcs: Interdisciplinary Rsrch]*,"This ""Topics in Interdisciplinary Research"" course is composed of a series of workshops, discussions, and presentations, focused on the practice of interdisciplinary scientific research. Topics will include accessible scientific writing, clear and understandable figures and talks, clean code, collaborating across disciplinary boundaries, formulating research questions, time management, peer review, and revising papers. The course will also touch on epistemological topics within explanation, prediction, and data science. Students should expect reading outside of class, workshop participation, active discussion, and occasional student-led sessions. This class will be taught in person with all students attending each scheduled class.*",1*,Students may be dropped from course for non-attendance*,Restricted to graduate students only.*,CSEN-PhD: Professional Development; CSEN-MS: Professional Development; CSEN-MSCPS: Not Applicable; NTEN-MSNE: Not Appicable ; AINT-MSAI: Not Applicable*,Not Available*,,,,,
CSCI-7000-2261-006*,[AI-Driven Leadership]*,"This seminar explores how computer scientists and engineers can harness generative AI as a thinking partner to enhance strategic reasoning, problem-solving, and communication. Through readings, discussion, and reflection, students examine frameworks for human–AI collaboration and the evolving role of AI in leadership. The course emphasizes applying AI tools and leadership principles to develop values-driven, adaptive leaders for an AI-augmented future.*",1*,"(SP26): The waitlist for this class is automatically re-sequenced to allow first priority to CS PhD students and second priority to CS masters students. This class will be taught synchronously as a remote section, which means classes will be held virtually during the days and times listed.*",Restricted to graduate students only.*,CSEN-PhD: Professional Development; CSEN-MS: Professional Development; CSEN-MSCPS: Not Applicable; NTEN-MSNE: Not Applicable ; AINT-MSAI: Not Applicable*,Not Available*,,,,,
ATLS-5519-2251-021*,[How-To: Spatial Sound]*,"This one-credit course introduces students to the hardware, software, and networking infrastructure underlying B2’s multi-channel sound capabilities. Students will learn about the 40.4 speaker system and the 5.1 Myers system in the Black Box, and the 7.1 speaker system in SL1. Students will gain experience using and understanding Dante networked audio and how to route audio inputs and outputs over the network. Students will also gain an understanding of encoded spatial audio models such as Ambisonics and Binaural audio. This course will cover using Max/MSP, Ableton, and Reaper as platforms to develop multi-channel audio compositions.*",1*,"This is a special session class with start and end dates that differ from full-semester classes. The corresponding add, drop and withdrawal dates also differ from full-semester classes--please see the special session calendar for specific information: https://www.colorado.edu/registrar/students/registration/special-sessions.  Class location: 2B25 in B2 Studios*",Restricted to graduate students only.,CSEN-PhD: Professional Development; CSEN-MS: Professional Development; CSEN-MSCPS: Not Applicable; NTEN-MSNE: Not Applicable ; AINT-MSAI: Not Applicable*,Not Available*,,,,,
ATLS-5519-2251-023*,[How-To: Motion Capture]*,"This one-credit course introduces students to the hardware, software, and networking infrastructure underlying B2’s Motion Capture and movement detection capabilities. Students will learn how to use the Qualisys Motion Capture system in the Black Box and traditional camera-based movement detection and computer vision techniques using libraries like MediaPipe. The course will explore 3d object tracking and skeleton tracking using the Qualisys 3d Motion Capture system and how this approach differs from more traditional computer vision-based approaches. Students will be exposed to how to attach tracked skeletons to 3d avatars and how to rig tracked skeletons to a model in environments like Unity and Blender.*",1*,"This is a special session class with start and end dates that differ from full-semester classes. The corresponding add, drop and withdrawal dates also differ from full-semester classes--please see the special session calendar for specific information: https://www.colorado.edu/registrar/students/registration/special-sessions.  Class location: 2B25 in B2 Studios*",Restricted to graduate students only.,CSEN-PhD: Professional Development; CSEN-MS: Professional Development; CSEN-MSCPS: Not Applicable; NTEN-MSNE: Not Applicable ; AINT-MSAI: Not Applicable*,Not Available*,,,,,
ATLS-5519-2251-022*,[How-To: Projection Mapping]*,"This one-credit course introduces students to the hardware, software, and networking infrastructure underlying B2’s Large-Format Projection. Students will learn how to use Resolume Arena and Mad Mapper to create large multi-projector surfaces and map projections to more complex geometries. They will also learn how graphics cards (GPUs), stand-alone display controllers, and multiple projectors work together to create complex large-format projections and projection mappings.*",1*,"This is a special session class with start and end dates that differ from full-semester classes. The corresponding add, drop and withdrawal dates also differ from full-semester classes--please see the special session calendar for specific information: https://www.colorado.edu/registrar/students/registration/special-sessions.  Class location: 2B25 in B2 Studios*",Restricted to graduate students only.,CSEN-PhD: Professional Development; CSEN-MS: Professional Development; CSEN-MSCPS: Not Applicable; NTEN-MSNE: Not Applicable ; AINT-MSAI: Not Applicable*,Not Available*,,,,,
CSCI-7000-2247-800*,[Tpcs: Interdisciplinary Rsrch]*,"This ""Topics in Interdisciplinary Research"" course is composed of a series of workshops, discussions, and presentations, focused on the practice of interdisciplinary scientific research. Topics will include accessible scientific writing, clear and understandable figures and talks, clean code, collaborating across disciplinary boundaries, formulating research questions, time management, peer review, and revising papers. The course will also touch on epistemological topics within explanation, prediction, and data science. Students should expect reading outside of class, workshop participation, active discussion, and occasional student-led sessions.*",1*,(FA24): This class will be taught in person with all students attending each scheduled class. Student may be dropped from course for non-attendance.*,Restricted to graduate students only. Please email Aaron.Clauset@colorado.edu for permission to enroll. No waitlist available.*,CSEN-PhD: Professional Development; CSEN-MS: Professional Development; CSEN-MSCPS: Not Applicable; NTEN-MSNE: Not Applicable ; AINT-MSAI: Not Applicable*,Not Available*,,,,,
CSCI-7000-2257-800*,[Tpcs: Interdisciplinary Rsrch]*,"This ""Topics in Interdisciplinary Research"" course is composed of a series of workshops, discussions, and presentations, focused on the practice of interdisciplinary scientific research. Topics will include accessible scientific writing, clear and understandable figures and talks, clean code, collaborating across disciplinary boundaries, formulating research questions, time management, peer review, and revising papers. The course will also touch on epistemological topics within explanation, prediction, and data science. Students should expect reading outside of class, workshop participation, active discussion, and occasional student-led sessions. *",1*,(FA25): This class will be taught in person with all students attending each scheduled class. Student may be dropped from course for non-attendance.*,Restricted to graduate students only. Please email Aaron.Clauset@colorado.edu for permission to enroll. No waitlist available.*,CSEN-PhD: Professional Development; CSEN-MS: Professional Development; CSEN-MSCPS: Not Applicable; NTEN-MSNE: Not Applicable ; AINT-MSAI: Not Applicable*,Not Available*,,,,,
CSCI-7000-2261-803*,[Tpcs: Interdisciplinary Rsrch]*,"This ""Topics in Interdisciplinary Research"" course is composed of a series of workshops, discussions, and presentations, focused on the practice of interdisciplinary scientific research. Topics will include accessible scientific writing, clear and understandable figures and talks, clean code, collaborating across disciplinary boundaries, formulating research questions, time management, peer review, and revising papers. The course will also touch on epistemological topics within explanation, prediction, and data science. Students should expect reading outside of class, workshop participation, active discussion, and occasional student-led sessions. *",1*,(SP26): This class will be taught in person with all students attending each scheduled class. Student may be dropped from course for non-attendance.*,Restricted to graduate students only. Please email Daniel.Larremore@Colorado.edu for permission to enroll. No waitlist available.*,CSEN-PhD: Professional Development; CSEN-MS: Professional Development; CSEN-MSCPS: Not Applicable; NTEN-MSNE: Not Applicable ; AINT-MSAI: Not Applicable*,Not Available*,,,,,
ATLS-5519-2247-016*,[Professional Coaching]*,None*,1*,This class will be taught online and delivered asynchronously which means there are not scheduled days and times. Instructor may determine pacing and deadlines for coursework completion. See course syllabus for more information*,Restricted to graduate students only.*,CSEN-PhD: Professional Development; CSEN-MS: Professional Development; CSEN-MSCPS: Not Applicable; NTEN-MSNE: Not Applicable ; AINT-MSAI: Not Applicable*,Not Available*,,,,,
CSCI-7000-2251-800*,[Tpcs in Interdisciplinary Comp]*,None*,1*,(SP25): None*,"Restricted to graduate students only. Please reach out to the instructor, aaron.clauset@colorado.edu, for enrollment*",CSEN-PhD: Professional Development; CSEN-MS: Professional Development; CSEN-MSCPS: Not Applicable; NTEN-MSNE: Not Applicable ; AINT-MSAI: Not Applicable*,Not Available*,,,,,
CSCI-7000-2261-002*,[Grad Writing Workshop Pt 2]*,None*,1*,(SP26): The waitlist for this class is automatically re-sequenced to allow first priority to CS PhD students and second priority to CS masters students. Student may be dropped from course for non-attendance.*,Restricted to graduate students only.*,CSEN-PhD: Professional Development; CSEN-MS: Professional Development; CSEN-MSCPS: Not Applicable; NTEN-MSNE: Not Applicable ; AINT-MSAI: Not Applicable*,Not Available*,,,,,
CSCI-7000-2267-801*,[NLP Seminar]*,None*,1*,None*,Restricted to graduate students only.*,CSEN-PhD: Professional Development; CSEN-MS: Professional Development; CSEN-MSCPS: Not Applicable; NTEN-MSNE: Not Applicable ; AINT-MSAI: Not Applicable*,Not Available*,,,,,
CSCI-6110*,Graduate Writing Workshop*,"Covers fundamentals of writing, editing, revising, and presenting. Students are encouraged to embrace the writing and editing processes as means not only to lively and impactful papers, but even better science. Focus given to clarity and simplicity of writing; multiple angles of editing; impact of content; and writing as a conversation. Ready participation in each class is expected. Repeatable: Repeatable for up to 2.0 total credit hours.*",1*,"(FA26) Until open enrollment date, registration is restricted to Computer Science graduate students only. Non-CS students can waitlist before that date. The waitlist for this class is automatically re-sequenced to allow first priority to CS PhD students and second priority to CS masters students. Student may be dropped from course for non-attendance.*",Restricted to graduate students only.*,CSEN-PhD: Professional Development; CSEN-MS: Professional Development; CSEN-MSCPS: Not Applicable; NTEN-MSNE: Not Applicable ; AINT-MSAI: Not Applicable*,Not Available*,,,,,
CSCI-7000-2267-019*,[Just Computing and Labor]*,"Applies a critical lens to computing and power. Examines the processes by which technology is developed and deployed, with attention to disparities in influence and impact, the role of systemic biases and interaction with systems of oppression, automation bias, surveillance, militarism, and accountability mechanisms. Explores points of friction including labor organizing and contemporary policy issues such as product liability, agency, copyright, and civil rights law. Students will develop and critique theories of change.*",1*,Student may be dropped from course for non-attendance.*,Restricted to graduate students only.*,CSEN-PhD: Professional Development; CSEN-MS: Professional Development; CSEN-MSCPS: Not Applicable; NTEN-MSNE: Not Applicable ; AINT-MSAI: Not Applicable*,Not Available*,,,,,
ATLS-5519-2251-019*,[How-To: Interactive Lighting]*," This one-credit course introduces students to the hardware, software, and networking infrastructure underlying B2’s interactive lighting. Students will learn how to use the DMX protocol to control the intelligent lighting in the Black Box and SL1. They will also be introduced to the node-based programming languages Max/MSP and TouchDesigner and learn how to use these development environments to create dynamic and reactive lighting environments.*",1*,"This is a special session class with start and end dates that differ from full-semester classes. The corresponding add, drop and withdrawal dates also differ from full-semester classes--please see the special session calendar for specific information: https://www.colorado.edu/registrar/students/registration/special-sessions.  Class location: 2B25 in B2 Studios*",Restricted to graduate students only.,CSEN-PhD: Professional Development; CSEN-MS: Professional Development; CSEN-MSCPS: Not Applicable; NTEN-MSNE: Not Applicable ; AINT-MSAI: Not Applicable*,Not Available*,,,,,
CSCI-8990*,Doctoral Dissertation*,Investigates some specialized field of computer science. Approved and supervised by faculty members. Repeatable: Repeatable for up to 30.0 total credit hours. Allows multiple enrollment in term. *,1-10*,"Department-controlled enrollment course, does not appear on Class Search during Fall/Spring*",Restricted to graduate students only.*,CSEN-PhD: Research; CSEN-MS: Not Applicable; CSEN-MSCPS: Not Applicable; NTEN-MSNE: Not Applicable ; AINT-MSAI: Not Applicable*,Not Available*,,,,,
DTSA-5749*,Model and Error Analysis for Natural Language Processing*,"Understanding the performance of natural language processing models goes beyond simply computing measures like accuracy. In this course we will learn methods for analyzing the strengths and weaknesses of NLP systems, both neural and non-neural. We will also learn about problematic biases in NLP data and systems. Methods covered include standard benchmarks, qualitative error analysis, confusion matrices, contrastive and diagnostic evaluation, and probing experiments. Equivalent - Duplicate Degree Credit Not Granted: CSCA 5852 *",1*,Only available through CU Boulder on Coursera program offerings. Please refer to the Online Programs section of the catalog for more information.*,None*,Not Available*,Not Available*,,,,,
DTSA-5738*,Cybersecurity in Crisis: Information and Internet Security*,"This is the third of three courses exploring Internet Policy: Principles and Problems, which is part of CU Boulder’s Master of Science in Data Science and Master of Science in Computer Science programs on Coursera. This course examines policy approaches to real-world cybersecurity problems occurring on the Internet. Learners will develop a privacy brief on a cybersecurity government policy, law or regulation of their choice. Successful completion of the first course in this series is recommended. Equivalent - Duplicate Degree Credit Not Granted: CSCA 5453*",1*,Only available through CU Boulder on Coursera program offerings. Please refer to the Online Programs section of the catalog for more information.*,Recommended: Prerequisites DTSA 5736/CSCA 5433 and DTSA 5737/CSCA 5443.*,Not Available*,Not Available*,,,,,
DTSA-5736*,When to Regulate? The Digital Divide and Net Neutrality*,"This is the first of three courses exploring Internet Policy: Principles and Problems, which is part of CU Boulder’s Masters of Science in Data Science and Master of Science in Computer Science programs on Coursera. This course builds an interdisciplinary policy framework to critique and develop regulatory approaches to real-world problems on the Internet. Learners then use the framework to develop a definition of broadband to improve the Digital Divide and to evaluate net neutrality regulations. Equivalent - Duplicate Degree Credit Not Granted: CSCA 5433*",1*,Only available through CU Boulder on Coursera program offerings. Please refer to the Online Programs section of the catalog for more information.*,None*,Not Available*,Not Available*,,,,,
DTSA-5745*,Asymmetric Cryptography and Key Management*,"This course will teach the principles of asymmetric cryptography (a.k.a. public-key cryptography) and describe how the key-pair use can enable different security properties/applications. We will study the popular ciphers, e.g., RSA and the Diffie-Hellman Exchange, and learn how/why they work to secure networking, including the mathematical problems anchoring their security. We will learn about the key distribution and management and digital certificates. Required for this course is a working knowledge of discrete mathematics.*",1*,Only available through CU Boulder on Coursera program offerings. Please refer to the Online Programs section of the catalog for more information.*,"Recommended: Prerequisites DTSA 5743, DTSA 5744.*",Not Available*,Not Available*,,,,,
DTSA-5515*,Fair Machine Learning: Foundations*,"This course will introduce students to core ideas in machine learning fairness, including philosophical foundations, basic definitions and distinctions, and on-going debates about how fairness can be defined and operationalized in technical systems. We will define different types of bias and how they are introduced into ML systems. Students will learn about fairness requirements under various regulatory regimes including the GDPR, and types of audits that can be performed to study fairness in existing systems. Equivalent - Duplicate Degree Credit Not Granted: INFA 5101 *",1*,Only available through CU Boulder on Coursera program offerings. Please refer to the Online Programs section of the catalog for more information.*,None*,Not Available*,Not Available*,,,,,
DTSA-5003*,Hypothesis Testing for Data Science*,"This course will focus on theory and implementation of hypothesis testing, especially as it relates to applications in data science. Students will learn to use hypothesis tests to make informed decisions from data. Special attention will be given to the general logic of hypothesis testing, error and error rates, power, simulation, and the correct computation and interpretation of p-values. Attention will also be given to the misuse of testing concepts, especially p-values, and the ethical implications of such misuse.*",1*,Only available through CU Boulder on Coursera program offerings. Please refer to the Online Programs section of the catalog for more information.*,None*,Not Available*,Not Available*,,,,,
DTSA-5751*,An Introduction to Molecular Simulation Methods and Tools*,This course will cover the theory and practical approaches to modeling simple molecular systems described by classical physics. It will cover all the fundamentals needed to go from a description of a system at a molecular level through the generation of valid simulation data all the way through analysis of the simulation data to produce useful results. The course will cover the most common open-source simulation programs as well as Python-based analysis tools.*,1*,Only available through CU Boulder on Coursera program offerings. Please refer to the Online Programs section of the catalog for more information.*,None*,Not Available*,Not Available*,,,,,
DTSA-5750*,Numerical Methods for Sampling Probability Distributions*,This course will cover the mathematics and numerical details of using Hamiltonian dynamics and Markov Chain Monte Carlo methods to generate samples from probability distributions. It will cover both sampling of physical systems as well as statistical problems such as sampling the posterior and parameter estimation in Bayesian analysis. Both theory and practical strategies for performing efficient calculations and analyzing their results will be discussed. Exercises and examples will be in Python.*,1*,Only available through CU Boulder on Coursera program offerings. Please refer to the Online Programs section of the catalog for more information.*,None*,Not Available*,Not Available*,,,,,
DTSA-5516*,Fair Machine Learning: Algorithms*,"This course will build upon the student’s new foundational knowledge of the space by introducing key technical aspects for implementation of Fair ML. Students will learn how to measure fairness quantitatively, calculate common fairness metrics, implement mitigation algorithms, and test for significance after mitigating for fairness. Students will learn these technical concepts in context of the Machine Learning lifecycle so they are prepared to address fairness via common pre-processing, intrinsic modeling, or post-processing techniques. Equivalent - Duplicate Degree Credit Not Granted: INFA 5102 *",1*,Only available through CU Boulder on Coursera program offerings. Please refer to the Online Programs section of the catalog for more information.*,None*,Not Available*,Not Available*,,,,,
DTSA-5744*,Symmetric Cryptography*,"This course teaches the principles, requirements, constructions, and applications of symmetric cryptography based on the shared secret key. The course describes substitution and transposition techniques which have been invented before computers. Then, we build on the product ciphers to learn about the modern block ciphers and review the popular cipher algorithms of DES, 3-DES, and AES. We also describe the block cipher operation modes to enable the block cipher to support variable data length.*",1*,Only available through CU Boulder on Coursera program offerings. Please refer to the Online Programs section of the catalog for more information.*,Recommended: Prerequisite DTSA 5743.*,Not Available*,Not Available*,,,,,
DTSA-5704*,"Managing, Describing, and Analyzing Data*","This course teaches the fundamentals of understanding data and the importance of correctly classifying data. This course covers how to describe data using descriptive statistics and R software, the four probability distributions commonly used in data analysis, steps for analyzing data sets using the appropriate probability distribution, and the basics of sampling error, sampling distributions, and errors in decision-making.*",1*,Only available through CU Boulder on Coursera program offerings. Please refer to the Online Programs section of the catalog for more information.*,None*,Not Available*,Not Available*,,,,,
DTSA-5842*,Effective Communication: Writing,"This course teaches students how to present themselves effectively through writing, design, and presentation. Students will focus on how to write well-organized, clear business documents; to design elegant presentation slides, reports, and posters; and to present and speak with confidence and power. More broadly, the course charts a journey toward each student’s best professional self. This course is a prerequisite for the Effective Communication Capstone.*",1*,Only available through CU Boulder on Coursera program offerings. Please refer to the Online Programs section of the catalog for more information.*,None*,Not Available*,Not Available*,,,,,
DTSA-5702*,Efficient Programming*,This course teaches learners the skills needed to develop software to run efficiently in high-performance computing environments or in the cloud. Students will have understand how to find bottlenecks in their programs as well as how to address those bottlenecks. The course will provide a high-level introduction to modern compute node architectures of high-performance and cloud computing instances.*,1*,Only available through CU Boulder on Coursera program offerings. Please refer to the Online Programs section of the catalog for more information.*,None*,Not Available*,Not Available*,,,,,
DTSA-5742*,Predicting Extreme Climate Behavior with Machine Learning*,"This course reviews current global climate policies with the goal of gathering data and applying machine learning algorithms to predict extreme climate behaviors, specifically in developing countries. Topics include multivariate linear regression, time-series analysis, and numerical weather prediction. The use of monte carlo simulations to forecast extreme weather events will be analyzed. Strong emphasis will be placed on application in the Python programming language. Recommended: Prerequisites DTSA 5740 and DTSA 5741.*",1*,Only available through CU Boulder on Coursera program offerings. Please refer to the Online Programs section of the catalog for more information.*,None*,Not Available*,Not Available*,,,,,
DTSA-5301*,Data Science as a Field*,"This course provides a general introduction to the field of Data Science. It is designed for aspiring data scientists, content experts who work with data scientists, or anyone interested in learning about what Data Science is and what it’s used for. Topics include the past, present, and future of the field; the academic disciplines that both practice and make use of Data Science; collaboration between data scientists and content experts; and the practice of Data Science in the professional world. This course is part of CU Boulder’s Master’s of Science in Data Science and was collaboratively designed by both academics and industry professionals to provide learners with an insider’s perspective on this exciting, evolving, and increasingly vital discipline.*",1*,Only available through CU Boulder on Coursera program offerings. Please refer to the Online Programs section of the catalog for more information.*,None*,Not Available*,Not Available*,,,,,
DTSA-5506*,Data Mining Project*,"This course offers step-by-step guidance and hands-on experience of designing and implementing a real-world data mining project, including problem formulation, literature survey, proposed work, evaluation, discussion and future work. Equivalent - Duplicate Degree Credit Not Granted: CSCA 5522*",1*,Only available through CU Boulder on Coursera program offerings. Please refer to the Online Programs section of the catalog for more information.*,None*,Not Available*,Not Available*,,,,,
DTSA-5509*,Introduction to Machine Learning: Supervised Learning*,"This course introduces various supervised ML algorithms and prediction tasks applied to different data. Specific topics include linear and logistic regression, KNN, Decision trees, ensemble methods such as Random Forest and Boosting, and kernel methods such as SVM. Formerly offered as a special topics course. Equivalent - Duplicate Degree Credit Not Granted: CSCA 5622 *",1*,Only available through CU Boulder on Coursera program offerings. Please refer to the Online Programs section of the catalog for more information.*,None*,Not Available*,Not Available*,,,,,
DTSA-5741*,Modeling Climate Anomalies with Statistical Analysis*,"This course introduces the use of statistical analysis in Python programming to study and model climate data, specifically with the SciPy and NumPy package. Topics include data visualization, predictive model development, simple linear regression, multivariate linear regression, multivariate linear regression with interaction, and logistic regression. Strong emphasis will be placed on gathering and analyzing climate data with the Python programming language. Recommended: Prerequisite DTSA 5740 - Global Climate Change Policies and Analysis.*",1*,Only available through CU Boulder on Coursera program offerings. Please refer to the Online Programs section of the catalog for more information.*,Recommended: Prerequisite DTSA 5740 - Global Climate Change Policies and Analysis.*,Not Available*,Not Available*,,,,,
DTSA-5726*,Introduction to Bayesian Statistics for Data Science*,"This course introduces the theoretical, philosophical, and mathematical foundations of Bayesian Statistical inference. Students will learn to apply this foundational knowledge to real-world data science problems. Topics include the use and interpretations of probability theory in Bayesian inference; Bayes’ theorem for statistical parameters; conjugate, improper, and objective priors distributions; data science applications of Bayesian inference; and ethical implications of Bayesian statistics.*",1*,Only available through CU Boulder on Coursera program offerings. Please refer to the Online Programs section of the catalog for more information.*,None*,Not Available*,Not Available*,,,,,
DTSA-5504*,Data Mining Pipeline*,"This course introduces the key steps involved in the data mining pipeline, including data understanding, data preprocessing, data warehouse, data modeling, interpretation and evaluation, and real-world applications. Equivalent - Duplicate Degree Credit Not Granted: CSCA 5502*",1*,Only available through CU Boulder on Coursera program offerings. Please refer to the Online Programs section of the catalog for more information.*,None*,Not Available*,Not Available*,,,,,
DTSA-5701*,Introduction to High Performance and Parallel Computing*,"This course introduces the fundamentals of high-performance and parallel computing, and the software skills necessary for work in parallel software environments. These skills include big-data analysis, machine learning, parallel programming, and optimization. It covers the basics of Linux environments and bash scripting all the way to high throughput computing and parallelizing code*",1*,Only available through CU Boulder on Coursera program offerings. Please refer to the Online Programs section of the catalog for more information.*,None*,Not Available*,Not Available*,,,,,
DTSA-5727*,Computational Bayesian Statistics for Data Science*,"This course introduces students to the theoretical underpinnings and applications of computational algorithms in Bayesian statistics. Topics include maximum a posteriori estimation; rejection sampling; and Markov chain Monte Carlo algorithms, such as the Gibbs sampler and several variations of the Metropolis-Hastings algorithm. This course also provides an introduction to the Stan computing environment.*",1*,Only available through CU Boulder on Coursera program offerings. Please refer to the Online Programs section of the catalog for more information.*,None*,Not Available*,Not Available*,,,,,
DTSA-5513*,Deep Learning for Computer Vision*,"This course introduces students to the core principles of neural networks and deep learning, focusing on their application in computer vision. Covering advanced CNN architectures like ResNet, Inception, and DenseNet, along with techniques in object detection (R-CNN, SSD, YOLO) and semantic segmentation (FCN, SegNet, U-Net), this course offers a comprehensive overview of theory and practical skills. Equivalent - Duplicate Degree Credit Not Granted: CSCA 5322*",1*,Only available through CU Boulder on Coursera program offerings. Please refer to the Online Programs section of the catalog for more information.*,None*,Not Available*,Not Available*,,,,,
DTSA-5728*,Bayesian Statistical Modeling for Data Science Applications*,"This course introduces students to applied Bayesian statistical modeling. Topics include Bayesian linear regression, Bayesian generalized linear models, and an introduction to Bayesian hierarchal modeling. Special emphasis will be placed on the application of maximum a posterior estimation and Markov chain Monte Carlo algorithms on Bayesian statistical models. This course also demonstrate Bayesian statistical modeling in the Stan computing environment.*",1*,Only available through CU Boulder on Coursera program offerings. Please refer to the Online Programs section of the catalog for more information.*,None*,Not Available*,Not Available*,,,,,
DTSA-5512*,Introduction to Computer Vision*,"This course guides students through the essential algorithms and methods to help computers 'see' and interpret visual data. Students learn the core concepts and techniques that have been traditionally used to analyze images. Then, students learn modern deep learning methods, such as neural networks and specific models designed for image recognition, can be used to perform more complex tasks like object detection and image segmentation. Additionally, students will learn the creation and impact of AI-generated images and videos, exploring the ethical considerations of such technology. Equivalent - Duplicate Degree Credit Not Granted: CSCA 5222 *",1*,Only available through CU Boulder on Coursera program offerings. Please refer to the Online Programs section of the catalog for more information.*,None*,Not Available*,Not Available*,,,,,
DTSA-5740*,Global Climate Policies and Analysis*,"This course explores and critically analyzes historical and contemporary climate policies (e.g. Kyoto Protocol and the Paris Agreement). Political issues pertaining to energy sources, such as nuclear energy, will be reviewed. The course will focus on understanding key climate principles and terms surrounding policy development, specifically for low-income or developing countries/communities. Further, this course explores up-to-date technologies that are used in climate analysis. This course also introduces the Python programming language.*",1*,Only available through CU Boulder on Coursera program offerings. Please refer to the Online Programs section of the catalog for more information.*,None*,Not Available*,Not Available*,,,,,
DTSA-5303*,Ethical Issues in Data Science*,"This course examines ethical issues related to data science, with the objective of making data science professionals aware of and sensitive to ethical considerations that may arise in their careers. It focuses on ethical frameworks, data science applications that lead to ethical considerations, current media and scholarly articles, and the perspectives and experiences of fellow students and computing professionals.*",1*,Only available through CU Boulder on Coursera program offerings. Please refer to the Online Programs section of the catalog for more information.*,None*,Not Available*,Not Available*,,,,,
DTSA-5746*,Cryptographic Hash and Integrity Protection*,"This course describes the cryptographic hash functions and explains their security properties enabling their use for integrity protection. The course will also describe hash chain and Merkle tree. We will study message authenticity and the message authentication code (MAC) based on symmetric keys. Then, we will discuss digital signatures based on asymmetric cryptography, providing security objectives of non-repudiation which were unavailable in the symmetric-cryptography-based MAC. *",1*,Only available through CU Boulder on Coursera program offerings. Please refer to the Online Programs section of the catalog for more information.*,"Recommended: Prerequisites DTSA 5743, DTSA 5744, DTSA 5745*",Not Available*,Not Available*,,,,,
DTSA-5514*,Modern AI Models for Vision and Multimodal Understanding*,"This course delves into the cutting-edge realm of generative models for images and videos, including GANs and Diffusion Models. It will teach about multimodal foundational models such as CLIP, as well as applications for text-to-image and text-to-video generation. The course also addresses the issue of DeepFakes. Through both practical exercises and theoretical discussion, students will explore the ethical considerations, privacy concerns, and future trends in computer vision. Equivalent - Duplicate Degree Credit Not Granted: CSCA 5422 *",1*,Only available through CU Boulder on Coursera program offerings. Please refer to the Online Programs section of the catalog for more information.*,None*,Not Available*,Not Available*,,,,,
DTSA-5505*,Data Mining Methods*,"This course covers core techniques used in data mining, including frequent pattern analysis, classification, clustering, outlier detection, as well as time-series mining and graph mining. Equivalent - Duplicate Degree Credit Not Granted: CSCA 5512*",1*,Only available through CU Boulder on Coursera program offerings. Please refer to the Online Programs section of the catalog for more information.*,None*,Not Available*,Not Available*,,,,,
DTSA-5501*,"Algorithms for Searching, Sorting, and Indexing*","This course covers basics of algorithm design and analysis, as well as algorithms for sorting arrays, data structures such as priority queues, hash functions, and applications such as Bloom filters.*",1*,Only available through CU Boulder on Coursera program offerings. Please refer to the Online Programs section of the catalog for more information.*,None*,Not Available*,Not Available*,,,,,
DTSA-5503*,Dynamic Programming Greedy Algorithms*,"This course covers basic algorithm design techniques such as divide and conquer, dynamic programming, and greedy algorithms. It concludes with a brief introduction to intractability (NP-completeness) and using linear/integer programming solvers for solving optimization problems. Equivalent - Duplicate Degree Credit Not Granted: CSCA 5414*",1*,Only available through CU Boulder on Coursera program offerings. Please refer to the Online Programs section of the catalog for more information.*,None*,Not Available*,Not Available*,,,,,
DTSA-5743*,Crytopgraphy and Information Theory*,"This course combines cryptography (the techniques for protecting information from unauthorized access) and information theory (the study of information coding and transfer). More specifically, the course studies cryptography from the information-theoretical perspectives and discusses he concepts such as information entropy and the adversary’s knowledge capability, e.g., Kerckhoff’s Principle. It also contrasts the information-theoretic security and computational security to highlight the different train of thoughts that drive the cryptographic algorithmic construction and security analyses.*",1*,Only available through CU Boulder on Coursera program offerings. Please refer to the Online Programs section of the catalog for more information.*,None*,Not Available*,Not Available*,,,,,
DTSA-5302*,Cybersecurity for Data Science*,"This course aims to help anyone interested in data science understand the cybersecurity risks and the tools/techniques that can be used to mitigate those risks. We will cover the distinctions between confidentiality, integrity, and availability, introduce learners to relevant cybersecurity tools and techniques including cryptographic tools, software resources, and policies that will be essential to data science. We will explore key tools and techniques for authentication and access control so producers, curators, and users of data can help ensure the security and privacy of the data.*",1*,Only available through CU Boulder on Coursera program offerings. Please refer to the Online Programs section of the catalog for more information.*,None*,Not Available*,Not Available*,,,,,
DTSA-5841*,IBM Capstone Project*,"The IBM Capstone Project course will allow you to apply the knowledge and skills from the MS-DS degree to a real-world data set provided by IBM. This project will allow you to work independently on a data set that will test your skills in acquiring, cleaning, modeling data, and analyzing a dataset using data mining and machine learning techniques. By the end of this course, you will have a project that you can add to your data science portfolio to show off to employers and demonstrate your data science expertise. This course uses the IBM dataset from the IBM Applied Data Science Capstone course, part of the IBM Data Science Professional Certificate, and provides additional instruction and assessments in order to apply this capstone as an elective for the MS-DS Coursera degree at the University of Colorado Boulder. Because CU is collaborating with IBM on this course, all students will have full access to the IBM Applied Data Science Capstone Course while taking DTSA 5841.*",1*,Only available through CU Boulder on Coursera program offerings. Please refer to the Online Programs section of the catalog for more information.*,"Recommended:  It is strongly recommended that you take the Capstone Project course as one of your final courses in the program as you will work with real-world data sets that will use MS-DS core concepts. In order to be successful in this course, only students who have completed the following specializations should register for the Capstone Project: Data Science Foundations: Data Structures and Algorithms, Data Science Foundations: Statistical Inference, Data Mining Foundations and Practice and Machine Learning.*",Not Available*,Not Available*,,,,,
DTSA-5747*,Fundamentals of Natural Language Processing*,"The field of natural language processing aims at getting computers to perform useful and interesting tasks with human language. This course introduces students to the fundamental problems in NLP, the fundamental techniques that are used to solve those problems and lays the foundation for understanding state-of-art methods. At the end of the course, students will be able to implement and analyze text classifiers, sequence labelers, discrete probabilistic models, and vector-based approaches to word meaning. Equivalent - Duplicate Degree Credit Not Granted: CSCA 5832*",1*,Only available through CU Boulder on Coursera program offerings. Please refer to the Online Programs section of the catalog for more information.*,None*,Not Available*,Not Available*,,,,,
DTSA-5840*,Data Science Applied Capstone Project*,"The Data Science Applied Capstone Project course will allow you to apply the knowledge and skills from the MS-DS degree to a real-world data set provided by industry collaborators and connections. This project will allow you to work independently on a data set that will test your skills in acquiring, cleaning, modeling data, and analyzing a dataset using data mining and machine learning techniques. By the end of this course, you will have a project that you can add to your data science portfolio to show off to employers and demonstrate your data science expertise. It is strongly recommended that you take the Data Science Applied Capstone Project course as one of your final courses in the program as you will work with real-world data sets that will use MS-DS core concepts.*",1*,Only available through CU Boulder on Coursera program offerings. Please refer to the Online Programs section of the catalog for more information.*,"Recommended: In order to be successful in this course, only students who have completed the following specializations should register for the Capstone Project: Data Science Foundations: Data Structures and Algorithms, Data Science Foundations: Statistical Inference, Data Mining Foundations and Practice and Machine Learning.*",Not Available*,Not Available*,,,,,
DTSA-5735*,Advanced Topics and Future Trends in Database Technologies*,"The course will have an overview of future trends in databases, including non-relational databases (NoSQL) and Big Data. Formerly offered as a special topics course.*",1*,Only available through CU Boulder on Coursera program offerings. Please refer to the Online Programs section of the catalog for more information.*,None*,Not Available*,Not Available*,,,,,
DTSA-5706*,Measurement Systems Analysis*,"Students will learn to analyze measurement systems for process stability and statistical control and why having a stable measurement process is imperative prior to performing any statistical analysis. Students will analyze continuous measurement systems and statistically characterize both accuracy and precision using R software. Students will perform measurement systems analysis for potential, short term and long term statistical control and capability.*",1*,Only available through CU Boulder on Coursera program offerings. Please refer to the Online Programs section of the catalog for more information.*,None*,Not Available*,Not Available*,,,,,
DTSA-5705*,Stability and Capability in Quality Improvement*,"Students will learn to analyze data in terms of process stability and statistical control and why having a stable process is imperative prior to performing statistical hypothesis testing. Students will create statistical process control charts for both continuous and discrete data using R software. Students will analyze data sets for statistical control using control rules based on probability. Additionally, students will learn how to assess a process with respect to how capable it is of meeting specifications, either internal or external, and make decisions about process improvement.*",1*,Only available through CU Boulder on Coursera program offerings. Please refer to the Online Programs section of the catalog for more information.*,None*,Not Available*,Not Available*,,,,,
DTSA-5510*,Unsupervised Algorithms in Machine Learning*,"Students will learn selected unsupervised learning methods for dimensionality reduction, clustering, finding latent features, and application cases such as recommender systems with hands-on examples of product recommendation algorithms. Formerly offered as a special topics course. Equivalent - Duplicate Degree Credit Not Granted: CSCA 5632 *",1*,Only available through CU Boulder on Coursera program offerings. Please refer to the Online Programs section of the catalog for more information.*,None*,Not Available*,Not Available*,,,,,
DTSA-5707*,Deep Learning Applications for Computer Vision*,"Students will learn about Computer Vision as a field of study and research. They explore several Computer Vision tasks and suggested approaches, from the classic Computer Vision perspective. They'll be introduced to Deep Learning methods and apply them to some of the same problems. They will analyze the results and discuss advantages and drawbacks of both types of methods. Examples of Computer Vision tasks where Deep Learning can be applied include: image classification, image classification with localization, object detection, object segmentation, facial recognition, and activity or pose estimation.*",1*,Only available through CU Boulder on Coursera program offerings. Please refer to the Online Programs section of the catalog for more information.*,None*,Not Available*,Not Available*,,,,,
DTSA-5703*,Parallel Computing with MPI*,"Provides a high-level introduction to modern computer node architectures of high-performance and cloud computing instances. This course is targeted to scientists, engineers, scholars, or anyone seeking to develop the software that needs to run efficiently on high-performance computing environments or in the cloud. For this course, students need basic programming skills in either C++, Fortran 90, or Python in addition to basic Linux skills. Students completing this course will have a basic understanding of how to find bottlenecks in their programs as well as how to address those bottlenecks. The course will provide a high-level introduction to modern compute node architectures of high-performance and cloud computing instances.*",1*,Only available through CU Boulder on Coursera program offerings. Please refer to the Online Programs section of the catalog for more information.*,None*,Not Available*,Not Available*,,,,,
DTSA-5800*,Network Analysis for Marketing Analytics*,"Network analysis is a long-standing methodology used to understand the relationships between words and actors in the broader networks in which they exist. This course will cover network analysis at it pertains to marketing data, specifically text datasets and social networks. Students will walk through a conceptual overview of network analysis, and dive into real-world datasets through instructor-led tutorials in Python. The course will conclude with a major project.*",1*,Only available through CU Boulder on Coursera program offerings. Please refer to the Online Programs section of the catalog for more information.*,None*,Not Available*,Not Available*,,,,,
DTSA-5011*,Modern Regression Analysis in R*,"Modern Regression Analysis in R provides foundational statistical modeling tools for data science. Introduction to methods, theory, and applications of linear statistical models, covering the topics of parameter estimation, residual diagnostics, goodness of fit, and various strategies for variable selection and model comparison. Attention will also be given to the misuse of statistical models and ethical implications of such misuse*",1*,Only available through CU Boulder on Coursera program offerings. Please refer to the Online Programs section of the catalog for more information.*,None*,Not Available*,Not Available*,,,,,
DTSA-5798*,Supervised Text Classification for Marketing Analytics*,"Marketing data often requires categorization, or labeling. In today’s age, marketing data can also be very big, or larger than what humans can reasonably tackle. In this course students will learn how to use supervised deep learning to train algorithms to tackle text classification tasks. Students will walk through a conceptual overview of supervised machine learning, and dive into real-world datasets through instructor-led tutorials in Python. The course will conclude with a major project.*",1*,Only available through CU Boulder on Coursera program offerings. Please refer to the Online Programs section of the catalog for more information.*,None*,Not Available*,Not Available*,,,,,
DTSA-5799*,Unsupervised Text Classification for Marketing Analytics*,"Marketing data is often so big that humans cannot read or analyze a representative sample of it to understand what insights might lie within. In this course students will learn how to use unsupervised deep learning to train algorithms to extract topics and insights from text data. Students will walk through a conceptual overview of unsupervised machine learning, and dive into real-world datasets through instructor-led tutorials in Python. The course will conclude with a major project.*",1*,Only available through CU Boulder on Coursera program offerings. Please refer to the Online Programs section of the catalog for more information.*,None*,Not Available*,Not Available*,,,,,
DTSA-5012*,ANOVA and Experimental Design*,"Introduction to the analysis of variance (ANOVA), analysis of covariance (ANCOVA), and experimental design. ANOVA and ANCOVA, presented as a type of linear regression model, provide mathematical basis for designing experiments for data science applications. Emphasis placed on important design-related concepts, such as randomization, blocking, factorial design, and causality. Attention will also be given to ethical issues raised in experimentation.*",1*,Only available through CU Boulder on Coursera program offerings. Please refer to the Online Programs section of the catalog for more information.*,None*,Not Available*,Not Available*,,,,,
DTSA-5714*,Applications of Software Architecture for Big Data*,"Intended for individuals who want to build a production-quality software system that leverages big data. Students will apply the basics of software engineering and architecture to create a production-ready distributed system that handles big data. Students will build and scale a large, data intensive, distributed system, composed of loosely coupled, highly cohesive data microservices. Equivalent - Duplicate Degree Credit Not Granted: CSCA 5028 *",1*,Only available through CU Boulder on Coursera program offerings. Please refer to the Online Programs section of the catalog for more information.*,None*,Not Available*,Not Available*,,,,,
DTSA-5508*,Software Architecture Patterns for Big Data*,"Intended for individuals looking to understand the architecture patterns necessary to take large software systems that leverage big data to production. Students will transform big data prototypes into high quality tested production software. After measuring the performance characteristics of distributed systems, they will identify trouble areas and implement scalable solutions to improve performance. Upon completion of the course they will know how to scale production datastores to perform under load, designing load tests to ensure applications meet performance requirements. Formerly offered as a special topics course. Equivalent - Duplicate Degree Credit Not Granted: CSCA 5018 *",1*,Only available through CU Boulder on Coursera program offerings. Please refer to the Online Programs section of the catalog for more information.*,None*,Not Available*,Not Available*,,,,,
DTSA-5517*,Fair Machine Learning: Applications*,"In this last course, students will deep-dive into previously introduced concepts by implementing these strategies in specific machine learning contexts, such as recommendation systems, generative AI, and representation learning. Technical concepts introduced in the last course will serve as building blocks for more context-specific implementations. Students will also be introduced to specific fairness-related tools commonly used when implementing fairness in practice. Equivalent - Duplicate Degree Credit Not Granted: INFA 5103*",1*,Only available through CU Boulder on Coursera program offerings. Please refer to the Online Programs section of the catalog for more information.*,None*,Not Available*,Not Available*,,,,,
DTSA-5739*,Security and Ethical Hacking: Attacking Web and AI Systems*,"In this last course of the sequence, students will learn how web application and server attacks are conducted against a variety of web technologies and frameworks. In addition, we will introduce the topic of Adversarial Machine Learning and attacks in the Artifical Intelligence domain, including Language Model systems. Students will gain an elementary understanding of the science and techniques behind these attacks, with an appropriate introduction to the AI world. Course assessments are through quizzes, hands-on exercises and an exam. Equivalent - Duplicate Degree Credit Not Granted: CSCA 5323*",1*,Only available through CU Boulder on Coursera program offerings. Please refer to the Online Programs section of the catalog for more information.*,None*,Not Available*,Not Available*,,,,,
DTSA-5734*,The Structured Query Language (SQL)*,In this course students will thoroughly learn the Structured Query Language. Study includes all ANSI standard SQL commands and syntax. Lectures are supplemented with thorough hands-on lab assignments and exercises. Formerly offered as a special topics course.*,1*,Only available through CU Boulder on Coursera program offerings. Please refer to the Online Programs section of the catalog for more information.*,None*,Not Available*,Not Available*,,,,,
DTSA-5843*,Effective Communication Capstone Project*,"In this course students will create a portfolio of work that demonstrates their mastery of writing, design, and presentation skills. The portfolio includes three elements—a memo, a slide deck, and deliver presentation—integrated around a single topic. The capstone allows learners to engage meaningfully in their world by choosing a project relevant to their job.*",1*,Only available through CU Boulder on Coursera program offerings. Please refer to the Online Programs section of the catalog for more information.*,"Effective Communication: Writing, Design, and Presentation is a prerequisite for this course.*",Not Available*,Not Available*,,,,,
DTSA-5723*,Structuring Machine Learning Projects*,"In the third course of the Deep Learning Specialization, you will learn how to build a successful machine learning project and get to practice decision-making as a machine learning project leader. By the end, you will be able to diagnose errors in a machine learning system; prioritize strategies for reducing errors; understand complex ML settings, such as mismatched training/test sets, and comparing to and/or surpassing human-level performance; and apply end-to-end learning, transfer learning, and multi-task learning. This is also a standalone course for learners who have basic machine learning knowledge. This course draws on Andrew Ng’s experience building and shipping many deep learning products. If you aspire to become a technical leader who can set the direction for an AI team, this course provides the ""industry experience"" that you might otherwise get only after years of ML work experience.*",0.4*,Only available through CU Boulder on Coursera program offerings. Please refer to the Online Programs section of the catalog for more information.*,None*,Not Available*,Not Available*,,,,,
DTSA-5722*,"Improving Deep Neural Networks: Hyperparameter Tuning, Regularization and Optimization*","In the second course of the Deep Learning Specialization, you will open the deep learning black box to understand the processes that drive performance and generate good results systematically. By the end, you will learn the best practices to train and develop test sets and analyze bias/variance for building deep learning applications; be able to use standard neural network techniques such as initialization, L2 and dropout regularization, hyperparameter tuning, batch normalization, and gradient checking; implement and apply a variety of optimization algorithms, such as mini-batch gradient descent, Momentum, RMSprop and Adam, and check for their convergence; and implement a neural network in TensorFlow.*",0.5*,Only available through CU Boulder on Coursera program offerings. Please refer to the Online Programs section of the catalog for more information.*,None*,Not Available*,Not Available*,,,,,
DTSA-5724*,Convolutional Neural Networks*,"In the fourth course of the Deep Learning Specialization, you will understand how computer vision has evolved and become familiar with its exciting applications such as autonomous driving, face recognition, reading radiology images, and more. By the end, you will be able to build a convolutional neural network, including recent variations such as residual networks; apply convolutional networks to visual detection and recognition tasks; and use neural style transfer to generate art and apply these algorithms to a variety of image, video, and other 2D or 3D data.*",1*,Only available through CU Boulder on Coursera program offerings. Please refer to the Online Programs section of the catalog for more information.*,None*,Not Available*,Not Available*,,,,,
DTSA-5721*,Neural Networks and Deep Learning*,"In the first course of the Deep Learning Specialization, you will study the foundational concept of neural networks and deep learning. By the end, you will be familiar with the significant technological trends driving the rise of deep learning; build, train, and apply fully connected deep neural networks; implement efficient (vectorized) neural networks; identify key parameters in a neural network’s architecture; and apply deep learning to your own applications.*",0.7*,Only available through CU Boulder on Coursera program offerings. Please refer to the Online Programs section of the catalog for more information.*,None*,Not Available*,Not Available*,,,,,
DTSA-5725*,Sequence Models*,"In the fifth course of the Deep Learning Specialization, you will become familiar with sequence models and their exciting applications such as speech recognition, music synthesis, chatbots, machine translation, natural language processing (NLP), and more. By the end, you will be able to build and train Recurrent Neural Networks (RNNs) and commonly-used variants such as GRUs and LSTMs; apply RNNs to Character-level Language Modeling; gain experience with natural language processing and Word Embeddings; and use HuggingFace tokenizers and transformer models to solve different NLP tasks such as NER and Question Answering.*",1*,Only available through CU Boulder on Coursera program offerings. Please refer to the Online Programs section of the catalog for more information.*,None*,Not Available*,Not Available*,,,,,
DTSA-5013*,Generalized Linear Models and Nonparametric Regression*,"Generalized Linear Models and Nonparametric Regression teaches generalized linear models (GLMs), which provide an introduction to classification (through logistic regression); nonparametric modeling, including kernel estimators, smoothing splines; and semi-parametric generalized additive models (GAMs). Emphasis will be placed on a firm conceptual understanding of these tools. Attention will also be given to ethical issues raised by using complicated statistical models.*",1*,Only available through CU Boulder on Coursera program offerings. Please refer to the Online Programs section of the catalog for more information.*,None*,Not Available*,Not Available*,,,,,
DTSA-5304*,Fundamentals of Data Visualization*,"Explores the design, development, and evaluation of information visualizations. Combine aspects of design, computer graphics, HCI, and data science, to gain hands-on experience with creating visualizations, using exploratory tools, and architecting data narratives. Topics include user-centered design, web-based visualization, data cognition and perception, and design evaluation. Equivalent - Duplicate Degree Credit Not Granted: CSCA 5702*",1*,Only available through CU Boulder on Coursera program offerings. Please refer to the Online Programs section of the catalog for more information.*,None*,Not Available*,Not Available*,,,,,
DTSA-5901*,Special Topics*,Examines a special topic in Data Science. Repeatable: Repeatable for up to 9.0 total credit hours. *,1*,Only available through CU Boulder on Coursera program offerings. Please refer to the Online Programs section of the catalog for more information.*,None*,Not Available*,Not Available*,,,,,
DTSA-5900*,Special Topics*,Examines a special topic in Data Science. Repeatable: Repeatable for up to 23.0 total credit hours. Allows multiple enrollment in term.*,1*,Only available through CU Boulder on Coursera program offerings. Please refer to the Online Programs section of the catalog for more information.*,None*,Not Available*,Not Available*,,,,,
DTSA-5748*,Deep Learning for Natural Language Processing*,"Deep learning has revolutionized the field of natural language processing and led to many state-of-the-art results. This course introduces students to neural network models and training algorithms frequently used in natural language processing. At the end of this course, learners will be able to explain and implement feedforward networks, recurrent neural networks, convolutional neural networks, and transformers. They will also have an understanding of transfer learning, the paradigm behind popular models such as BERT and GPT-3. Equivalent - Duplicate Degree Credit Not Granted: CSCA 5842*",1*,Only available through CU Boulder on Coursera program offerings. Please refer to the Online Programs section of the catalog for more information.*,None*,Not Available*,Not Available*,,,,,
DTSA-5511*,Introduction to Deep Learning*,"Course will cover the basics of deep learning, such as multilayer perceptron, convolutional neural network, recurrent neural network, how to build and train neural network models, optimization methods, and application examples. Formerly offered as a special topics course. Equivalent - Duplicate Degree Credit Not Granted: CSCA 5642 *",1*,Only available through CU Boulder on Coursera program offerings. Please refer to the Online Programs section of the catalog for more information.*,None*,Not Available*,Not Available*,,,,,
DTSA-5022*,Statistical Learning for Data Science: Trees SVM and Unsupervised Learning*,"Consists of the foundational framework & application of tree-based methods, support vector machines, and unsupervised learning.*",1*,Only available through CU Boulder on Coursera program offerings. Please refer to the Online Programs section of the catalog for more information.*,None*,Not Available*,Not Available*,,,,,
DTSA-5020*,Statistical Learning for Data Science: Regression and Classification*,Consists of the foundational framework & application of simple and multiple linear regression and classification methods.*,1*,Only available through CU Boulder on Coursera program offerings. Please refer to the Online Programs section of the catalog for more information.*,None*,Not Available*,Not Available*,,,,,
DTSA-5021*,Statistical Learning for Data Science: Resampling Selection and Splines*,"Consists of the foundational framework & application of cross-validation, bootstrapping, dimensionality reduction, ridge regression, lasso, GAMs and splines.*",1*,Only available through CU Boulder on Coursera program offerings. Please refer to the Online Programs section of the catalog for more information.*,None*,Not Available*,Not Available*,,,,,
DTSA-5720*,"Computing, Ethics, and Society 3 - Applications*","Computing systems and technologies fundamentally impact the lives of most people in the world, including how we communicate, get information, socialize, and receive healthcare. This course is the third of a three course sequence that examines ethical issues in the design and implementation of computing systems and technologies, and reflects upon the broad implication of computing on our society. It covers medical applications, uses of robotics, autonomous vehicles, and the future of work.*",1*,Only available through CU Boulder on Coursera program offerings. Please refer to the Online Programs section of the catalog for more information.*,None*,Not Available*,Not Available*,,,,,
DTSA-5719*,"Computing, Ethics, and Society 2 - Algorithmic Bias and Professional Ethics*","Computing systems and technologies fundamentally impact the lives of most people in the world, including how we communicate, get information, socialize, and receive healthcare. This course is the second of a three course sequence that examines ethical issues in the design and implementation of computing systems and technologies, and reflects upon the broad implication of computing on our society. It covers algorithmic bias in machine learning methods, professional ethics, and issues in the tech workplace.*",1*,Only available through CU Boulder on Coursera program offerings. Please refer to the Online Programs section of the catalog for more information.*,None*,Not Available*,Not Available*,,,,,
DTSA-5718*,"Computing, Ethics, and Society 1 - Foundations*","Computing systems and technologies fundamentally impact the lives of most people in the world, including how we communicate, get information, socialize, and receive healthcare. This course is the first of a three course sequence that examines ethical issues in the design and implementation of computing systems and technologies, and reflects upon the broad implication of computing on our society. It covers ethical theories, privacy, security, social media, and misinformation.*",1*,Only available through CU Boulder on Coursera program offerings. Please refer to the Online Programs section of the catalog for more information.*,None*,Not Available*,Not Available*,,,,,
DTSA-5752*,Practical Molecular Simulation Calculations*,"Building on the previous courses, this course covers a number of practical topics for calculations in biotechnology, pharmaceutical design and materials modeling including calculating polymer properties, modeling the behavior of proteins, estimating drug binding affinities, again based around using common open-source modeling software.*",1*,Only available through CU Boulder on Coursera program offerings. Please refer to the Online Programs section of the catalog for more information.*,None*,Not Available*,Not Available*,,,,,
DTSA-5502*,Trees and Graphs: Basics*,"Basic algorithms on tree data structures, binary search trees, self-balancing trees, graph data structures and basic traversal algorithms on graphs. This course also covers advanced topics such as kd-trees for spatial data and algorithms for spatial data.*",1*,Only available through CU Boulder on Coursera program offerings. Please refer to the Online Programs section of the catalog for more information.*,None*,Not Available*,Not Available*,,,,,
DTSA-5737*,Protecting Individual Privacy on the Internet*," This is the second of three courses exploring Internet Policy: Principles and Problems, which is part of CU Boulder’s Master of Science in Data Science and Master of Science in Computer Science programs on Coursera. This course critiques and develops regulatory approaches to real-world privacy problems created by the Internet. Learners will create a privacy brief based upon the exposure of their own private information when surfing the web. Successful completion of the first course in this series is recommended. Equivalent - Duplicate Degree Credit Not Granted: CSCA 5443*",1*,Only available through CU Boulder on Coursera program offerings. Please refer to the Online Programs section of the catalog for more information.*,Recommended: Prerequisite DTSA 5736/CSCA 5433.*,Not Available*,Not Available*,,,,,
DTSA-5733*,Relational Database Design*, This course will prepare students with the tools needed to design a Relational Database System. Formerly offered as a special topics course.*,1*,Only available through CU Boulder on Coursera program offerings. Please refer to the Online Programs section of the catalog for more information.*,None*,Not Available*,Not Available*,,,,,
DTSA-5001*,Probability Foundations for Data Science and AI*," Probability Theory covers the foundations of probability and its relationship to statistics and data science. Calculate a probability, independent and dependent outcomes, and conditional events. Understand discrete and continuous random variables and see how this fits with data collection. Learn Gaussian (normal) random variables and the Central Limit Theorem and understand it’s fundamental importance for statistics and data science. Equivalent - Duplicate Degree Credit Not Granted: APPA 5001*",1*,Only available through CU Boulder on Coursera program offerings. Please refer to the Online Programs section of the catalog for more information.*,None*,Not Available*,Not Available*,,,,,
DTSA-5002*,Statistical Estimation for Data Science and AI*," Introduction to statistical inference, sampling distributions, and confidence intervals. Learn how to define and construct good estimators, method of moments estimation, maximum likelihood estimation, and methods of constructing confidence intervals that will extend to more general settings. Equivalent - Duplicate Degree Credit Not Granted: APPA 5003*",1*,Only available through CU Boulder on Coursera program offerings. Please refer to the Online Programs section of the catalog for more information.*,None*,Not Available*,Not Available*,,,,,
DTSA-5507*,Fundamentals of Software Architecture for Big Data*," Intended for individuals looking to understand the basics of software engineering as they relate to building large software systems that leverage big data. Students will be introduced to software engineering concepts necessary to build and scale large, data intensive, distributed systems. Starting with software engineering best practices and loosely coupled, highly cohesive data microservices, the course takes students through the evolution of a distributed system over time. Formerly offered as a special topics course. Equivalent - Duplicate Degree Credit Not Granted: CSCA 5008*",1*,Only available through CU Boulder on Coursera program offerings. Please refer to the Online Programs section of the catalog for more information.*,None*,Not Available*,Not Available*,,,,,
CSCI-5011*,AI Professional Skills*,Not Available*,1*,Not Available*,Not Available*,Not Available*; AINT-MSAI: Professional Development*,Not Available*,,,,,
CSCI-5012*,AI Toolkits*,Not Available*,1*,Not Available*,Not Available*,Not Available*; AINT-MSAI: Professional Development*,Not Available*,,,,,
CSCI-5013*,AI Ethics*,Not Available*,1*,Not Available*,Not Available*,Not Available*; AINT-MSAI: Professional Development*,Not Available*,,,,,
CSPB-3202*,Introduction to Artificial Intelligence*,"Surveys artificial intelligence techniques of search, knowledge representation and reasoning, probabilistic inference, machine learning, and natural language. Equivalent - Duplicate Degree Credit Not Granted: CSCI 3202 *",3*,"(SU26): 001C: This class will be taught online and delivered asynchronously which means there are not scheduled days and times. Instructor may determine pacing and deadlines for coursework completion. See course syllabus for more information. Students must select letter grade option to receive credit for this course. 750: This section is available only to NONDEGREE students. Nondegree students should contact cspbonline@colorado.edu for approval to enroll. Tuition for this section is at least $1,078.00 per credit hour regardless of residency classification or undergraduate/graduate level. This class is NOT COF eligible. This class will be taught online and delivered asynchronously which means there are not scheduled days and times. Instructor may determine pacing and deadlines for coursework completion. See course syllabus for more information. 751: This section is available only to degree students who are not in the Applied Computer Science Post-Baccalaureate Program. Tuition for this section is at least $1,047.00 per credit hour regardless of residency classification or undergraduate/graduate level. This class will be taught online and delivered asynchronously which means there are not scheduled days and times. Instructor may determine pacing and deadlines for coursework completion. See course syllabus for more information.*",Requisites: Req. prereq of (CSPB/CSCI2270 or CSCI2275) (APPM3170 or CSPB/CSCI2824 or ECEN2703 or MATH2001) one of: (APPM3570/4570/CHEN3010/CSCI3022/CSPB3022/CVEN3227/ECEN3810/ECON3818/MATH3510/4510/STAT4520) (all min C-). Rstr to AppCompSci post-bac(CSAP). Recommended: Knowledge of Python is strongly recommended.*,Post-Bacc: Elective. Ineligible to count towards CS graduate degree requirements.*,Not Available*,,,,,
CSPB-4122*,Information Visualization*,"Studies interactive visualization techniques that help people analyze data. This course introduces design, development, and validation approaches for interactive visualizations with applications in various domains, including the analysis of text collections, software visualization, network analytics, and the biomedical sciences. It covers underlying principles, provides an overview of existing techniques, and teaches the background necessary to design innovative visualizations.*",3*,"(FA26): 001C: This class will be taught online and delivered asynchronously which means there are not scheduled days and times. Instructor may determine pacing and deadlines for coursework completion. See course syllabus for more information. Students must select letter grade option to receive credit for this course.This section is available only to NONDEGREE students. Nondegree students should contact cspbonline@colorado.edu for approval to enroll. Tuition for this section is at least $1,078.00 per credit hour regardless of residency classification or undergraduate/graduate level. This class is NOT COF eligible. This class will be taught online and delivered asynchronously which means there are not scheduled days and times. Instructor may determine pacing and deadlines for coursework completion. See course syllabus for more information.*",Requisites: Requires prerequisite or corequisite courses CSCI 1300 or CSPB 1300 and CSCI 2824 or CSPB 2824 (all minimum grade C-). Restricted to students in the Applied Computer Science Post-baccalaureate program (CSAP) only.*,Post-Bacc: Elective. Ineligible to count towards CS graduate degree requirements.*,Not Available*,,,,,
CSPB-4900*,"Upper Division, Undergraduate Level Independent Study*",Provides opportunities for independent study at the upper-division undergraduate level. Students work on a small research problem or tutor lower-division computer science students. Department consent required. Repeatable: Repeatable for up to 3.0 total credit hours. *,1-3*,(CSAP 13-wk SP25) 902: This class will be taught online and delivered asynchronously which means there are not scheduled days and times. Instructor may determine pacing and deadlines for coursework completion. See course syllabus for more information.*,Requisites: Requires prerequisite course of CSPB 1300 or CSCI 1300 (minimum grade C-).*,Post-Bacc: Elective. Ineligible to count towards CS graduate degree requirements.*,Not Available*,,,,,
CSPB-3287*,Design and Analysis of Database Systems*,"Introduces the fundamental concepts of database requirements analysis, database design, and database implementation with emphasis on the relational model and the SQL programming language. Introduces the concepts of Big Data and NoSQL systems. Equivalent - Duplicate Degree Credit Not Granted: CSCI 3287 *",3*,"(FA26): 001C: This class will be taught online and delivered asynchronously which means there are not scheduled days and times. Instructor may determine pacing and deadlines for coursework completion. See course syllabus for more information. Students must select letter grade option to receive credit for this course.This section is available only to NONDEGREE students. Nondegree students should contact cspbonline@colorado.edu for approval to enroll. Tuition for this section is at least $1,078.00 per credit hour regardless of residency classification or undergraduate/graduate level. This class is NOT COF eligible. This class will be taught online and delivered asynchronously which means there are not scheduled days and times. Instructor may determine pacing and deadlines for coursework completion. See course syllabus for more information.*",Requisites: Requires prerequisite course of CSCI 2270 or CSCI 2275 or CSPB 2270 (minimum grade C-). Restricted to students in the Applied Computer Science Post-baccalaureate program (CSAP) only.*,Post-Bacc: Elective. Ineligible to count towards CS graduate degree requirements.*,Not Available*,,,,,
CSPB-4622*,Machine Learning*,"Introduces students to tools, methods, and theory to construct predictive and inferential models that learn from data. Focuses on supervised machine learning techniques including practical and theoretical understanding of the most widely used algorithms (decision trees, support vector machines, ensemble methods, and neural networks). Emphasizes both efficient implementation of algorithms and understanding of mathematical foundations. Equivalent - Duplicate Degree Credit Not Granted: CSCI 4622 *",3*,"(FA26): 001C: This class will be taught online and delivered asynchronously which means there are not scheduled days and times. Instructor may determine pacing and deadlines for coursework completion. See course syllabus for more information. Students must select letter grade option to receive credit for this course.This section is available only to NONDEGREE students. Nondegree students should contact cspbonline@colorado.edu for approval to enroll. Tuition for this section is at least $1,078.00 per credit hour regardless of residency classification or undergraduate/graduate level. This class is NOT COF eligible. This class will be taught online and delivered asynchronously which means there are not scheduled days and times. Instructor may determine pacing and deadlines for coursework completion. See course syllabus for more information.*","Requisites: Prereqs: (CSCI/CSPB2270 or CSCI2275)(1 of APPM3310,CSCI/CSPB2820,MATH2130/2135)(1 of CSCI2824,CSPB2824,ECEN2703,APPM3170,MATH2001)(1 of APPM3570,CSCI/CSPB3022,CVEN3227,ECEN3810,ECON3818,MATH3510,MCEN3047,STAT3100/4000)(all min C-). CSAP students only.*",Post-Bacc: Elective. Ineligible to count towards CS graduate degree requirements.*,Not Available*,,,,,
CSPB-3022*,Introduction to Data Science with Probability and Statistics*,"Introduces students to the tools, methods and theory behind extracting insights from data. Covers algorithms of cleaning and munging data, probability theory and common distributions, statistical simulation, drawing inferences from data, and basic statistical modeling. Equivalent - Duplicate Degree Credit Not Granted: CSCI 3022 *",3*,"(FA26): 001C: This class will be taught online and delivered asynchronously which means there are not scheduled days and times. Instructor may determine pacing and deadlines for coursework completion. See course syllabus for more information. Students must select letter grade option to receive credit for this course.This section is available only to NONDEGREE students. Nondegree students should contact cspbonline@colorado.edu for approval to enroll. Tuition for this section is at least $1,078.00 per credit hour regardless of residency classification or undergraduate/graduate level. This class is NOT COF eligible. This class will be taught online and delivered asynchronously which means there are not scheduled days and times. Instructor may determine pacing and deadlines for coursework completion. See course syllabus for more information.*",Requisites: Requires prereq or coreq of (ASEN 1320 or CSCI 1300 or CSPB 1300 or ECEN 1310) (APPM 3170 or CSCI 2824 or CSPB 2824 or ECEN 2703 or MATH 2001) (min grade C-). Restricted to students in the Applied Computer Science Post-baccalaureate program (CSAP) onl*,Post-Bacc: Elective. Ineligible to count towards CS graduate degree requirements.*,Not Available*,,,,,
CSPB-3302*,Introduction to Robotics*,"Introduces students to fundamental concepts in autonomous robotics: mechanisms, locomotion, kinematics, control, perception and planning. Consists of lectures and lab sessions that are geared toward developing a complete navigation stack on a miniature mobile robotic platform. Equivalent - Duplicate Degree Credit Not Granted: ECEN 3303 and CSCI 3302 *",3*,None available (FA24-FA26)*,Requisites: Requires prereqs of (CSCI 2270 or CSPB 2270 or CSCI 2275) (APPM 3170 or CSCI 2824 or CSPB 2824 or ECEN 2703 or MATH 2001) (CSCI 2820 or CSPB 2820)(all min grade C-). Restricted to students in the Applied Computer Science Post-bac program(CSAP) only*,Post-Bacc: Elective. Ineligible to count towards CS graduate degree requirements.*,Not Available*,,,,,
CSPB-3403*,Introduction to Cybersecurity for a Converged World*,"Introduces core concepts in cybersecurity including confidentiality, integrity, authentication, risk management, and adversarial thinking. The concepts will be applied to both traditional information technology (IT) systems and cyber physical systems (CPS). At the conclusion of the course students should have a solid foundation in cybersecurity and hands-on experience. Equivalent - Duplicate Degree Credit Not Granted: CSCI 3403 *",4*,"(FA26): 001C: This class will be taught online and delivered asynchronously which means there are not scheduled days and times. Instructor may determine pacing and deadlines for coursework completion. See course syllabus for more information. Students must select letter grade option to receive credit for this course.This section is available only to NONDEGREE students. Nondegree students should contact cspbonline@colorado.edu for approval to enroll. Tuition for this section is at least $1,078.00 per credit hour regardless of residency classification or undergraduate/graduate level. This class is NOT COF eligible. This class will be taught online and delivered asynchronously which means there are not scheduled days and times. Instructor may determine pacing and deadlines for coursework completion. See course syllabus for more information.*",Requisites: Requires prerequisite course of CSCI 2400 or ECEN 2360 or ECEN 3350 (minimum grade C-). Restricted to students in the Applied Computer Science Post-baccalaureate program (CSAP) only.*,Post-Bacc: Elective. Ineligible to count towards CS graduate degree requirements.*,Not Available*,,,,,
CSPB-3702*,Cognitive Science*,"Introduces cognitive science, drawing from psychology, philosophy, artificial intelligence, neuroscience, and linguistics. Studies the linguistic relativity hypothesis, consciousness, categorization, linguistic rules, the mind-body problem, nature versus nurture, conceptual structure and metaphor, logic/problem solving and judgment. Emphasizes the nature, implications and limitations of the computational model of mind. Equivalent - Duplicate Degree Credit Not Granted: INFO 3702 and LING 3005 and PHIL 3310 and PSYC 3005 and SLHS 3003 and CSCI 3702 *",3*,"(FA26): 001C: This class will be taught online and delivered asynchronously which means there are not scheduled days and times. Instructor may determine pacing and deadlines for coursework completion. See course syllabus for more information. Students must select letter grade option to receive credit for this course.This section is available only to NONDEGREE students. Nondegree students should contact cspbonline@colorado.edu for approval to enroll. Tuition for this section is at least $1,078.00 per credit hour regardless of residency classification or undergraduate/graduate level. This class is NOT COF eligible. This class will be taught online and delivered asynchronously which means there are not scheduled days and times. Instructor may determine pacing and deadlines for coursework completion. See course syllabus for more information.*",Requisites: Requires prerequisite or corequiste of ASEN 1320 or CSCI 1300 or CSCI 2275 or CSPB 1300 or ECEN 1310 (minimum grade C-). Restricted to students in the Applied Computer Science Post-baccalaureate program (CSAP) only. Recommended: Prerequisites LING 2000 or PHIL 2440 or PSYC 2145.*,Post-Bacc: Elective. Ineligible to count towards CS graduate degree requirements.*,Not Available*,,,,,
CSPB-4502*,Data Mining*,"Introduces basic data mining concepts and techniques for discovering interesting patterns hidden in large-scale data sets, focusing on issues relating to effectiveness and efficiency. Topics covered include data preprocessing, data warehouse, association, classification, clustering, and mining specific data types such as time-series, social networks, multimedia, and Web data. Equivalent - Duplicate Degree Credit Not Granted: CSCI 5502 and CSCI 4502 *",3*,"(SU26): 001C: This class will be taught online and delivered asynchronously which means there are not scheduled days and times. Instructor may determine pacing and deadlines for coursework completion. See course syllabus for more information. Students must select letter grade option to receive credit for this course. 750: This section is available only to NONDEGREE students. Nondegree students should contact cspbonline@colorado.edu for approval to enroll. Tuition for this section is at least $1,078.00 per credit hour regardless of residency classification or undergraduate/graduate level. This class is NOT COF eligible. This class will be taught online and delivered asynchronously which means there are not scheduled days and times. Instructor may determine pacing and deadlines for coursework completion. See course syllabus for more information. 751: This section is available only to degree students who are not in the Applied Computer Science Post-Baccalaureate Program. Tuition for this section is at least $1,047.00 per credit hour regardless of residency classification or undergraduate/graduate level. This class will be taught online and delivered asynchronously which means there are not scheduled days and times. Instructor may determine pacing and deadlines for coursework completion. See course syllabus for more information.*",Requisites: Requires prerequisite course of CSPB 2270 or CSCI 2270 or CSCI 2275 (minimum grade C-). Restricted to students in the Applied Computer Science Post-baccalaureate program (CSAP) only.*,Post-Bacc: Elective. Ineligible to count towards CS graduate degree requirements.*,Not Available*,,,,,
CSPB-3832*,Natural Language Processing*,"Explores the theoretical and practical issues that arise in getting computers to perform useful and interesting tasks with human languages. Topics include information extraction, dialog systems and machine translation. Focus is on the use of language data and machine learning algorithms to build robust systems. Equivalent - Duplicate Degree Credit Not Granted: CSCI 3832 *",3*,"(FA26): 001C: This class will be taught online and delivered asynchronously which means there are not scheduled days and times. Instructor may determine pacing and deadlines for coursework completion. See course syllabus for more information. Students must select letter grade option to receive credit for this course.This section is available only to NONDEGREE students. Nondegree students should contact cspbonline@colorado.edu for approval to enroll. Tuition for this section is at least $1,078.00 per credit hour regardless of residency classification or undergraduate/graduate level. This class is NOT COF eligible. This class will be taught online and delivered asynchronously which means there are not scheduled days and times. Instructor may determine pacing and deadlines for coursework completion. See course syllabus for more information.*",Requisites: Requires prerequisite courses of (CSPB 2270 or CSCI 2270 or CSCI 2275) and (CSPB 2824 or CSCI 2824 or MATH 2001 or ECEN 2703 or APPM 3170) (all minimum grade C-). Restricted to students in the Applied Computer Science Post-bacc program (CSAP) only.*,Post-Bacc: Elective. Ineligible to count towards CS graduate degree requirements.*,Not Available*,,,,,
CSPB-3010*,Intensive Programming Workshop*,"Explores concepts and techniques for design and construction of larger, reliable, and maintainable software systems in the context of object-oriented programming. Covers various topics including: object-oriented programming paradigms, scope, inheritance, program structure and design, practical use of version control, working with established code bases, and building graphical user interfaces. Emphasizes coding individually and in pairs and includes in class lab work, smaller coding assignments, and multiple weeks-long projects. Not intended for students in their final year of the Computer Science BA or BS degree. Formerly offered as a special topics course. Equivalent - Duplicate Degree Credit Not Granted: CSCI 3010 *",3*,"(FA26): 001C: This class will be taught online and delivered asynchronously which means there are not scheduled days and times. Instructor may determine pacing and deadlines for coursework completion. See course syllabus for more information. Students must select letter grade option to receive credit for this course.This section is available only to NONDEGREE students. Nondegree students should contact cspbonline@colorado.edu for approval to enroll. Tuition for this section is at least $1,078.00 per credit hour regardless of residency classification or undergraduate/graduate level. This class is NOT COF eligible. This class will be taught online and delivered asynchronously which means there are not scheduled days and times. Instructor may determine pacing and deadlines for coursework completion. See course syllabus for more information.*",Requisites: Requires a prereq course of (CSCI 2270 or CSCI 2275) and a prerequisite or co-requisite course of CSCI 3308 or CSPB 3308 (all minimum grade C-). Restricted to students in the Applied Computer Science Post-baccalaureate program (CSAP) only.*,Post-Bacc: Elective. Ineligible to count towards CS graduate degree requirements.*,Not Available*,,,,,
CSPB-4830*,Special Topics in Applied Computer Science*,Covers topics of interest in applied computer science at the undergraduate level. Content varies from semester to semester. Repeatable: Repeatable for up to 9.0 total credit hours. Allows multiple enrollment in term. *,1-4*,Depends on section*,Requisites: Restricted to students in the Applied Computer Science Post-baccalaureate program (CSAP) only.*,Post-Bacc: Elective. Ineligible to count towards CS graduate degree requirements.*,Not Available*,,,,,
CSPB-3112*,Professional Development in Computer Science*,"Supports students in developing professional skills and practices in computing, including: preparing for technical and behavioral interviews, professional networking, mastering new technologies not addressed in the curriculum, presenting work, the role of graduate study, and exploring career and research directions. Repeatable: Repeatable for up to 2.0 total credit hours. *",1*,(FA26): 800C: This class will be taught online and delivered asynchronously which means there are not scheduled days and times. Instructor may determine pacing and deadlines for coursework completion. See course syllabus for more information. Students must select letter grade option to receive credit for this course.*,Requisites: Requires prerequisite course of CSPB 2270 or CSCI 2270 or CSCI 2275 (minimum grade C-). Restricted to students in the Applied Computer Science Post-baccalaureate program (CSAP) only.*,Post-Bacc: Elective. Ineligible to count towards CS graduate degree requirements.*,Not Available*,,,,,
CSPB-1000*,Computer Science as a Field of Work and Study*,"Introduces curriculum, learning techniques, time management and career opportunities in Computer Science. Includes presentations from alumni and others with relevant educational and professional experience. Equivalent - Duplicate Degree Credit Not Granted: CSCI 1000 *",1*,None available (FA24-FA26)*,Requisites: Restricted to students in the Applied Computer Science Post-baccalaureate program (CSAP) only.*,Post-Bacc: Elective. Ineligible to count towards CS graduate degree requirements.*,Not Available*,,,,,
CSPB-3753*,Design and Analysis of Operating Systems*,"Analyzes the software that extends hardware to provide a computing environment, including the role of linkers, file systems, resource sharing, security and networking. Studies the history of operating system organization and design and their influence on security, functionality and reliability. Equivalent - Duplicate Degree Credit Not Granted: CSCI 3753 *",4*,"(FA26): 001C: This class will be taught online and delivered asynchronously which means there are not scheduled days and times. Instructor may determine pacing and deadlines for coursework completion. See course syllabus for more information. Students must select letter grade option to receive credit for this course.This section is available only to NONDEGREE students. Nondegree students should contact cspbonline@colorado.edu for approval to enroll. Tuition for this section is at least $1,078.00 per credit hour regardless of residency classification or undergraduate/graduate level. This class is NOT COF eligible. This class will be taught online and delivered asynchronously which means there are not scheduled days and times. Instructor may determine pacing and deadlines for coursework completion. See course syllabus for more information.*",Requisites: Requires prerequisite courses of (CSCI 2270 or CSPB 2270 or CSCI 2275) and (CSCI 2400 or CSPB 2400 or ECEN 3350) (all minimum grade C-). Restricted to students in the Applied Computer Science Post-baccalaureate program (CSAP) only.*,Post-Bacc: Elective. Ineligible to count towards CS graduate degree requirements. Grad admissions requirements: CS PhD/MSCS/MSCPS - Software requirement*,Not Available*,,,,,
CSPB-2820*,Linear Algebra with Computer Science Applications*,"Introduces the fundamentals of linear algebra in the context of computer science applications. Includes vector spaces, matrices, linear systems, and eigenvalues. Includes the basics of floating point computation and numerical linear algebra. Equivalent - Duplicate Degree Credit Not Granted: CSCI 2820 *",3*,"(FA26): 001C: This class will be taught online and delivered asynchronously which means there are not scheduled days and times. Instructor may determine pacing and deadlines for coursework completion. Students must select letter grade option to receive credit for this course. See course syllabus for more information. 750: This section is available only to NONDEGREE students. Nondegree students should contact cspbonline@colorado.edu for approval to enroll. Tuition for this section is at least $1,078.00 per credit hour regardless of residency classification or undergraduate/graduate level. This class is NOT COF eligible. This class will be taught online and delivered asynchronously which means there are not scheduled days and times. Instructor may determine pacing and deadlines for coursework completion. See course syllabus for more information.*",Requisites: Requires prerequisite courses of CSPB 2824 or CSCI 2824 or APPM 1345 or APPM 1350 or MATH 1300 or MATH 1310 (all minimum grade C-). Restricted to students in the Applied Computer Science Post-baccalaureate program (CSAP) only.*,Post-Bacc: Elective. Ineligible to count towards CS graduate degree requirements. Grad course prerequisite: can satisfy CSCI 5622 prerequisite with a 'B' or higher*,Not Available*,,,,,
CSPB-2824*,Discrete Structures*,"Covers foundational materials for computer science that is often assumed in advanced courses. Topics include set theory, Boolean algebra, functions and relations, graphs, propositional and predicate calculus, proofs, mathematical induction, recurrence relations, combinatorics, discrete probability. Focuses on examples based on diverse applications of computer science. Equivalent - Duplicate Degree Credit Not Granted: CSCI 2824 *",3*,"(FA26): 001C: This class will be taught online and delivered asynchronously which means there are not scheduled days and times. Instructor may determine pacing and deadlines for coursework completion. Students must select letter grade option to receive credit for this course. See course syllabus for more information. 750: This section is available only to NONDEGREE students. Nondegree students should contact cspbonline@colorado.edu for approval to enroll. Tuition for this section is at least $1,078.00 per credit hour regardless of residency classification or undergraduate/graduate level. This class is NOT COF eligible. This class will be taught online and delivered asynchronously which means there are not scheduled days and times. Instructor may determine pacing and deadlines for coursework completion. See course syllabus for more information.*",Requisites: Requires prerequisite or corequisite course of ASEN 1320 or CSCI 1300 or CSPB 1300 or ECEN 1310 (all minimum grade C-). Restricted to students in the Applied Computer Science Post-baccalaureate program (CSAP) only.*,Post-Bacc: Required. Ineligible to count towards CS graduate degree requirements.*,Not Available*,,,,,
CSPB-2400*,Computer Systems*,"Covers how programs are represented and executed by modern computers, including low-level machine representations of programs and data, an understanding of how computer components and the memory hierarchy influence performance. Equivalent - Duplicate Degree Credit Not Granted: CSCI 2400*",4*,"(FA26): 001C: This class will be taught online and delivered asynchronously which means there are not scheduled days and times. Instructor may determine pacing and deadlines for coursework completion. Students must select letter grade option to receive credit for this course. See course syllabus for more information. 750: This section is available only to NONDEGREE students. Nondegree students should contact cspbonline@colorado.edu for approval to enroll. Tuition for this section is at least $1,078.00 per credit hour regardless of residency classification or undergraduate/graduate level. This class is NOT COF eligible. This class will be taught online and delivered asynchronously which means there are not scheduled days and times. Instructor may determine pacing and deadlines for coursework completion. See course syllabus for more information.*",Requisites: Requires (corequisite course of CSCI 2275) or (prerequisite of CSPB 2270 or CSCI 2270) (all minimum grade C-). Restricted to students in the Applied Computer Science Post-baccalaureate program (CSAP) only.*,Post-Bacc: Required. Ineligible to count towards CS graduate degree requirements. Grad admissions requirements: CS PhD/MSCS/MSCPS - Hardware requirement; MSAI - Systems requirement. Grad course prerequisite: can satisfy CSCI 5313  prerequisite #2 with a 'C' or higher*,Not Available*,,,,,
CSPB-3155*,Principles of Programming Languages*,"Studies principles governing the design and analysis of programming languages and their underlying execution models. Explores values, scoping, recursion, higher-order functions, type systems, control structures, and objects. Introduces formal semantics as a framework for understanding programming features. Introduces advanced programming concepts such as functional programming, higher-order functions, immutable values and structures, inductive types, functors, continuation-passing; and object-oriented programming using inheritance, generics and covariance/contravariance in a functional programming language such as Scala. Equivalent - Duplicate Degree Credit Not Granted: CSCI 3155 *",4*,"(FA26): 001C: This class will be taught online and delivered asynchronously which means there are not scheduled days and times. Instructor may determine pacing and deadlines for coursework completion. See course syllabus for more information. Students must select letter grade option to receive credit for this course.This section is available only to NONDEGREE students. Nondegree students should contact cspbonline@colorado.edu for approval to enroll. Tuition for this section is at least $1,078.00 per credit hour regardless of residency classification or undergraduate/graduate level. This class is NOT COF eligible. This class will be taught online and delivered asynchronously which means there are not scheduled days and times. Instructor may determine pacing and deadlines for coursework completion. See course syllabus for more information.*",Requisites: Requires prerequisite courses of (CSCI 2270 or CSPB 2270 or CSCI 2275) and (APPM 3170 or CSCI 2824 or CSPB 2824 or ECEN 2703 or MATH 2001) (all min grade C-). Restricted to students in the Applied Computer Science Post-baccalaureate program (CSAP) only.*,Post-Bacc: Required. Ineligible to count towards CS graduate degree requirements. Grad admissions requirements: CS PhD/MSCS/MSCPS - Software requirement*,Not Available*,,,,,
CSPB-2270*,Computer Science 2: Data Structures*,"Studies data abstractions (e.g., stacks, queues, lists, trees, graphs, heaps, hash tables, priority queues) and their representation techniques (e.g., linking, arrays). Introduces concepts used in algorithm design and analysis including criteria for selecting data structures to fit their applications. Equivalent - Duplicate Degree Credit Not Granted: CSCI 2275 CSCI 2270 *",4*,"(FA26): 001C: This class will be taught online and delivered asynchronously which means there are not scheduled days and times. Instructor may determine pacing and deadlines for coursework completion. Students must select letter grade option to receive credit for this course. See course syllabus for more information. 750: This section is available only to NONDEGREE students. Nondegree students should contact cspbonline@colorado.edu for approval to enroll. Tuition for this section is at least $1,078.00 per credit hour regardless of residency classification or undergraduate/graduate level. This class is NOT COF eligible. This class will be taught online and delivered asynchronously which means there are not scheduled days and times. Instructor may determine pacing and deadlines for coursework completion. See course syllabus for more information.*",Requisites: Requires prerequisite course of (ASEN 1320 minimum grade B-) or (CSCI 1300 or CSCI 1310 or CSPB 1300 or ECEN 1310 (minimum grade C-). Restricted to students in the Applied Computer Science Post-baccalaureate program (CSAP) only. Recommended: Knowledge of C++ is highly recommended.*,Post-Bacc: Required. Ineligible to count towards CS graduate degree requirements. Grad admissions requirements: CS PhD/MSCS/MSCPS - Theory requirement (#1). Grad course prerequisite: can satisfy CSCI 5313  prerequisite #1 with a 'C' or higher*,Not Available*,,,,,
CSPB-3104*,Algorithms*,"Covers the fundamentals of algorithms and various algorithmic strategies, including time and space complexity, sorting algorithms, recurrence relations, divide and conquer algorithms, greedy algorithms, dynamic programming, linear programming, graph algorithms, problems in P and NP, and approximation algorithms. Equivalent - Duplicate Degree Credit Not Granted: CSCI 3104 *",4*,"(FA26): 001C: This class will be taught online and delivered asynchronously which means there are not scheduled days and times. Instructor may determine pacing and deadlines for coursework completion. See course syllabus for more information. Students must select letter grade option to receive credit for this course.This section is available only to NONDEGREE students. Nondegree students should contact cspbonline@colorado.edu for approval to enroll. Tuition for this section is at least $1,078.00 per credit hour regardless of residency classification or undergraduate/graduate level. This class is NOT COF eligible. This class will be taught online and delivered asynchronously which means there are not scheduled days and times. Instructor may determine pacing and deadlines for coursework completion. See course syllabus for more information.*",Requisites: Requires prereq course (APPM 3170 or CSCI 2824 or CSPB 2824 or ECEN 2703 or MATH 2001) prereq or coreq course of (CSCI 2270 or CSPB 2270) (all min grade C-). Restricted to students in the Applied Computer Science Post-baccalaureate program (CSAP) only*,Post-Bacc: Required. Ineligible to count towards CS graduate degree requirements. Grad admissions requirements: CS PhD/MSCS/MSCPS - Theory requirement (#2)*,Not Available*,,,,,
CSPB-1300*,Computer Science 1: Starting Computing*,Teaches techniques for writing computer programs in higher level programming languages to solve problems of interest in a range of application domains. Appropriate for students with little to no experience in computing or programming. Equivalent - Duplicate Degree Credit Not Granted: ECEN 1310 CSCI 1300*,4*,(CSAP 13-wk FA26) 001C: This class will be taught online and delivered asynchronously which means there are not scheduled days and times. Instructor may determine pacing and deadlines for coursework completion. See course syllabus for more information. Students must select letter grade option to receive credit for this course. 750: This section is available only to NONDEGREE students. Nondegree students should contact cspbonline@colorado.edu for approval to enroll. Tuition for this section is at least $1047.00 per credit hour regardless of residency classification or undergraduate/graduate level. This class is NOT COF eligible. -- This class will be taught online and delivered asynchronously which means there are not scheduled days and times. Instructor may determine pacing and deadlines for coursework completion. See course syllabus for more information.*,Requisites: Restricted to students in the Applied Computer Science Post-baccalaureate program (CSAP) only.*,Post-Bacc: Required. Ineligible to count towards CS graduate degree requirements. Grad admissions requirements: MSAI - Programming requirement *,Not Available*,,,,,
CSPB-3308*,Software Development Methods and Tools*,"Covers tools and techniques for successful software development with a strong focus on best practices used in industry. Students work in small teams to complete a semester-long application development project. Students learn front-end design and construction using HTML & CSS, back-end database design and construction, and full-stack integration. Students gain exposure to agile methodologies, web services, distributed version control, requirements definition, automated integration testing, and cloud-based application deployment. Equivalent - Duplicate Degree Credit Not Granted: CSCI 3308 *",3*,"(FA26): 001C: This class will be taught online and delivered asynchronously which means there are not scheduled days and times. Instructor may determine pacing and deadlines for coursework completion. See course syllabus for more information. Students must select letter grade option to receive credit for this course.This section is available only to NONDEGREE students. Nondegree students should contact cspbonline@colorado.edu for approval to enroll. Tuition for this section is at least $1,078.00 per credit hour regardless of residency classification or undergraduate/graduate level. This class is NOT COF eligible. This class will be taught online and delivered asynchronously which means there are not scheduled days and times. Instructor may determine pacing and deadlines for coursework completion. See course syllabus for more information.*",Requisites: Requires (prerequisite or corequisite course of CSCI 2275) or (prerequisite of CSPB 2270 or CSCI 2270) (all minimum grade C-). Restricted to students in the Applied Computer Science Post-baccalaureate program (CSAP) only.*,Post-Bacc: Required. Ineligible to count towards CS graduate degree requirements. Grad admissions requirements: MSAI - Systems Requirement*,Not Available*,,,,,
APPM-5720*,Open Topics in Applied Mathematics*,"Provides a vehicle for the development and presentation of new topics that may be incorporated into the core courses in applied mathematics. Department enforced prerequisite: variable, depending on the topic, see instructor. Equivalent - Duplicate Degree Credit Not Granted: APPM 4720. Repeatable: Repeatable for up to 6.0 total credit hours. Allows multiple enrollment in term.*",1-3*,Use Search by Special Topics section for details*,Use Search by Special Topics section for details*,Use Search by Special Topics section for details. Convex Optimization is approed for AINT-MSAI Depth*,Not Available*,,,,,
ECEN-5672*,Digital Image Processing*,"Provides a hands-on experience of image processing ranging from image formation, basic Fourier theory in multiple dimensions, machine learning theory as applied to image processing ranging from perceptions through transformers and LLM,s with applications, image denoising, image quality prediction, 3D-ranging by stereo, visual neuroscience of pictures and picture statistics. Homeworks are hands on applications of learned methods to real image processing tasks, and there is a semester-long project expected of each student or student team. Equivalent - Duplicate Degree Credit Not Granted: ECEN 4672 *",3*,"(FA26): If you need permission to enroll due to a course prerequisite or other enrollment error code, please fill out our ECEE Graduate-Level Course Request Form: https://forms.gle/UpFTXq2EDgCNA7X78. This class will have its last meeting day on Friday, Dec. 4, 2026.*","Recommended: Prerequisite of ECEN 3810, Introduction to Probability Theory.*",CSEN-PhD: Depth; CSEN-MS: Elective; CSEN-MSCPS: Elective; NTEN-MSNE: Elective;  AINT-MSAI: Depth*,Not Available*,,,,,
CSCI-7100*,Topics in Computer Science Research*,Learn about and participate in innovative research in computer science through reading papers and working on research projects.Repeatable: Repeatable for up to 18.0 total credit hours. Allows multiple enrollment in term.*,3*,Use Search by Special Topics section for details*,Use Search by Special Topics section for details*,Use Search by Special Topics section for details*,Not Available*,,,,,
CSCI-7000*,Current Topics in Computer Science*,Covers research topics of current interest in computer science that do not fall into a standard subarea. *,1-4*,Use Search by Special Topics section for details*,Use Search by Special Topics section for details*,"Use Search by Special Topics section for details ; AINT-MSAI: Elective [3-4hr], Not Applicable [1-2hr]*",Not Available*,,,,,
CSCI-6502*,"Big Data Analytics: Systems, Algorithms, and Applications*","This course studies state-of-the-art practice and research on efficient and effective systems and algorithms design for managing and exploring massive amounts of digital data in various application domains. The course takes an integrated approach that studies all three aspects of big data analytics: systems, algorithms, and applications. Specifically, this course covers big data systems for MapReduce, NoSQL, stream processing, deep learning, mobile/wearable/IoT sensing, as well as practical use of indexing, sketching, recommendation, graph, and deep learning algorithms. Domain-specific data management and analysis, such as those in online social networks, scientific discovery, business intelligence, health informatics, urban computing, are also covered.*",3*,"(SP25) Student may be dropped from course for non-attendance. The waitlist for this class is automatically re-sequenced to allow first priority to CS PhD students and second priority to CS masters students. Until open enrollment date, registration is restricted to Computer Science graduate students only. Non-CS students can waitlist before that date.*",Restricted to graduate students only.*,"CSEN-PhD: Depth; CSEN-MS: Elective; CSEN-MSCPS: Elective, DSE Subplan; NTEN-MSNE: Elective ; AINT-MSAI: Elective*","MapReduce, NoSQL, stream processing, mobile/wearable/IoT sensing, indexing, sketching, recommendation, graph algorithms, deep learning platforms and algorithms, BDA applications.*",,,,,
CSCI-5673*,Distributed Systems*,"Examines systems that span multiple autonomous computers. Topics include system structuring techniques, scalability, heterogeneity, fault tolerance, load sharing, distributed file and information systems, naming, directory services, resource discovery, resource and network management, security, privacy, ethics and social issues. Equivalent - Duplicate Degree Credit Not Granted: ECEN 5673 *",3*,(SP26) None*,Restricted to graduate students only. Recommended: Prerequisite CSCI 5573 or a course in computer networks.*,"CSEN-PhD: Bin 3, Depth; CSEN-MS: Bin 3, Elective; CSEN-MSCPS: Bin 3, Elective, AIG Subplan, SSC Subplan; NTEN-MSNE: Elective ; AINT-MSAI: Depth*","logical clocks, vector clocks, clock synchronization, NTP, SNTP, XML RPC, gRPC, distributed consensus, atomic broadcast, group communication, Paxos, Raft, CAP theorem, GFS, Map Reduce, Hadoop, Spark, Storm, Chubby, BigTable, ZooKeeper, peer to peer, Bit Torrent, Darknet, Distributed Tables, Cassandra, Distributed Hash Tables, Haystack, Dynamo*",,,,,
CSCI-5722*,Computer Vision*,"Explores algorithms that can extract information about the world from images or sequences of images. Topics covered include: imaging models and camera calibration, early vision (filters, edges, texture, stereo, optical flow), mid-level vision (segmentation, tracking), vision-based control and object recognition. Equivalent - Duplicate Degree Credit Not Granted: CSCI 4722*",3*,"(FA26-001) This class will be taught synchronously as a remote section, which means classes will be held virtually during the days and times listed. The waitlist for this class is automatically re-sequenced to allow first priority to CS PhD students and second priority to CS masters students. Student may be dropped from course for non-attendance.  This class will have its last meeting day on Friday, Dec. 4. 2026. (FA26-002) Until open enrollment date, registration is restricted to ROBO graduate students only. Non-ROBO students can waitlist before that date. The waitlist for this class is automatically re-sequenced to allow first priority to ROBO students Student may be dropped from course for non-attendance. This class will have its last meeting day on Friday, Dec. 4, 2026.*","Restricted to graduate students only. Recommended: Prerequisite probability, multivariate calculus and linear algebra.*","CSEN-PhD: Bin 2, Elective; CSEN-MS: Bin 2, Elective; CSEN-MSCPS: Bin 2, Elective, AIG Subplan, DSE Subplan, RBT Subplan; NTEN-MSNE: Elective ; AINT-MSAI: Depth*","linear algebra, python or Matlab skills*",,,,,
CSCI-5113*,Linux System Administration*,"Introduces Linux system administration and related topics. Includes hardware and software installation, storage management, configuration of user accounts and system services, development of automation and monitoring tools, and the provisioning of common network services. This laboratory focused course will provide significant exposure to the network security concerns of Internet connected hosts. Students will build a network of Linux servers from the ground up, using provided computing resources, and must maintain and secure these servers themselves. Previously offered as a special topics course. Equivalent - Duplicate Degree Credit Not Granted: CYBR 5113 and CSCI 4113 CYBR 5030 and CSCI 5030 *",3*,"(FA26) Student may be dropped from course for non-attendance. The waitlist for this class is automatically re-sequenced to allow first priority to CS PhD students and second priority to CS masters students. Until open enrollment date, registration is restricted to Computer Science graduate students only. Non-CS students can waitlist before that date. *","Until open enrollment date, registration is restricted to Computer Science graduate students only. Non-CS students can waitlist before that date. The waitlist for this class is automatically re-sequenced to allow first priority to CS PhD students and second priority to CS masters students. Student may be dropped from course for non-attendance. Recommended prerequisite: CSCI 3753 (minimum grade B).*","CSEN-PhD: Depth; CSEN-MS: Elective; CSEN-MSCPS: Elective, SEC Subplan; NTEN-MSNE: Core, Elective. ; AINT-MSAI: Elective*","Demonstrate proficiency with the Linux/UNIX command line interface, DNS, Routing, Network Address Translation, & NTP. Demonstrate the ability to troubleshoot challenging technical problems typically encountered when operating and administering Linux/UNIX systems. Identify key performance metrics related to system performance, and routinely collect information on a Linux system to ensure that a given level of service is being met, and system resources are being utilized appropriately.  Apply configuration management techniques to track modifications made by system administrators over time, and identify discrepancies with system configuration. Formulate a backup strategy for a small network of Linux/UNIX Systems, and deploy it using tools such as dump & restore, rsync, rdiff-backup, or Bacula. Scripting, Linux Systems Administration, Development of custom security automation tooling*",,,,,
CYBR-5400*,Principles of Internet Policy*,"Engages in the critical strategic analysis and debate of controversial public policy issues raised by the Internet. Learn how to develop well-reasoned positions on the regulations applied to new Internet-based technologies and business models based on interdisciplinary frameworks that characterize the significant intersection of technology, economics, business, and public policy. Policy topics covered include Broadband as a Universal Service, Net Neutrality, Spectrum Management, Online Privacy, and Cybersecurity.*",3*,None available (FA24-FA26)*,None*,CSEN-PhD: Depth; CSEN-MS: Elective; CSEN-MSCPS: Elective; NTEN-MSNE: Elective ; AINT-MSAI: Elective*,Application of Interdisciplinary Policy Framework to evaluate existing public policy and propose new policies. Understanding how National Broadband Plans are used to address the Digital Divide. Internet interconnection and peering arrangements. Achieving open access to the Internet using Net Neutrality regulation Spectrum management tools to lower cost of Internet connectivity GDPR and FTC privacy policies to address impact of Internet tracking technologies on personal privacy. Different cybersecurity frameworks and policies supporting information security on the Internet*,,,,,
ATLS-5214*,Big Data Architecture*,"Provides students with a comprehensive survey of technologies used today in the collection, storage, processing, analytics and display of big data. Focuses on cultivating real world skills with students working on semester long projects to execute on a group project. Equivalent - Duplicate Degree Credit Not Granted: ATLS 4214, CSCI 5214, CSCI 4214.*",3*,"(SP26) ---PLEASE READ--- Through 1/2/2025, 40 seats are open only to DTSC Graduate students. On 1/2/2025, all enrollment is open to all majors. This class will have its last meeting day on Friday, April 24, 2026.*",Requisites: Restricted to graduate students only*,"CSEN-MSCPS: Bin 3, Elective, AIG Subplan, DSE Subplan; NTEN-MSNE: Elective.  NOTE - since CSCI 5214 and ATLS 5214 are cross-listed, ATLS 5214 does not count against non-CS course limit. However, to register in ATLS-5214, CS students must follow ATLS restrictions. ; AINT-MSAI: Depth*","Agile Planning and Project Execution; Product Management;Relational Databases (e.g. MySQL), NoSQL Databases, including Redis, MongoDB, Cassandra, BigTable, Dynamo, etc.; GIT/Github use; CICD and deployment tools such as Ansible, Pupper, Chef, etc.;Containers and Container orchestration with examples in Docker and Kubernetes; Map Reduce and Streaming frameworks such as Hadoop and Flink; Message Bus tools such as Kafka and Pulsar; Data Science including the use of Spark;Machine Learning including the use of TensorFlow; Search including frameworks such as ElasticSearch and Solr; RESTful service and API design;Data Visualization including the use of D3*",,,,,
CSCI-5050*,Professional Masters Project 2*,"Second class in a two-semester cycle. Focuses on applied best practice in all facets of software engineering in industry and the application of those practices. Students are part of a development team involved in a two-semester project. Each student has a specific role on the project, and all will be responsible for some level of actual software development. The second semester focuses on development, code construction, and delivery, using agile-based project management for development. Students work in both Scrum and Kanban agile project cycles. Testing, soft skills for teamwork, project management, and other supporting aspects will be driven throughout the semester. The outcome of the two-semester cycle is a final project delivery of a software product for an institutional or industrial partner and/or for entry into software development competitions.*",3*,"(SP26) Student may be dropped from course for non-attendance, Requires prerequisite course of CSCI 5040 (minimum grade of B).*",Restricted to CSEN-MSCPS graduate students only.*,CSEN-MS: Not Applicable;CSEN-PhD: Not Applicable; CSEN-MSCPS: Projects;NTEN-MSNE: Not Applicable ; AINT-MSAI: Not Applicable*,"Agile (Scrum Kanban) and Waterfall Software Project Management, Software Requirements, Software Architecture Design, Risk Management, Code Reviews, C#, DevOps, Software Test, Team Leadership*",,,,,
CSCI-5040*,Professional Masters Project 1*,"First class in a two semester cycle. Focuses on applied best practice in all facets of software engineering in industry and the application of those practices. Students are part of a development team involved in a two-semester project. Each student has a specific role on the project, and all will be responsible for some level of actual software development. The first semester focuses on design, requirements, and prototyping and is based on common waterfall project practices with gate reviews and project artifacts. Testing, soft skills for teamwork, project management, and other supporting aspects will be driven throughout the semester. The outcome of the two-semester cycle is a final project delivery of a software product for an institutional or industrial partner and/or for entry into software development competitions.*",3*,(FA26) This class is restricted to Professional MS in Computer Science students in their 2nd year. Refer to this website for more course eligibility information and registration instructions: https://www.colorado.edu/cs/professional-masters-computer-science-mscps-projects-requirement*,Restricted to CSEN-MSCPS graduate students only.*,CSEN-MS: Not Applicable;CSEN-PhD: Not Applicable; CSEN-MSCPS: Projects;NTEN-MSNE: Not Applicable ; AINT-MSAI: Not Applicable*,"Agile (Scrum Kanban) and Waterfall Software Project Management, Software requirements, Software Architecture Design, Risk Management, Code Reviews, C#, DevOps, Software Test, Team Leadership*",,,,,
